date,open,high,low,close,volume,adj_close
1999-11-01,131.5,133.1,130.6,130.8,4840900,55.9138333517936
1999-11-02,131.5,133.1,130.4,130.9,6417400,55.9565809308087
1999-11-03,132.8,134.3,132.4,133.5,9376300,57.0680179852022
1999-11-04,135.4,135.6,133.6,135.0,10024300,57.7092316704292
1999-11-05,137.8,138.4,136.4,136.4,7567300,58.307697776641
1999-11-08,136.9,139.6,136.4,139.1,5445400,59.4618824100496
1999-11-09,140.3,140.5,137.0,138.2,7314900,59.0771541989134
1999-11-10,138.3,141.2,137.6,140.0,8280500,59.8466106211858
1999-11-11,141.5,142.7,140.3,142.5,9250700,60.9153000965641
1999-11-12,143.3,144.5,138.8,144.4,14323300,61.7275040978517
1999-11-15,144.5,145.0,143.4,144.1,5454700,61.5992613608063
1999-11-16,144.6,148.4,144.0,147.8,9563200,63.1809217843662
1999-11-17,147.8,148.4,145.0,145.8,10841800,62.3259702040635
1999-11-18,146.8,150.2,145.9,150.2,8869200,64.2068636807294
1999-11-19,149.6,151.8,149.0,151.6,8969700,64.8053297869412
1999-11-22,151.9,155.0,149.3,149.3,9420900,63.8221354695932
1999-11-23,152.9,153.0,148.5,149.9,12023800,64.078620943684
1999-11-24,150.4,155.5,148.8,154.9,9308900,66.2159998944406
1999-11-26,156.8,157.6,154.8,155.4,4022600,66.4297377895163
1999-11-29,155.1,156.4,152.6,152.8,10242600,65.3183007351228
1999-11-30,153.1,153.4,147.5,148.0,11851200,63.2664169423964
1999-12-01,148.6,150.9,147.5,150.2,11602900,64.2068636807294
1999-12-02,150.8,155.3,150.7,155.0,8614600,66.2587474734557
1999-12-03,158.6,160.4,157.8,158.3,10722300,67.6694175809551
1999-12-06,158.9,161.0,157.4,159.7,8009200,68.267883687167
1999-12-07,160.2,160.8,157.7,159.7,11698500,68.267883687167
1999-12-08,159.7,161.0,157.4,157.8,9781500,67.4556796858794
1999-12-09,160.0,160.9,154.5,158.5,14222700,67.7549127389854
1999-12-10,159.8,160.4,156.3,159.8,10214200,68.3106312661821
1999-12-13,159.3,162.7,158.6,162.0,8104600,69.251078004515
1999-12-14,161.5,162.4,158.0,159.1,13880100,68.0113982130762
1999-12-15,157.3,162.1,155.9,162.1,15898600,69.2938255835302
1999-12-16,164.3,166.5,163.5,166.1,13609800,71.0037287441355
1999-12-17,169.0,169.75,166.86,167.56,11946200,71.6278433977564
1999-12-20,168.8,170.5,167.4,169.8,7696000,72.5853891676954
1999-12-21,170.3,178.9,169.3,178.9,13001900,76.4754188580725
1999-12-22,178.4,178.6,174.9,178.3,11156800,76.2189333839817
1999-12-23,179.7,181.5,178.0,180.4,8771800,77.1166325432994
1999-12-27,180.6,180.7,175.8,179.4,9640900,76.6891567531481
1999-12-28,179.5,181.0,177.1,178.3,7673200,76.2189333839817
1999-12-29,180.0,185.0,179.8,185.0,8256300,79.0830211779955
1999-12-30,187.3,187.5,183.0,183.0,10943500,78.2280695976929
1999-12-31,185.3,186.4,182.8,182.8,7232200,78.1425744396626
2000-01-03,192.38,192.38,181.5,189.5,18172600,81.0066622336765
2000-01-04,184.0,187.0,175.9,176.5,16893300,75.4494769617093
2000-01-05,175.0,178.3,168.5,176.6,21248300,75.4922245407244
2000-01-06,173.8,176.0,159.5,160.2,18567400,68.4816215822426
2000-01-07,165.9,180.0,165.0,180.0,14069100,76.9456422272389
2000-01-10,182.0,187.9,179.9,185.0,14837800,79.0830211779955
2000-01-11,183.5,185.8,175.3,176.8,16273300,75.5777196987547
2000-01-12,178.0,178.5,172.0,172.1,14525000,73.5685834850434
2000-01-13,177.0,183.0,174.2,182.5,12582600,78.0143317026172
2000-01-14,186.0,187.3,184.0,186.8,10949300,79.8524776002679
2000-01-18,184.1,188.9,182.9,187.8,8376200,80.2799533904193
2000-01-19,187.0,192.0,184.9,192.0,9503000,82.0753517090548
2000-01-20,191.0,193.8,188.0,190.1,12979000,81.2631477077673
2000-01-21,193.0,193.1,190.1,192.5,9349100,82.2890896041305
2000-01-24,194.9,195.3,181.9,183.3,14170200,78.3563123347383
2000-01-25,183.8,188.2,178.8,186.0,16638100,79.5104969681469
2000-01-26,186.5,186.6,178.0,178.5,11547800,76.3044285420119
2000-01-27,183.5,185.0,175.3,181.1,15369600,77.4158655964054
2000-01-28,180.0,180.9,169.5,172.0,17656900,73.5258359060283
2000-01-31,171.8,180.0,167.0,179.4,18007300,76.6891567531481
2000-02-01,179.1,185.0,176.9,184.2,13208800,78.7410405458745
2000-02-02,184.5,189.4,184.2,185.8,13084600,79.4250018101166
2000-02-03,188.6,193.3,184.6,193.0,15289900,82.5028274992062
2000-02-04,194.0,196.5,192.4,194.3,13320000,83.0585460264029
2000-02-07,194.5,197.3,192.5,197.0,8880500,84.2127306598115
2000-02-08,198.8,205.8,198.8,205.3,10999700,87.7607797180675
2000-02-09,204.1,204.4,197.5,198.0,13629100,84.6402064499628
2000-02-10,199.6,204.5,197.1,204.5,13170800,87.4187990859464
2000-02-11,204.1,204.1,196.0,199.8,12438000,85.4096628722352
2000-02-14,200.0,200.0,195.5,199.5,11407300,85.2814201351898
2000-02-15,197.9,201.3,191.8,200.9,15286400,85.8798862414016
2000-02-16,199.8,203.4,198.6,200.0,12655300,85.4951580302655
2000-02-17,202.4,206.5,199.3,204.3,15040100,87.3333039279162
2000-02-18,205.3,206.0,196.9,196.9,12635600,84.1699830807963
2000-02-22,198.0,199.9,192.5,197.5,18613100,84.4264685548871
2000-02-23,199.4,210.0,198.3,208.5,16085400,89.1287022465517
2000-02-24,209.8,213.6,204.0,213.0,24434100,91.0523433022327
2000-02-25,212.4,215.0,207.8,208.1,16308800,88.9577119304912
2000-02-28,206.5,211.4,201.0,208.0,19108100,88.9149643514761
2000-02-29,211.5,214.2,209.9,213.5,11989300,91.2660811973084
2000-03-01,214.5,217.1,213.0,215.3,12234200,92.0355376195808
2000-03-02,216.1,216.4,209.5,210.3,16369600,89.8981586688241
2000-03-03,216.0,222.3,214.0,222.1,16008600,94.9423729926098
2000-03-06,223.5,226.4,220.5,223.9,11634200,95.7118294148822
2000-03-07,227.6,227.8,217.5,220.5,19735500,94.2584117283677
2000-03-08,222.0,224.0,212.6,222.5,21756300,95.1133633086703
2000-03-09,222.4,231.0,218.2,230.0,15050700,98.3194317348053
2000-03-10,229.8,232.9,227.0,229.0,14875300,97.8919559446539
2000-03-13,220.0,228.3,219.1,223.0,18772100,95.327101203746
2000-03-14,225.5,226.8,210.0,214.8,19553400,91.8217997245051
2000-03-15,213.0,214.0,203.8,205.8,25601300,87.9745176131432
2000-03-16,210.8,218.5,202.0,217.5,27641100,92.9759843579137
2000-03-17,216.0,222.1,215.9,221.6,15711200,94.7286350975341
2000-03-20,111.0,111.5,106.3,107.7,10583600,92.0782851985959
2000-03-21,106.1,111.9,103.6,111.8,33435100,95.5835866778368
2000-03-22,113.5,116.0,111.1,114.0,24370200,97.4644801545026
2000-03-23,114.5,117.8,113.6,116.0,19227400,99.1743833151079
2000-03-24,117.48,120.5,115.02,117.56,22063000,100.50810778038
2000-03-27,118.0,119.5,117.1,117.8,11752600,100.713296159653
2000-03-28,117.0,117.8,113.1,114.8,18336300,98.1484414187447
2000-03-29,115.4,115.4,110.0,110.0,27189500,94.044673833292
2000-03-30,107.3,112.8,103.5,107.3,42328700,91.7363045664748
2000-03-31,108.1,110.6,104.0,109.5,31349900,93.6171980431407
2000-04-03,107.8,109.1,100.8,102.9,31551300,87.9745176131432
2000-04-04,103.6,103.9,88.31,101.9,66213000,87.1195660328405
2000-04-05,97.5,103.9,96.25,100.1,37631500,85.5806531882957
2000-04-06,102.4,103.9,99.75,102.5,30499900,87.6325369810221
2000-04-07,104.1,107.4,102.6,106.6,20645500,91.137838460263
2000-04-10,107.6,107.7,99.25,99.5,26988200,85.0676822401141
2000-04-11,97.13,101.5,95.06,97.75,34497100,83.5715169745845
2000-04-12,97.62,98.75,90.25,92.0,34824400,78.6555453878442
2000-04-13,92.81,96.0,88.0,88.0,46330500,75.2357390666336
2000-04-14,86.06,88.5,78.0,80.38,60851300,68.7210080247274
2000-04-17,78.02,90.0,78.0,89.63,55398500,76.6293101425269
2000-04-18,89.48,93.0,87.38,92.0,36260900,78.6555453878442
2000-04-19,92.5,93.63,89.06,89.06,28082500,76.1419877417544
2000-04-20,90.38,90.97,86.06,87.25,21255600,74.5945253814066
2000-04-24,83.44,85.25,79.88,84.75,31190900,72.45714643065
2000-04-25,86.5,90.5,86.0,90.47,28663200,77.3474694699812
2000-04-26,90.63,92.42,87.13,87.38,25688300,74.705669086846
2000-04-27,84.0,92.48,82.25,91.25,37010400,78.0143317026172
2000-04-28,93.56,94.75,92.13,94.75,24828400,81.0066622336765
2000-05-01,95.75,96.88,94.25,95.63,23205700,81.7590196243429
2000-05-02,94.88,95.63,89.75,90.13,20307900,77.0567859326783
2000-05-03,89.5,90.25,85.52,89.13,26589700,76.2018343523756
2000-05-04,89.0,90.75,87.63,89.31,17750700,76.3557256368301
2000-05-05,88.13,92.31,88.03,91.44,20571200,78.1767725028747
2000-05-08,90.5,90.75,87.75,87.88,13903000,75.1331448769973
2000-05-09,88.5,89.13,84.31,86.0,19825800,73.5258359060283
2000-05-10,84.38,84.98,79.5,79.75,34847500,68.1823885291367
2000-05-11,82.75,85.25,80.88,84.63,24709700,72.3545522410136
2000-05-12,85.38,87.56,84.0,84.63,17832000,72.3545522410136
2000-05-15,84.81,88.63,82.63,88.31,17950800,75.5007740565274
2000-05-16,90.0,91.5,88.06,90.81,23758800,77.6381530072841
2000-05-17,89.25,90.5,87.75,88.94,20339400,76.0393935521181
2000-05-18,89.0,89.36,85.38,85.75,19063000,73.3120980109526
2000-05-19,83.75,85.0,81.31,81.69,28178100,69.8409945949239
2000-05-22,81.63,82.25,75.58,81.63,43879800,69.7896975001057
2000-05-23,81.38,82.63,74.25,74.81,31898500,63.9589277224416
2000-05-24,75.0,79.88,72.25,79.5,49476000,67.968650634061
2000-05-25,80.25,82.25,76.5,77.75,29632700,66.4724853685314
2000-05-26,77.75,79.25,75.75,77.75,18203200,66.4724853685314
2000-05-30,80.0,85.94,80.0,85.56,31590400,73.1496572106951
2000-05-31,84.47,86.67,83.38,83.5,29675400,71.3884569552716
2000-06-01,85.19,88.38,84.0,87.38,28993500,74.705669086846
2000-06-02,92.63,93.94,82.5,93.63,31677200,80.0491164637375
2000-06-05,92.25,95.31,91.88,93.86,23784300,80.2457553272072
2000-06-06,93.19,95.0,90.88,91.25,23200500,78.0143317026172
2000-06-07,91.56,94.0,89.56,93.69,22524400,80.1004135585557
2000-06-08,94.63,94.88,91.63,93.25,19313800,79.7242348632225
2000-06-09,94.75,94.75,93.0,93.75,17014600,80.1517106533739
2000-06-12,94.31,94.31,90.0,90.75,16484700,77.5868559124659
2000-06-13,90.5,94.63,89.36,94.25,25187900,80.5791864435252
2000-06-14,94.88,94.88,91.5,92.13,20274500,78.7666890932836
2000-06-15,91.88,93.88,90.88,93.75,18807800,80.1517106533739
2000-06-16,94.75,95.31,93.06,94.25,21203400,80.5791864435252
2000-06-19,94.02,98.25,92.69,98.0,20042500,83.7852548696602
2000-06-20,98.25,99.69,97.19,97.63,20988300,83.4689227849482
2000-06-21,96.81,99.72,96.69,98.88,20880600,84.5376122603265
2000-06-22,98.63,99.0,94.5,95.25,21526700,81.4341380238278
2000-06-23,95.0,95.5,91.38,91.5,24888100,78.2280695976929
2000-06-26,93.06,94.42,92.0,94.0,22169200,80.3654485484495
2000-06-27,93.77,95.06,92.38,92.88,14786000,79.4079027785105
2000-06-28,92.98,95.5,92.5,94.0,19259800,80.3654485484495
2000-06-29,92.94,93.38,90.63,91.64,21355800,78.3477628189353
2000-06-30,91.81,93.95,91.31,93.44,15153100,79.88667566348
2000-07-03,93.5,95.25,93.25,95.25,5212000,81.4341380238278
2000-07-05,93.63,93.97,90.88,91.56,16489000,78.2793666925111
2000-07-06,91.56,94.75,90.06,94.0,23594700,80.3654485484495
2000-07-07,95.0,97.0,94.44,95.94,16603200,82.0240546142367
2000-07-10,94.69,95.88,94.0,94.48,12659400,80.7758253069948
2000-07-11,94.06,95.75,92.81,95.0,14374600,81.2204001287522
2000-07-12,95.44,97.75,94.63,97.25,18252600,83.1440411844332
2000-07-13,97.94,99.75,97.13,98.5,19566700,84.2127306598115
2000-07-14,100.3,101.1,98.81,100.6,17219400,86.008128978447
2000-07-17,100.9,102.1,99.88,101.8,13140500,87.0340708748102
2000-07-18,100.4,100.8,98.36,99.5,20684000,85.0676822401141
2000-07-19,98.31,98.94,95.66,97.25,21828500,83.1440411844332
2000-07-20,97.88,100.5,97.27,100.4,19521200,85.8371386623865
2000-07-21,98.44,99.52,97.0,97.0,14411400,82.9303032893575
2000-07-24,97.94,99.0,94.25,95.0,18579200,81.2204001287522
2000-07-25,95.63,97.0,93.81,95.75,19065700,81.8616138139792
2000-07-26,95.5,96.13,93.25,95.63,20318700,81.7590196243429
2000-07-27,93.94,95.06,91.56,91.88,26141800,78.5529511982079
2000-07-28,92.19,92.88,86.0,86.88,36485600,74.2781932966946
2000-07-31,87.63,90.13,85.72,89.44,27609900,76.4668693422694
2000-08-01,89.81,89.98,87.69,88.25,15751800,75.4494769617093
2000-08-02,87.88,90.39,86.5,86.69,23578200,74.1157524964371
2000-08-03,84.25,91.25,83.31,90.44,35874700,77.3218209225721
2000-08-04,92.0,92.77,89.13,90.13,22283400,77.0567859326783
2000-08-07,90.88,93.03,90.25,92.25,15103300,78.8692832829199
2000-08-08,92.06,94.25,91.5,94.13,14832300,80.4765922538889
2000-08-09,93.69,94.44,91.38,91.63,18649800,78.3392133031322
2000-08-10,91.81,92.23,89.5,89.81,15336200,76.7832014269814
2000-08-11,89.25,91.11,87.88,91.06,21050600,77.8518909023597
2000-08-14,91.38,93.0,90.2,93.0,12539300,79.5104969681469
2000-08-15,92.75,93.98,92.0,93.0,14090300,79.5104969681469
2000-08-16,93.44,94.69,92.0,93.94,15245300,80.3141514536314
2000-08-17,92.94,95.88,92.88,95.75,14492400,81.8616138139792
2000-08-18,95.94,96.63,94.69,95.25,14706700,81.4341380238278
2000-08-21,96.0,96.86,94.38,95.5,13560100,81.6478759189035
2000-08-22,96.0,97.36,95.27,95.5,14878200,81.6478759189035
2000-08-23,94.69,97.44,93.83,97.06,21396400,82.9816003841756
2000-08-24,97.44,98.69,96.06,98.56,13567700,84.2640277546296
2000-08-25,98.48,99.95,97.0,98.03,11764700,83.8109034170692
2000-08-28,98.25,99.84,97.94,98.5,12314200,84.2127306598115
2000-08-29,98.63,99.17,97.86,99.0,11162800,84.6402064499628
2000-08-30,98.31,99.5,97.77,98.88,10545300,84.5376122603265
2000-08-31,99.63,102.0,99.56,102.0,15588700,87.2050611908708
2000-09-01,103.0,103.5,101.2,102.6,14071900,87.7180321390524
2000-09-05,101.6,101.8,99.42,99.5,16348300,85.0676822401141
2000-09-06,99.25,99.48,95.5,96.0,20964900,82.0753517090548
2000-09-07,96.81,99.42,96.56,98.13,16669700,83.8963985750995
2000-09-08,97.77,98.0,94.77,95.13,23475200,81.3315438341915
2000-09-11,94.5,96.13,92.0,92.81,27262100,79.3480561678894
2000-09-12,93.5,94.69,90.84,91.38,24256000,78.1254754080566
2000-09-13,90.25,93.88,90.0,93.5,34093100,79.9379727582982
2000-09-14,95.25,95.94,92.64,93.0,28615300,79.5104969681469
2000-09-15,93.13,93.63,90.69,91.25,24994600,78.0143317026172
2000-09-18,91.81,93.0,88.0,89.88,29218500,76.8430480376026
2000-09-19,90.75,93.78,89.88,93.19,27568700,79.6729377684044
2000-09-20,93.38,95.23,91.31,94.63,33123200,80.9040680440402
2000-09-21,93.75,94.48,87.0,87.75,25031400,75.0220011715579
2000-09-22,87.63,93.25,87.5,92.94,33710100,79.4591998733287
2000-09-25,93.63,94.25,90.0,90.47,20560800,77.3474694699812
2000-09-26,90.77,92.5,88.92,89.44,26011200,76.4668693422694
2000-09-27,90.63,91.19,88.0,89.56,28482900,76.5694635319057
2000-09-28,88.72,93.0,88.72,91.56,29050000,78.2793666925111
2000-09-29,92.0,92.45,88.69,88.75,27198800,75.8769527518606
2000-10-02,90.25,90.25,86.0,86.75,24968200,74.1670495912553
2000-10-03,88.06,88.81,83.27,84.0,35731200,71.815932745423
2000-10-04,83.5,86.86,82.13,85.63,37672100,73.2095038213163
2000-10-05,85.25,87.19,84.56,85.88,23443100,73.423241716392
2000-10-06,85.56,86.56,81.25,83.0,36335800,70.9609811651203
2000-10-09,82.56,83.81,79.38,82.63,28834600,70.6446490804083
2000-10-10,81.81,83.31,77.88,78.31,35283200,66.9512582535009
2000-10-11,76.88,80.45,76.06,77.06,48462600,65.8825687781226
2000-10-12,79.25,79.56,74.41,75.13,53223600,64.2325122281384
2000-10-13,74.69,81.63,74.63,81.25,42410200,69.4648158995907
2000-10-16,81.13,82.31,79.75,82.0,27644900,70.1060295848177
2000-10-17,83.13,83.17,78.0,78.25,52101400,66.8999611586827
2000-10-18,76.75,81.19,74.56,78.0,64354400,66.6862232636071
2000-10-19,82.39,85.11,81.44,85.06,44278900,72.7221814205438
2000-10-20,84.5,87.88,84.39,86.31,40692200,73.7908708959221
2000-10-23,86.19,87.5,84.13,86.19,28989200,73.6882767062858
2000-10-24,86.44,87.0,82.38,82.5,31466200,70.533505374969
2000-10-25,81.25,82.0,76.89,77.88,48635400,66.5836290739707
2000-10-26,78.19,80.0,73.63,79.88,69991300,68.293532234576
2000-10-27,80.86,81.86,77.48,79.72,51046400,68.1567399817276
2000-10-30,78.19,79.88,75.7,76.77,35496700,65.6346328198348
2000-10-31,78.0,82.56,77.88,81.7,43863800,69.8495441107269
2000-11-01,80.31,82.81,79.19,81.0,45186400,69.251078004515
2000-11-02,82.19,83.25,81.06,82.0,26594300,70.1060295848177
2000-11-03,82.88,83.94,81.64,83.06,29837100,71.0122782599385
2000-11-06,83.63,84.13,82.0,82.44,23485800,70.4822082801508
2000-11-07,81.44,82.47,80.25,82.13,24334400,70.217173290257
2000-11-08,82.13,82.25,75.63,75.7,40338200,64.719834628911
2000-11-09,74.75,76.94,73.0,75.69,64955900,64.7112851131079
2000-11-10,74.25,75.69,71.75,71.75,49235500,61.3427758867155
2000-11-13,70.95,74.19,68.27,71.86,75023400,61.4368205605488
2000-11-14,73.0,76.0,72.75,75.84,44829500,64.8395278501533
2000-11-15,75.56,78.06,74.8,77.38,37760900,66.1561532838194
2000-11-16,75.38,77.0,72.88,72.88,33898700,62.3088711724575
2000-11-17,73.19,75.19,71.0,72.83,49913800,62.2661235934423
2000-11-20,70.94,72.06,69.25,69.86,46862300,59.7269173999434
2000-11-21,70.19,71.13,68.44,69.75,42128600,59.6328727261102
2000-11-22,68.44,70.13,66.5,66.63,56623700,56.9654237955659
2000-11-24,68.38,70.63,68.17,70.44,19987900,60.222789316519
2000-11-27,72.56,72.94,68.75,69.56,35416600,59.4704319258527
2000-11-28,68.94,69.94,65.31,65.45,48812700,55.9565809308087
2000-11-29,65.81,66.75,62.5,62.94,66189300,53.8106524642491
2000-11-30,61.75,64.25,60.5,62.98,74792600,53.8448505274612
2000-12-01,64.06,66.77,62.13,64.0,57112500,54.7169011393699
2000-12-04,64.13,65.36,61.75,65.0,49106300,55.5718527196725
2000-12-05,66.06,71.0,65.5,70.69,76531800,60.4365272115947
2000-12-06,70.59,72.3,67.75,68.0,63352100,58.1367074605805
2000-12-07,67.0,68.98,65.5,66.5,41481100,56.8542800901265
2000-12-08,71.09,73.5,67.63,68.0,65856900,58.1367074605805
2000-12-11,72.06,74.78,70.95,74.38,51829800,63.5912985429114
2000-12-12,73.5,73.88,71.31,71.66,31054500,61.2658302444882
2000-12-13,73.44,73.5,68.31,68.73,51661600,58.7608221142015
2000-12-14,68.52,69.69,65.25,65.38,41562700,55.8967343201876
2000-12-15,64.25,65.63,62.56,63.88,59026100,54.6143069497336
2000-12-18,65.16,65.97,62.56,64.0,42950000,54.7169011393699
2000-12-19,63.45,65.86,58.75,59.13,80489200,50.553286943296
2000-12-20,57.31,58.38,54.75,55.73,81432100,47.6464515702669
2000-12-21,55.02,58.75,54.25,56.06,85875600,47.9285855917668
2000-12-22,57.63,60.75,57.5,60.5,57240000,51.7245706083106
2000-12-26,60.59,61.92,58.0,60.88,37082800,52.0494522088256
2000-12-27,59.69,61.56,58.94,61.56,33955500,52.6308192834314
2000-12-28,60.78,62.48,60.25,61.44,30996900,52.5282250937951
2000-12-29,61.56,62.23,58.0,58.38,49191000,49.912073258069
2001-01-02,58.56,58.69,52.44,53.44,62514100,45.6886124513739
2001-01-03,52.19,65.25,52.16,62.44,118175700,53.3831766740977
2001-01-04,61.63,63.63,60.23,61.31,58465400,52.4170813883558
2001-01-05,61.31,61.31,56.0,56.63,68782000,48.4159079925393
2001-01-08,56.31,57.5,53.52,57.25,55576500,48.945977972327
2001-01-09,57.75,59.13,56.63,57.25,53318900,48.945977972327
2001-01-10,56.13,60.38,55.75,60.19,74258300,51.4595356184168
2001-01-11,59.27,63.69,59.19,61.94,65451700,52.9557008839464
2001-01-12,62.75,64.63,61.5,62.73,60793900,53.6311126323855
2001-01-16,62.56,62.92,60.56,61.98,32203300,52.9898989471585
2001-01-17,64.5,65.61,63.14,63.88,61388800,54.6143069497336
2001-01-18,64.13,66.75,62.69,66.56,54934700,56.9055771849447
2001-01-19,68.14,68.31,65.56,66.31,56292500,56.691839289869
2001-01-22,65.88,67.0,64.75,66.38,35777100,56.7516859004902
2001-01-23,65.91,68.41,65.31,67.77,49859500,57.9400685971109
2001-01-24,68.06,69.13,66.75,67.13,53905400,57.3928995857172
2001-01-25,66.88,67.67,64.39,64.5,57151900,55.1443769295212
2001-01-26,63.56,65.94,63.0,65.55,45681400,56.042076088839
2001-01-29,64.75,67.25,64.25,67.0,31514100,57.2817558802779
2001-01-30,67.15,67.74,66.0,66.75,42439300,57.0680179852022
2001-01-31,67.25,67.99,64.3,64.3,59322200,54.9733866134607
2001-02-01,64.55,65.61,63.6,65.15,45142600,55.700095456718
2001-02-02,64.94,65.3,60.0,61.55,47471000,52.6222697676284
2001-02-05,61.19,61.9,60.12,61.5,36016300,52.5795221886133
2001-02-06,61.49,63.12,61.16,61.6,42417700,52.6650173466435
2001-02-07,60.51,61.2,58.58,60.6,61972200,51.8100657663409
2001-02-08,60.9,61.5,58.58,58.79,48269500,50.2626034059931
2001-02-09,58.25,58.6,56.0,56.4,55385200,48.2192691290697
2001-02-12,56.25,57.94,55.62,57.08,50540400,48.8006362036755
2001-02-13,57.65,59.18,54.98,55.25,58914000,47.2360748117217
2001-02-14,55.4,57.75,54.12,57.45,63048200,49.1169682883875
2001-02-15,58.8,60.49,58.3,58.4,67801300,49.929172289675
2001-02-16,55.96,56.87,54.53,55.13,66779700,47.1334806220854
2001-02-20,55.74,55.84,52.3,52.99,55298400,45.3038842402377
2001-02-21,51.55,54.07,50.92,51.5,72349000,44.0300063855867
2001-02-22,51.45,52.16,48.89,51.0,103855500,43.6025305954354
2001-02-23,50.09,51.6,48.23,51.18,93337900,43.7564218798899
2001-02-26,52.08,52.6,50.25,52.15,78342700,44.5857249127834
2001-02-27,51.54,52.08,48.9,49.0,66741700,41.8926274348301
2001-02-28,49.45,50.21,46.86,47.45,102187900,40.567452485361
2001-03-01,46.97,49.2,45.75,48.8,101773000,41.7216371187695
2001-03-02,47.2,49.63,45.65,46.7,95927100,39.926238800134
2001-03-05,47.5,48.36,47.09,47.55,43888400,40.6529476433912
2001-03-06,49.3,50.66,49.1,49.4,60828600,42.2346080669511
2001-03-07,50.4,50.43,48.97,49.42,55215500,42.2517070985572
2001-03-08,49.35,49.81,48.1,48.5,48965200,41.4651516446787
2001-03-09,47.25,47.37,44.95,45.1,79990900,38.5583162716497
2001-03-12,44.0,44.95,41.8,42.3,80674000,36.1644518468023
2001-03-13,42.78,44.74,42.13,44.45,80024400,38.002597744453
2001-03-14,42.7,45.19,42.31,43.75,97190000,37.4041316382411
2001-03-15,45.2,45.31,42.05,42.15,74135500,36.0362091097569
2001-03-16,41.88,42.8,40.56,41.2,77784500,35.2240051084694
2001-03-19,41.44,43.26,40.75,43.26,53248200,36.9852053638928
2001-03-20,43.55,43.81,40.2,40.35,104796200,34.4972962652121
2001-03-21,40.52,41.8,39.71,40.35,96200700,34.4972962652121
2001-03-22,40.63,42.8,39.49,42.8,130208100,36.5919276369536
2001-03-23,43.7,43.83,41.5,42.8,95277500,36.5919276369536
2001-03-26,43.4,43.5,41.55,41.81,57666200,35.745525572454
2001-03-27,41.9,43.72,41.42,43.25,69945300,36.9766558480898
2001-03-28,41.9,42.2,39.68,39.7,77863500,33.9415777380154
2001-03-29,39.38,40.61,38.4,38.95,79654700,33.3003640527884
2001-03-30,39.3,39.98,38.0,39.15,63661300,33.4713543688489
2001-04-02,39.17,39.85,37.3,37.4,69713600,31.9751891033193
2001-04-03,37.2,37.75,34.62,34.66,89015700,29.63262177329
2001-04-04,34.74,35.81,33.6,34.05,76473900,29.1111013093054
2001-04-05,36.15,37.96,35.71,37.31,87035800,31.898243461092
2001-04-06,36.9,37.1,35.5,36.3,86123600,31.0347423649864
2001-04-09,36.79,37.39,35.85,37.05,51638700,31.6759560502134
2001-04-10,37.9,40.46,37.78,39.8,94265100,34.0270728960457
2001-04-11,42.2,42.5,40.45,41.0,92829500,35.0530147924088
2001-04-12,40.3,42.8,40.0,42.8,79531500,36.5919276369536
2001-04-16,41.95,42.43,40.06,40.25,65229800,34.4118011071818
2001-04-17,39.95,42.7,39.9,41.25,94694300,35.2667526874845
2001-04-18,43.94,51.0,43.2,45.55,128891400,38.9430444827859
2001-04-19,46.1,48.75,45.58,48.3,110467600,41.2941613286182
2001-04-20,48.05,49.44,43.05,48.4,80598100,41.3796564866485
2001-04-23,46.85,47.72,44.89,45.15,79317600,38.6010638506649
2001-04-24,45.1,46.42,43.75,44.3,88888300,37.8743550074076
2001-04-25,43.9,45.58,43.1,45.1,68418400,38.5583162716497
2001-04-26,45.95,46.25,43.87,43.95,71110200,37.5751219543017
2001-04-27,45.15,45.47,44.24,45.15,55580000,38.6010638506649
2001-04-30,46.25,47.57,45.3,46.15,73859100,39.4560154309675
2001-05-01,46.2,48.08,45.4,48.05,54498300,41.0804234335425
2001-05-02,48.8,49.4,47.5,48.98,77566500,41.875528403224
2001-05-03,47.7,47.9,46.2,46.8,67124900,40.0117339581642
2001-05-04,45.3,48.2,45.11,48.2,72673400,41.208666170588
2001-05-07,47.95,48.6,47.1,47.2,45561600,40.3537145902853
2001-05-08,48.3,48.35,46.99,48.2,56970700,41.208666170588
2001-05-09,46.95,47.95,46.44,46.55,60984600,39.7979960630886
2001-05-10,47.92,48.05,45.72,45.77,61130300,39.1311338304525
2001-05-11,45.84,46.42,45.09,45.55,48760400,38.9430444827859
2001-05-14,45.3,45.36,44.11,44.82,43108000,38.318929829165
2001-05-15,44.9,46.3,44.58,45.15,69007600,38.6010638506649
2001-05-16,44.31,47.52,44.06,47.15,80110500,40.3109670112702
2001-05-17,47.45,48.79,47.26,47.9,73810700,40.9521806964972
2001-05-18,47.64,48.38,47.09,48.04,41095100,41.0718739177395
2001-05-21,48.17,51.15,47.65,51.05,85426900,43.6452781744505
2001-05-22,51.31,51.95,50.18,50.9,77233900,43.5170354374051
2001-05-23,50.45,50.45,48.64,48.65,65618000,41.5933943817241
2001-05-24,48.97,49.99,48.27,49.9,61792500,42.6620838571025
2001-05-25,49.96,50.02,48.02,48.99,36191100,41.884077919027
2001-05-29,48.5,48.5,46.1,46.12,66609600,39.4303668835584
2001-05-30,45.4,45.85,44.08,44.43,81397400,37.9854987128469
2001-05-31,44.56,45.85,44.3,44.73,68018300,38.2419841869377
2001-06-01,45.55,46.23,44.33,46.05,61874300,39.3705202729372
2001-06-04,46.29,46.9,45.29,45.83,41696000,39.1824309252707
2001-06-05,46.3,48.36,40.15,47.85,68146400,40.909433117482
2001-06-06,48.1,48.89,47.07,47.48,61169500,40.59310103277
2001-06-07,47.14,49.49,47.08,48.7,65400200,41.6361419607393
2001-06-08,48.7,48.77,46.95,47.35,56391400,40.4819573273307
2001-06-11,46.9,48.47,45.49,46.05,48809400,39.3705202729372
2001-06-12,44.85,46.8,44.23,45.8,78450500,39.1567823778616
2001-06-13,46.27,46.75,44.52,44.55,68535400,38.0880929024833
2001-06-14,44.0,44.4,42.0,42.25,91050300,36.1217042677872
2001-06-15,41.8,43.1,41.28,42.6,84589400,36.4209373208931
2001-06-18,42.65,43.17,41.4,42.03,63539100,35.9336149201206
2001-06-19,43.35,43.56,41.26,41.82,73386900,35.754075088257
2001-06-20,41.28,42.97,41.28,42.77,83588600,36.5662790895445
2001-06-21,42.67,44.23,42.3,43.35,67212600,37.0621510061201
2001-06-22,43.62,44.2,42.59,43.25,51870400,36.9766558480898
2001-06-25,43.65,43.8,42.65,43.36,39212100,37.0707005219231
2001-06-26,42.5,43.89,42.48,43.51,55155100,37.1989432589685
2001-06-27,43.68,44.15,43.0,43.79,53289400,37.4383297014532
2001-06-28,44.5,46.36,44.35,44.35,89963700,37.9171025864227
2001-06-29,45.09,46.52,44.7,45.7,59719600,39.0712872198313
2001-07-02,45.7,46.48,45.19,45.45,50884300,38.8575493247557
2001-07-03,45.25,45.69,44.8,45.64,24758400,39.0199901250132
2001-07-05,44.89,45.19,43.45,43.45,44409800,37.1476461641503
2001-07-06,43.0,43.11,41.49,41.65,53434800,35.6087333196056
2001-07-09,41.9,42.69,41.5,42.01,45547500,35.9165158885145
2001-07-10,42.79,42.88,40.4,40.5,58620000,34.6255390022575
2001-07-11,40.4,41.1,39.87,41.0,77840200,35.0530147924088
2001-07-12,42.65,43.83,42.3,43.6,70363300,37.2758889011957
2001-07-13,43.38,44.43,42.9,43.15,62474200,36.8911606900595
2001-07-16,43.37,43.86,41.9,42.35,53390800,36.2071994258174
2001-07-17,41.83,43.4,41.54,43.3,59813000,37.0194034271049
2001-07-18,42.25,42.85,41.14,41.65,64797200,35.6087333196056
2001-07-19,42.45,43.35,41.75,42.64,76590200,36.4551353841052
2001-07-20,41.49,42.14,41.36,41.65,49012800,35.6087333196056
2001-07-23,42.28,42.4,40.55,40.61,55329400,34.7195836760908
2001-07-24,40.38,40.9,39.31,40.15,70422900,34.3263059491516
2001-07-25,40.14,40.72,39.4,40.5,68859600,34.6255390022575
2001-07-26,40.45,41.89,39.98,41.1,69199300,35.1385099504391
2001-07-27,41.65,42.26,40.9,41.95,47452900,35.8652187936964
2001-07-30,42.15,42.3,41.4,41.7,39459400,35.6514808986207
2001-07-31,41.84,42.78,41.5,41.76,55732500,35.7027779934389
2001-08-01,42.7,43.5,42.41,43.1,53864800,36.8484131110444
2001-08-02,43.8,44.0,42.82,43.91,53187300,37.5409238910896
2001-08-03,43.52,43.53,42.56,43.18,51513700,36.9168092374686
2001-08-06,42.53,42.85,42.35,42.5,31105700,36.3354421628628
2001-08-07,42.22,42.82,41.94,42.28,38407500,36.1473528151962
2001-08-08,41.85,42.65,40.3,40.5,76045200,34.6255390022575
2001-08-09,40.45,40.88,39.98,40.67,66861400,34.770880770909
2001-08-10,40.43,40.75,39.23,40.28,68491900,34.4374496545909
2001-08-13,40.59,41.34,40.2,41.1,48425700,35.1385099504391
2001-08-14,41.49,41.7,40.54,40.6,51267600,34.7110341602878
2001-08-15,40.62,40.93,39.07,39.1,58935300,33.4286067898338
2001-08-16,38.65,39.59,38.04,39.56,68227300,33.821884516773
2001-08-17,38.4,38.8,37.71,37.76,56649300,32.2829716722282
2001-08-20,37.85,38.65,37.52,38.28,49921300,32.7275464939856
2001-08-21,38.3,38.65,36.65,36.69,56445600,31.3681734813044
2001-08-22,37.45,37.84,36.54,37.69,65221400,32.223125061607
2001-08-23,37.68,38.46,37.3,37.32,54711800,31.9067929768951
2001-08-24,37.86,39.39,37.75,39.3,58450600,33.5995971058943
2001-08-27,39.3,39.9,38.83,39.35,50927500,33.6423446849095
2001-08-28,39.34,39.44,38.01,38.12,65275500,32.5907542411372
2001-08-29,38.37,38.45,37.13,37.56,59060500,32.1119813561677
2001-08-30,36.75,37.31,35.75,36.17,76105800,30.923598659547
2001-08-31,36.04,37.03,35.94,36.17,54309000,30.923598659547
2001-09-04,36.45,37.5,35.35,35.47,74073600,30.3251325533352
2001-09-05,35.49,35.91,34.15,35.33,95461200,30.2054393320928
2001-09-06,34.74,35.52,33.78,33.9,88701800,28.98285857226
2001-09-07,33.58,35.1,33.35,33.7,95528800,28.8118682561995
2001-09-10,33.49,34.32,33.34,34.1,80371300,29.1538488883205
2001-09-17,31.25,32.8,31.09,31.2,97700900,26.6744893054428
2001-09-18,31.53,32.5,30.37,30.5,66285300,26.076023199231
2001-09-19,31.0,31.0,28.26,29.97,116632800,25.6228988616706
2001-09-20,30.09,30.09,28.8,28.97,90840200,24.7679472813679
2001-09-21,28.97,28.97,27.2,28.19,112341900,24.1010850487318
2001-09-24,29.08,30.0,28.59,29.61,85696500,25.3151162927616
2001-09-25,29.71,30.43,28.95,29.7,83860600,25.3920619349888
2001-09-26,29.95,30.0,28.41,28.67,59759800,24.5114618072771
2001-09-27,28.4,28.79,27.42,28.48,70050700,24.3490210070196
2001-09-28,28.84,29.92,28.31,28.98,84810800,24.7764967971709
2001-10-01,28.85,28.98,27.85,28.73,53460800,24.5627589020953
2001-10-02,28.65,29.41,28.4,28.82,74133400,24.6397045443225
2001-10-03,31.61,31.61,28.33,31.0,136198600,26.5034989893823
2001-10-04,33.2,33.2,30.94,31.3,127371500,26.7599844634731
2001-10-05,31.9,31.9,30.26,31.76,96443400,27.1532621904123
2001-10-08,32.35,32.35,30.96,31.86,67789600,27.2387573484426
2001-10-09,32.02,32.02,30.87,31.09,57564800,26.5804446316095
2001-10-10,30.85,32.54,30.75,32.5,73840600,27.7859263598363
2001-10-11,33.2,35.25,33.14,34.7,117232200,29.6668198365021
2001-10-12,34.22,34.8,33.14,34.55,111901600,29.5385770994567
2001-10-15,34.12,34.55,33.66,34.4,78322000,29.4103343624113
2001-10-16,34.67,35.1,34.07,34.96,81346800,29.8891072473808
2001-10-17,35.87,36.0,32.3,32.45,141530300,27.7431787808211
2001-10-18,32.7,33.54,32.4,33.33,94448200,28.4955361714875
2001-10-19,32.81,33.75,32.0,33.55,73434200,28.6836255191541
2001-10-22,33.37,34.5,33.22,34.45,74104900,29.4530819414265
2001-10-23,34.83,35.4,34.0,34.63,104062200,29.6069732258809
2001-10-24,35.68,35.68,34.32,35.38,90171400,30.2481869111079
2001-10-25,34.71,36.82,34.23,36.8,118551900,31.4622181551377
2001-10-26,36.5,37.06,36.01,36.01,93823900,30.7868064066986
2001-10-29,36.0,36.16,34.04,34.04,92146800,29.1025517935024
2001-10-30,34.09,34.09,32.84,33.38,96092200,28.5382837505026
2001-10-31,34.08,34.96,33.68,33.9,106175500,28.98285857226
2001-11-01,34.44,35.56,33.78,35.34,92716000,30.2139888478958
2001-11-02,35.3,35.85,34.89,35.6,64917700,30.4362762587745
2001-11-05,36.25,37.16,36.16,36.76,64473000,31.4280200919256
2001-11-06,36.57,38.2,36.39,38.19,107214900,32.6506008517584
2001-11-07,38.84,38.84,37.5,38.14,92562100,32.6078532727432
2001-11-08,38.55,39.4,37.25,37.75,105916300,32.2744221564252
2001-11-09,37.54,38.08,37.12,37.73,74121900,32.2573231248192
2001-11-12,36.8,38.35,36.3,38.0,112994400,32.4881600515009
2001-11-13,39.03,39.5,38.63,39.36,97931800,33.6508942007125
2001-11-14,39.98,40.24,38.74,39.64,88660100,33.8902806431972
2001-11-15,39.16,40.11,38.95,39.48,86349700,33.7534883903488
2001-11-16,39.48,39.68,38.92,39.37,64035500,33.6594437165155
2001-11-19,39.79,40.49,39.49,40.49,69196300,34.6169894864545
2001-11-20,40.08,40.23,38.48,38.62,85176500,33.0182300312885
2001-11-21,38.95,38.95,37.98,38.64,60867900,33.0353290628946
2001-11-23,39.43,39.43,38.57,39.28,27046000,33.5824980742883
2001-11-26,39.53,40.36,39.01,40.25,75267500,34.4118011071818
2001-11-27,40.05,40.97,39.2,40.2,100289700,34.3690535281667
2001-11-28,40.37,40.37,38.69,38.75,101568200,33.1293737367279
2001-11-29,39.04,40.0,36.74,39.95,83774700,34.155315633091
2001-11-30,39.73,40.04,39.36,39.65,66018200,33.8988301590003
2001-12-03,39.6,39.6,38.87,38.97,60449800,33.3174630843944
2001-12-04,39.34,40.84,38.44,40.83,79378700,34.9076730237574
2001-12-05,41.23,43.15,41.12,42.85,115773700,36.6346752159687
2001-12-06,43.24,43.24,42.36,42.91,77702100,36.6859723107869
2001-12-07,42.6,42.6,41.14,41.73,81632600,35.6771294460298
2001-12-10,41.3,42.23,40.88,41.0,69088000,35.0530147924088
2001-12-11,41.46,42.26,41.13,41.23,66056500,35.2496536558784
2001-12-12,41.52,41.94,40.6,41.56,76093400,35.5317876773783
2001-12-13,40.71,41.0,39.76,39.76,79582600,33.9928748328335
2001-12-14,39.87,40.46,39.57,40.11,70006300,34.2921078859395
2001-12-17,40.02,41.24,40.02,40.8,62295500,34.8820244763483
2001-12-18,41.16,41.5,40.16,41.26,50850400,35.2753022032875
2001-12-19,40.5,41.32,40.32,40.51,79596200,34.6340885180605
2001-12-20,40.12,40.3,38.68,38.79,83048800,33.16357179994
2001-12-21,39.45,39.71,39.15,39.48,56205000,33.7534883903488
2001-12-24,39.54,39.63,39.15,39.32,13660400,33.6166961375004
2001-12-26,39.37,40.3,39.16,39.69,37672900,33.9330282222124
2001-12-27,40.2,40.2,39.6,40.01,34255200,34.2066127279092
2001-12-28,40.29,40.8,40.23,40.33,38240400,34.4801972336061
2001-12-31,40.31,40.45,38.91,38.91,46176900,33.2661659895763
2002-01-02,39.56,40.15,38.93,40.11,61708800,34.2921078859395
2002-01-03,40.31,41.55,40.26,41.5,85769100,35.4804905825602
2002-01-04,42.29,42.29,40.93,41.67,86876900,35.6258323512116
2002-01-07,42.11,42.22,40.11,41.21,75166200,35.2325546242724
2002-01-08,41.1,41.77,40.84,41.49,66956800,35.4719410667571
2002-01-09,42.0,42.6,40.9,41.11,85123000,35.1470594662421
2002-01-10,41.17,41.54,40.68,41.38,75548000,35.3778963929239
2002-01-11,41.31,41.6,40.47,40.85,60832900,34.9247720553634
2002-01-14,40.47,40.68,39.7,39.96,71310700,34.1638651488941
2002-01-15,40.04,40.75,39.56,40.34,66916100,34.4887467494091
2002-01-16,39.54,39.94,38.77,38.78,90942000,33.1550222841369
2002-01-17,39.48,39.98,39.01,39.65,75285900,33.8988301590003
2002-01-18,38.83,39.45,38.22,38.59,81985600,32.9925814838794
2002-01-22,39.0,39.02,37.33,37.4,81773800,31.9751891033193
2002-01-23,38.69,38.69,37.35,38.43,74968800,32.855789231031
2002-01-24,38.94,39.51,38.35,38.94,77251200,33.2918145369854
2002-01-25,38.47,39.15,38.36,38.83,58832100,33.1977698631521
2002-01-28,39.39,39.39,38.42,39.05,47795900,33.3858592108187
2002-01-29,39.13,39.41,37.52,37.98,83339800,32.4710610198948
2002-01-30,38.0,38.85,36.85,38.27,101385500,32.7189969781826
2002-01-31,38.6,38.75,38.02,38.51,69655500,32.9241853574552
2002-02-01,38.88,38.88,37.7,38.14,61207100,32.6078532727432
2002-02-04,37.96,38.07,36.61,36.92,82763300,31.564812344774
2002-02-05,36.59,37.33,36.19,36.31,86853800,31.0432918807894
2002-02-06,36.84,36.89,35.7,36.06,98507600,30.8295539857137
2002-02-07,36.0,36.55,35.0,35.19,97725900,30.0857461108504
2002-02-08,35.46,36.24,34.97,36.17,80483100,30.923598659547
2002-02-11,36.14,39.17,35.25,36.63,57641200,31.3168763864862
2002-02-12,36.27,36.98,36.04,36.33,51477700,31.0603909123954
2002-02-13,36.72,37.15,36.61,36.95,60984700,31.5904608921831
2002-02-14,37.15,37.57,36.0,36.88,77482300,31.5306142815619
2002-02-15,36.91,36.91,35.64,35.78,79719900,30.590167543229
2002-02-19,35.38,35.46,34.0,34.68,72437200,29.6497208048961
2002-02-20,35.17,35.17,33.93,35.15,106552700,30.0515480476383
2002-02-21,34.79,34.95,33.48,33.48,109307800,28.6237789085329
2002-02-22,33.65,34.2,33.09,33.65,99824200,28.7691206771843
2002-02-25,34.01,35.25,33.96,35.01,88994700,29.9318548263959
2002-02-26,35.23,35.43,34.37,34.88,94683300,29.8207111209566
2002-02-27,35.4,35.51,34.06,34.4,95159300,29.4103343624113
2002-02-28,34.51,34.97,33.75,33.78,95711200,28.8802643826237
2002-03-01,34.15,35.75,34.09,35.74,86081600,30.5559694800169
2002-03-04,35.75,37.23,32.74,37.15,105734600,31.7614512082436
2002-03-05,36.94,37.87,36.81,37.42,91452600,31.9922881349253
2002-03-06,37.05,37.95,36.6,37.6,86943400,32.1461794193798
2002-03-07,38.18,38.33,37.01,37.68,85496000,32.214575545804
2002-03-08,38.29,39.03,38.13,38.67,84443700,33.0609776103037
2002-03-11,38.35,39.19,38.06,38.53,71035200,32.9412843890613
2002-03-12,38.0,38.0,37.32,38.0,82652100,32.4881600515009
2002-03-13,37.41,37.66,36.0,37.08,71376200,31.7016045976224
2002-03-14,37.4,37.4,36.72,36.86,70700500,31.5135152499558
2002-03-15,36.9,37.33,36.6,37.23,63966500,31.8298473346678
2002-03-18,37.64,37.94,37.05,37.44,78938300,32.0093871665314
2002-03-19,37.6,37.88,37.22,37.38,58947600,31.9580900717132
2002-03-20,36.88,37.08,36.04,36.06,61816500,30.8295539857137
2002-03-21,37.14,37.14,35.9,37.02,89198800,31.6503075028043
2002-03-22,36.94,37.14,36.47,36.68,58930100,31.3596239655014
2002-03-25,36.69,36.9,35.52,35.56,87421900,30.4020781955624
2002-03-26,35.43,36.42,35.4,35.89,92457500,30.6842122170623
2002-03-27,36.0,36.0,35.4,35.61,64531800,30.4448257745775
2002-03-28,36.02,36.37,35.9,36.06,59539400,30.8295539857137
2002-04-01,36.9,36.9,35.3,36.75,70730500,31.4194705761226
2002-04-02,35.99,36.15,35.0,35.09,77759800,30.0002509528202
2002-04-03,35.3,35.45,34.3,35.03,85766400,29.948953858002
2002-04-04,34.51,35.16,34.28,34.76,90521500,29.7181169313203
2002-04-05,35.01,35.18,34.18,34.37,68426000,29.3846858150022
2002-04-08,33.48,34.8,33.43,34.8,74950700,29.7523149945324
2002-04-09,34.78,34.98,33.5,33.59,80910200,28.7178235823662
2002-04-10,33.76,34.25,33.13,33.84,85748700,28.9315614774418
2002-04-11,33.66,33.85,32.89,33.0,90665600,28.2134021499876
2002-04-12,33.33,33.8,32.95,33.52,78360100,28.657976971745
2002-04-15,33.8,33.96,33.2,33.79,69306800,28.8888138984267
2002-04-16,34.43,35.22,34.42,35.2,72064700,30.0942956266534
2002-04-17,35.4,35.5,34.45,35.02,69130100,29.940404342199
2002-04-18,34.79,35.15,34.0,34.35,91086100,29.3675867833962
2002-04-19,35.05,35.06,34.38,34.46,62286800,29.4616314572295
2002-04-22,34.01,34.01,33.25,33.59,64625600,28.7178235823662
2002-04-23,33.59,33.94,32.7,33.01,73070300,28.2219516657906
2002-04-24,33.21,33.31,32.2,32.5,68953900,27.7859263598363
2002-04-25,32.3,32.73,32.0,32.42,103073700,27.7175302334121
2002-04-26,32.66,32.78,31.01,31.04,100193400,26.5376970525944
2002-04-29,31.24,31.55,30.56,31.12,85326800,26.6060931790186
2002-04-30,31.03,32.19,30.94,31.73,95357900,27.1276136430032
2002-05-01,31.67,31.84,30.58,31.56,109975700,26.9822718743518
2002-05-02,31.39,31.99,30.46,30.51,85852200,26.084572715034
2002-05-03,30.47,30.51,29.48,29.74,92103200,25.4262599982009
2002-05-06,29.63,29.98,28.85,28.97,96491200,24.7679472813679
2002-05-07,29.27,29.35,28.42,28.7,101954400,24.5371103546862
2002-05-08,30.13,31.88,30.0,31.77,129741500,27.1618117062153
2002-05-09,31.57,31.89,30.8,30.95,106477200,26.4607514103672
2002-05-10,31.01,31.09,29.5,29.56,112282800,25.2723687137465
2002-05-13,29.87,30.98,29.67,30.76,93971200,26.2983106101097
2002-05-14,32.05,32.65,31.87,32.57,107284700,27.8457729704575
2002-05-15,32.08,33.63,31.85,32.81,150522100,28.0509613497301
2002-05-16,32.54,33.05,32.22,32.86,89916300,28.0937089287452
2002-05-17,33.29,33.41,32.47,32.93,82695000,28.1535555393664
2002-05-20,32.6,32.7,31.94,32.21,78144200,27.5379904015485
2002-05-21,32.36,32.59,31.0,31.33,104180000,26.7856330108822
2002-05-22,30.97,31.59,30.41,31.4,89543100,26.8454796215034
2002-05-23,31.63,32.1,30.8,32.03,94445800,27.384099117094
2002-05-24,31.59,31.69,31.01,31.24,55874600,26.7086873686549
2002-05-28,31.47,31.52,30.49,31.1,68829400,26.5889941474126
2002-05-29,30.66,30.9,30.24,30.28,73470200,25.8879338515644
2002-05-30,30.01,30.72,29.9,30.54,92080500,26.1102212624431
2002-05-31,30.76,31.04,30.0,30.04,79907400,25.6827454722917
2002-06-03,30.0,30.25,28.79,28.98,77043700,24.7764967971709
2002-06-04,28.75,29.68,28.61,29.36,98366200,25.1013783976859
2002-06-05,29.42,29.8,28.97,29.66,95347100,25.3578638717767
2002-06-06,29.51,29.51,27.9,28.88,91129700,24.6910016391407
2002-06-07,27.63,28.79,27.52,28.3,106049200,24.1951297225651
2002-06-10,28.36,28.75,28.14,28.25,73142900,24.15238214355
2002-06-11,28.6,28.69,27.36,27.46,84609500,23.4769703951109
2002-06-12,27.24,27.96,26.83,27.86,152974400,23.818951027232
2002-06-13,27.76,28.21,27.35,27.68,97556300,23.6650597427775
2002-06-14,26.86,27.72,26.2,27.62,122106800,23.6137626479593
2002-06-17,28.0,28.75,27.91,28.56,87618100,24.4174171334438
2002-06-18,28.31,29.15,28.28,29.02,100513400,24.810694860383
2002-06-19,28.1,28.32,27.25,27.34,93507600,23.3743762054746
2002-06-20,27.27,27.45,25.67,26.46,99913200,22.6220188148082
2002-06-21,26.36,26.78,25.65,25.82,168755100,22.0748498034145
2002-06-24,25.45,26.8,25.21,26.33,219672100,22.5108751093689
2002-06-25,26.58,26.72,25.3,25.46,136336400,21.7670672345056
2002-06-26,24.43,25.78,24.39,25.65,149080300,21.9295080347631
2002-06-27,26.0,26.25,25.02,26.21,121371100,22.4082809197326
2002-06-28,26.05,26.75,25.85,26.1,87842000,22.3142362458993
2002-07-01,25.97,26.14,24.78,24.85,64753900,21.245546770521
2002-07-02,24.6,24.75,23.09,23.95,111629600,20.4760903482486
2002-07-03,23.85,24.75,23.62,24.75,101067000,21.1600516124907
2002-07-05,25.26,26.39,25.05,26.34,56768300,22.5194246251719
2002-07-08,26.2,26.55,25.08,25.38,97288500,21.6986711080814
2002-07-09,25.25,25.48,24.59,24.66,91039600,21.0831059702635
2002-07-10,24.99,25.03,23.83,23.9,115365200,20.4333427692334
2002-07-11,23.76,24.89,23.53,24.8,170271200,21.2027991915058
2002-07-12,25.25,25.52,24.55,24.8,130027800,21.2027991915058
2002-07-15,24.68,25.64,23.75,25.57,140207200,21.8611119083389
2002-07-16,25.25,26.02,24.9,25.19,148281700,21.5362303078239
2002-07-17,26.07,26.44,24.89,25.65,157954700,21.9295080347631
2002-07-18,25.38,25.57,24.52,24.73,114052300,21.1429525808846
2002-07-19,24.33,24.71,23.8,23.99,124116400,20.5102884114607
2002-07-22,23.85,24.5,23.09,23.4,150034800,20.0058669790821
2002-07-23,23.45,23.75,22.28,22.4,150786800,19.1509153987795
2002-07-24,21.81,23.66,21.64,23.62,186493600,20.1939563267487
2002-07-25,23.25,23.4,21.8,22.25,153915500,19.0226726617341
2002-07-26,22.56,22.84,22.01,22.67,96034200,19.3817523254612
2002-07-29,23.27,24.12,23.08,23.83,96735200,20.3734961586123
2002-07-30,23.73,24.69,23.59,24.31,117394300,20.7838729171575
2002-07-31,24.0,24.19,23.36,23.85,93831300,20.3905951902183
2002-08-01,23.74,23.9,22.66,22.73,85149700,19.4330494202793
2002-08-02,22.78,22.84,21.82,22.25,86706000,19.0226726617341
2002-08-05,22.11,22.32,21.3,21.44,84897800,18.3301618816889
2002-08-06,21.8,23.01,21.79,22.5,115364600,19.2364105568097
2002-08-07,23.2,23.37,21.96,22.8,125677100,19.4928960309005
2002-08-08,22.75,23.6,22.3,23.57,111697900,20.1512087477336
2002-08-09,23.2,23.71,22.88,23.33,93576900,19.9460203684609
2002-08-12,23.05,23.48,22.9,23.4,62870900,20.0058669790821
2002-08-13,23.23,23.87,22.55,22.6,88434400,19.32190571484
2002-08-14,22.67,24.2,22.47,24.04,102613500,20.5530359904758
2002-08-15,24.24,24.55,23.72,24.53,120307800,20.9719622648241
2002-08-16,24.13,25.0,23.73,24.7,95853000,21.1173040334756
2002-08-19,24.77,25.59,24.68,25.3,76015900,21.6302749816572
2002-08-20,25.18,25.43,24.85,25.19,89981300,21.5362303078239
2002-08-21,25.39,25.85,25.0,25.75,101365500,22.0150031927934
2002-08-22,25.74,26.21,25.42,26.16,80345500,22.3655333407174
2002-08-23,25.8,25.81,24.95,25.15,75211200,21.5020322446118
2002-08-26,25.3,25.39,24.61,25.25,83335400,21.587527402642
2002-08-27,25.43,25.51,24.15,24.37,92340400,20.8351700119757
2002-08-28,24.02,24.09,23.39,23.48,115562300,20.0742631055063
2002-08-29,23.2,24.22,23.02,23.79,97028200,20.3392980954002
2002-08-30,23.62,24.0,23.38,23.49,59474900,20.0828126213094
2002-09-03,23.06,23.43,22.34,22.64,81828100,19.3561037780521
2002-09-04,22.5,23.02,22.24,22.73,82717600,19.4330494202793
2002-09-05,22.4,22.5,21.93,22.17,91576600,18.9542765353099
2002-09-06,22.66,23.22,22.6,22.85,86008800,19.5356436099157
2002-09-09,22.67,23.37,22.39,23.08,72679500,19.7322824733853
2002-09-10,23.23,23.67,23.03,23.65,74615800,20.2196048741578
2002-09-11,24.12,24.35,23.42,23.45,73902800,20.0486145580972
2002-09-12,23.23,23.26,22.71,22.81,70763500,19.5014455467036
2002-09-13,22.6,23.08,22.52,22.99,79716100,19.655336831158
2002-09-16,22.86,23.0,22.37,22.66,58853600,19.3732028096582
2002-09-17,23.05,23.21,22.18,22.18,89139700,18.9628260511129
2002-09-18,22.01,22.55,21.78,21.93,92358300,18.7490881560372
2002-09-19,21.7,22.13,21.55,21.58,86247700,18.4498551029313
2002-09-20,21.83,21.9,21.48,21.67,78116900,18.5268007451585
2002-09-23,21.45,21.52,20.81,21.02,72757500,17.9710822179618
2002-09-24,20.68,21.45,20.65,21.03,91507300,17.9796317337648
2002-09-25,21.35,22.04,21.1,21.87,98051900,18.6977910612191
2002-09-26,22.16,22.33,21.37,21.6,104453500,18.4669541345373
2002-09-27,21.55,22.21,21.31,21.31,92249700,18.2190181762496
2002-09-30,21.07,21.24,20.49,20.72,91502500,17.714596743871
2002-10-01,20.91,21.99,20.47,21.98,102096000,18.7918357350523
2002-10-02,21.51,21.97,20.97,21.25,94829700,18.1677210814314
2002-10-03,21.06,21.4,20.68,20.74,74354800,17.7316957754771
2002-10-04,20.94,21.02,20.11,20.35,81837100,17.398264659159
2002-10-07,20.26,20.59,19.85,20.16,79861800,17.2358238589015
2002-10-08,20.28,20.61,19.76,20.2,94103100,17.2700219221136
2002-10-09,19.94,20.53,19.84,20.06,103301000,17.1503287008712
2002-10-10,20.1,21.21,19.91,21.08,109610500,18.02237931278
2002-10-11,21.55,22.38,21.42,22.22,124777400,18.997024114325
2002-10-14,21.87,22.5,21.78,22.48,78890300,19.2193115252037
2002-10-15,23.44,23.63,23.18,23.56,118176000,20.1426592319305
2002-10-16,22.71,23.16,22.07,22.78,97441900,19.4757969992945
2002-10-17,23.6,23.81,22.58,23.55,95754500,20.1341097161275
2002-10-18,23.28,23.85,22.93,23.81,84941900,20.3563971270062
2002-10-21,23.52,24.45,23.3,24.29,85311500,20.7667738855515
2002-10-22,23.73,24.34,23.65,24.14,89947000,20.6385311485061
2002-10-23,23.85,24.63,23.67,24.6,88093500,21.0318088754453
2002-10-24,24.68,24.86,23.92,23.98,88674800,20.5017388956577
2002-10-25,23.99,24.75,23.99,24.7,71557300,21.1173040334756
2002-10-28,25.0,25.04,24.17,24.49,90272000,20.937764201612
2002-10-29,24.31,24.47,23.37,23.92,90293800,20.4504418008395
2002-10-30,24.06,24.79,23.85,24.56,103531100,20.9976108122332
2002-10-31,24.66,25.04,24.36,24.55,81493100,20.9890612964302
2002-11-01,24.37,25.4,24.14,25.25,86658400,21.587527402642
2002-11-04,26.05,26.82,25.8,25.9,110562400,22.1432459298388
2002-11-05,25.71,26.17,25.56,26.1,79603300,22.3142362458993
2002-11-06,26.29,26.61,25.64,26.47,116251700,22.6305683306113
2002-11-07,25.99,26.1,25.31,25.54,82711600,21.8354633609298
2002-11-08,25.49,25.87,24.96,25.07,76937600,21.4336361181876
2002-11-11,24.95,25.02,24.15,24.31,74384300,20.7838729171575
2002-11-12,24.4,25.4,24.4,24.93,88748800,21.3139428969452
2002-11-13,24.7,25.7,24.49,25.23,119341800,21.570428371036
2002-11-14,25.58,26.42,25.52,26.1,85720100,22.3142362458993
2002-11-15,25.9,26.45,25.75,26.44,69291300,22.6049197832022
2002-11-18,26.71,26.77,25.99,26.05,76238000,22.2714886668842
2002-11-19,25.8,26.05,25.3,25.65,88139200,21.9295080347631
2002-11-20,25.56,26.75,25.54,26.74,75104700,22.861405257293
2002-11-21,26.93,27.84,26.75,27.73,105472900,23.7078073217926
2002-11-22,27.37,27.94,27.32,27.72,73808600,23.6992578059896
2002-11-25,27.76,28.2,27.54,27.99,72666100,23.9300947326713
2002-11-26,27.78,27.87,26.9,27.05,80017900,23.1264402471868
2002-11-27,27.53,28.2,27.48,27.91,73643900,23.8616986062471
2002-11-29,28.21,28.29,27.22,27.72,34652100,23.6992578059896
2002-12-02,28.42,28.79,27.57,28.0,85136000,23.9386442484743
2002-12-03,27.55,27.58,26.93,27.17,76595500,23.2290344368231
2002-12-04,26.56,26.95,26.21,26.57,130115900,22.7160634886415
2002-12-05,26.95,27.0,26.13,26.2,84933200,22.3997314039296
2002-12-06,25.81,26.72,25.74,26.47,81727900,22.6305683306113
2002-12-09,26.22,26.55,25.2,25.22,75855200,21.5618788552329
2002-12-10,25.42,25.95,25.35,25.6,69578300,21.886760455748
2002-12-11,25.44,26.07,25.32,25.72,64237600,21.9893546453843
2002-12-12,26.0,26.69,25.56,25.86,62296400,22.1090478666266
2002-12-13,25.52,25.57,25.01,25.04,72647800,21.4079875707785
2002-12-16,25.22,25.96,25.07,25.85,60278500,22.1004983508236
2002-12-17,25.81,26.2,25.66,25.93,62562700,22.1688944772478
2002-12-18,25.55,25.6,25.05,25.38,67130700,21.6986711080814
2002-12-19,25.17,25.78,24.81,25.06,95969700,21.4250866023845
2002-12-20,25.33,25.45,25.07,25.32,65578600,21.6473740132632
2002-12-23,25.18,25.76,25.13,25.67,45941700,21.9466070663691
2002-12-24,25.5,25.73,25.32,25.35,16772700,21.6730225606723
2002-12-26,25.53,25.91,25.17,25.28,33795400,21.6131759500511
2002-12-27,25.18,25.85,24.75,24.82,42490200,21.2198982231119
2002-12-30,24.84,24.97,24.36,24.63,57396400,21.0574574228544
2002-12-31,24.54,24.71,24.28,24.37,46015400,20.8351700119757
2003-01-02,24.72,25.55,24.45,25.4,65903200,21.7157701396874
2003-01-03,25.46,25.71,25.28,25.68,39059500,21.9551565821722
2003-01-06,25.71,26.59,25.2,26.32,67223400,22.5023255935659
2003-01-07,26.41,26.93,26.25,26.65,88726100,22.7844596150657
2003-01-08,26.39,26.97,25.84,25.9,74989900,22.1432459298388
2003-01-09,26.24,26.98,26.22,26.7,75391100,22.8272071940809
2003-01-10,26.35,27.26,26.22,27.1,82594300,23.1691878262019
2003-01-13,27.33,27.47,26.73,26.94,72870300,23.0323955733535
2003-01-14,26.91,27.32,26.85,27.08,46993800,23.1520887945959
2003-01-15,27.24,27.35,26.58,26.74,55131000,22.861405257293
2003-01-16,26.79,26.98,26.25,26.44,68740300,22.6049197832022
2003-01-17,25.9,25.94,25.27,25.31,77289400,21.6388244974602
2003-01-21,25.41,25.55,25.02,25.03,67729600,21.3994380549754
2003-01-22,24.96,25.53,24.87,24.93,80020200,21.3139428969452
2003-01-23,25.4,25.84,25.11,25.51,78471100,21.8098148135207
2003-01-24,25.53,25.53,24.64,24.82,74519700,21.2198982231119
2003-01-27,24.45,25.03,24.37,24.53,76561000,20.9719622648241
2003-01-28,24.77,25.05,24.42,24.78,65217200,21.1857001598998
2003-01-29,24.76,25.45,24.34,25.15,95717500,21.5020322446118
2003-01-30,25.32,25.42,24.49,24.5,70333800,20.946313717415
2003-01-31,24.06,24.76,24.01,24.44,90505600,20.8950166225969
2003-02-03,24.52,24.79,24.38,24.49,53158800,20.937764201612
2003-02-04,24.18,24.3,23.82,24.19,68235700,20.6812787275212
2003-02-05,24.33,24.86,24.01,24.08,80107700,20.5872340536879
2003-02-06,24.04,24.35,23.86,24.21,103552000,20.6983777591273
2003-02-07,24.36,24.45,23.65,23.81,72312400,20.3563971270062
2003-02-10,23.89,24.25,23.62,24.02,67572600,20.5359369588698
2003-02-11,24.25,24.61,23.92,24.15,77823300,20.6470806643091
2003-02-12,24.07,24.33,23.78,23.82,51753000,20.3649466428092
2003-02-13,23.85,23.98,23.32,23.94,77387400,20.4675408324456
2003-02-14,23.83,24.5,23.62,24.49,67510400,20.937764201612
2003-02-18,24.7,25.34,24.68,25.25,73976800,21.587527402642
2003-02-19,25.2,25.24,24.71,25.08,45541400,21.4421856339906
2003-02-20,25.15,25.27,24.84,24.98,59759800,21.3566904759603
2003-02-21,24.93,25.37,24.51,25.17,70228500,21.5191312762178
2003-02-24,25.13,25.21,24.71,24.74,56646600,21.1515020966877
2003-02-25,24.45,24.95,24.08,24.77,74440700,21.1771506440968
2003-02-26,24.68,24.94,24.2,24.22,60005600,20.7069272749303
2003-02-27,24.42,24.92,24.27,24.77,66424000,21.1771506440968
2003-02-28,24.81,25.22,24.72,25.16,50185800,21.5105817604148
2003-03-03,25.27,25.48,24.56,24.65,60414400,21.0745564544604
2003-03-04,24.66,24.77,24.42,24.5,56043500,20.946313717415
2003-03-05,24.4,24.78,24.32,24.55,69096500,20.9890612964302
2003-03-06,24.43,24.68,24.23,24.49,59108600,20.937764201612
2003-03-07,24.08,24.69,23.96,24.54,73291000,20.9805117806271
2003-03-10,24.33,24.45,23.91,24.01,55948000,20.5273874430667
2003-03-11,24.06,24.24,23.78,23.8,54934200,20.3478476112032
2003-03-12,23.76,24.24,23.54,24.23,77859800,20.7154767907333
2003-03-13,24.64,25.65,24.4,25.62,128537600,21.903859487354
2003-03-14,25.73,25.98,25.36,25.72,89794400,21.9893546453843
2003-03-17,25.43,26.8,25.35,26.6,141040800,22.7417120360506
2003-03-18,26.8,26.97,26.42,26.93,96548700,23.0238460575505
2003-03-19,26.85,26.95,26.33,26.7,91315100,22.8272071940809
2003-03-20,26.54,27.14,26.17,26.8,92789700,22.9127023521111
2003-03-21,27.21,27.38,26.2,27.17,93304600,23.2290344368231
2003-03-24,26.47,26.6,25.97,26.04,85244500,22.2629391510811
2003-03-25,26.15,26.76,26.01,26.41,78731500,22.5792712357931
2003-03-26,26.5,26.77,26.36,26.56,67880200,22.7075139728385
2003-03-27,26.27,26.65,26.1,26.37,64113100,22.545073172581
2003-03-28,26.14,26.43,25.95,26.08,45374700,22.2971372142932
2003-03-31,25.6,25.73,25.21,25.25,89345300,21.587527402642
2003-04-01,25.44,25.67,25.25,25.45,73159500,21.7585177187026
2003-04-02,26.06,26.56,26.03,26.15,75843800,22.3569838249144
2003-04-03,26.64,26.85,26.31,26.48,70138200,22.6391178464143
2003-04-04,26.57,26.6,25.97,26.05,65665700,22.2714886668842
2003-04-07,27.11,27.2,26.07,26.09,83842700,22.3056867300963
2003-04-08,26.15,26.29,25.88,26.06,54250600,22.2800381826872
2003-04-09,26.1,26.28,25.41,25.46,76457100,21.7670672345056
2003-04-10,25.46,25.77,25.3,25.77,57017500,22.0321022243994
2003-04-11,26.02,26.16,25.36,25.51,67974500,21.8098148135207
2003-04-14,25.6,26.14,25.49,26.03,52476200,22.2543896352781
2003-04-15,25.97,26.46,25.85,26.28,64655700,22.4681275303538
2003-04-16,26.65,26.83,26.12,26.22,70711600,22.4168304355356
2003-04-17,26.16,26.98,26.15,26.82,70179900,22.9298013837172
2003-04-21,26.94,27.1,26.62,26.92,52729600,23.0152965417475
2003-04-22,26.73,27.46,26.65,27.43,70757200,23.4513218477018
2003-04-23,27.5,27.75,27.26,27.63,70327100,23.6223121637623
2003-04-24,27.36,27.75,27.27,27.48,72383900,23.4940694267169
2003-04-25,27.32,27.42,26.86,26.95,63277900,23.0409450891565
2003-04-28,27.05,27.63,26.95,27.48,59666200,23.4940694267169
2003-04-29,27.64,28.06,27.41,27.73,79903800,23.7078073217926
2003-04-30,27.65,27.79,27.43,27.45,60202100,23.4684208793079
2003-05-01,27.44,27.87,27.19,27.69,66022600,23.6736092585805
2003-05-02,27.61,28.29,27.57,28.28,85004100,24.1780306909591
2003-05-05,28.33,28.71,28.17,28.25,80520300,24.15238214355
2003-05-06,28.22,28.9,28.21,28.61,77338300,24.4601647124589
2003-05-07,28.41,28.69,28.12,28.29,70353200,24.1865802067621
2003-05-08,27.85,28.19,27.76,27.77,80249100,23.7420053850047
2003-05-09,28.04,28.48,28.0,28.41,58528200,24.2891743963984
2003-05-12,28.36,28.96,28.17,28.84,67487300,24.6568035759286
2003-05-13,28.63,28.99,28.54,28.66,64934300,24.5029122914741
2003-05-14,28.87,28.97,28.36,28.6,62181200,24.4516151966559
2003-05-15,28.75,28.98,28.56,28.92,62232100,24.7251997023528
2003-05-16,28.73,28.94,28.48,28.7,70590400,24.5371103546862
2003-05-19,28.52,28.68,27.61,27.69,91334800,23.6736092585805
2003-05-20,27.76,27.96,27.41,27.77,71817800,23.7420053850047
2003-05-21,27.65,27.75,27.44,27.69,63648500,23.6736092585805
2003-05-22,27.76,28.32,27.62,28.09,62401400,24.0155898907016
2003-05-23,28.04,28.25,27.95,28.1,37922500,24.0241394065046
2003-05-27,27.93,29.22,27.9,29.1,101422100,24.8790909868072
2003-05-28,29.16,29.4,28.96,29.19,76290400,24.9560366290345
2003-05-29,29.23,29.8,29.16,29.31,97336000,25.0586308186708
2003-05-30,29.53,29.87,29.45,29.79,78093700,25.4690075772161
2003-06-02,30.08,30.2,29.31,29.58,102937000,25.2894677453525
2003-06-03,29.44,29.88,29.33,29.86,81672600,25.5288541878373
2003-06-04,29.81,30.58,29.72,30.42,87046100,26.0076270728068
2003-06-05,30.13,30.68,29.97,30.64,88747900,26.1957164204733
2003-06-06,31.21,31.47,30.04,30.13,157178100,25.759691114519
2003-06-09,30.0,30.22,29.53,29.73,94941800,25.4177104823979
2003-06-10,29.86,30.2,29.68,30.18,69660100,25.8024386935341
2003-06-11,30.07,30.64,29.8,30.52,87338200,26.093122230837
2003-06-12,30.64,30.75,30.26,30.65,79450500,26.2042659362764
2003-06-13,30.66,30.73,29.86,29.96,83353600,25.6143493458675
2003-06-16,30.17,30.9,30.0,30.88,71211800,26.400904799746
2003-06-17,31.02,31.11,30.56,30.76,67571200,26.2983106101097
2003-06-18,30.66,31.23,30.45,30.92,80215700,26.4351028629581
2003-06-19,30.98,31.24,30.38,30.42,79467200,26.0076270728068
2003-06-20,30.69,30.78,30.25,30.38,71512400,25.9734290095946
2003-06-23,30.33,30.37,29.56,29.91,86509400,25.5716017668524
2003-06-24,29.73,30.13,29.53,29.68,83004400,25.3749629033828
2003-06-25,29.67,30.18,29.47,29.52,94255300,25.2381706505344
2003-06-26,29.71,30.28,29.61,30.22,79187500,25.8366367567462
2003-06-27,30.25,30.57,29.77,29.83,82451900,25.5032056404282
2003-06-30,30.16,30.34,29.8,29.95,72043000,25.6057998300645
2003-07-01,29.7,30.38,29.26,30.35,105852500,25.9477804621856
2003-07-02,30.41,30.99,30.38,30.97,81972500,26.4778504419732
2003-07-03,30.7,31.1,30.47,30.58,50050400,26.1444193256552
2003-07-07,30.97,31.9,30.96,31.89,88554600,27.2644058958517
2003-07-08,31.78,32.31,31.62,32.28,81874500,27.5978370121697
2003-07-09,32.18,32.49,31.93,32.2,89588400,27.5294408857455
2003-07-10,31.85,31.99,31.33,31.6,102928700,27.0164699375639
2003-07-11,31.65,31.99,31.61,31.84,67728100,27.2216583168365
2003-07-14,32.34,32.75,32.07,32.22,84524600,27.5465399173515
2003-07-15,32.53,32.65,31.94,32.26,75059000,27.5807379805636
2003-07-16,32.46,32.5,31.73,32.16,80138700,27.4952428225334
2003-07-17,31.68,31.84,31.04,31.18,116260400,26.6573902738368
2003-07-18,31.4,31.55,30.92,31.28,80519000,26.742885431867
2003-07-21,31.24,31.3,30.61,30.88,111325300,26.400904799746
2003-07-22,31.11,31.5,30.86,31.34,91471500,26.7941825266852
2003-07-23,31.39,31.64,30.99,31.6,69050400,27.0164699375639
2003-07-24,31.85,32.02,31.08,31.18,82999700,26.6573902738368
2003-07-25,31.13,31.84,30.77,31.8,82709600,27.1874602536244
2003-07-28,31.86,31.99,31.6,31.89,56180800,27.2644058958517
2003-07-29,31.93,32.02,31.24,31.65,80560100,27.059217516579
2003-07-30,31.71,31.74,31.33,31.42,56617300,26.8625786531094
2003-07-31,31.79,32.33,31.52,31.8,85544100,27.1874602536244
2003-08-01,31.69,31.79,31.3,31.46,73545400,26.8967767163215
2003-08-04,31.42,31.8,30.84,31.45,96344600,26.8882272005185
2003-08-05,31.41,31.48,30.1,30.21,111041800,25.8280872409432
2003-08-06,30.36,30.77,30.1,30.19,96816000,25.8109882093371
2003-08-07,30.22,30.51,30.02,30.31,67326600,25.9135823989735
2003-08-08,30.43,30.55,29.93,30.07,66677100,25.7083940197008
2003-08-11,30.08,30.6,30.03,30.4,63712200,25.9905280412007
2003-08-12,30.51,30.9,30.33,30.86,59676100,26.3838057681399
2003-08-13,30.98,31.07,30.65,30.87,57969700,26.3923552839429
2003-08-14,30.88,31.19,30.67,30.9,50271500,26.418003831352
2003-08-15,31.0,31.29,30.93,31.17,28116300,26.6488407580337
2003-08-18,31.31,32.01,31.23,31.97,67224100,27.3328020222759
2003-08-19,32.11,32.38,31.85,32.37,68205000,27.6747826543969
2003-08-20,32.1,32.52,32.02,32.29,58233500,27.6063865279727
2003-08-21,32.59,32.82,32.27,32.64,77161400,27.9056195810786
2003-08-22,33.26,33.37,32.38,32.44,92989800,27.7346292650181
2003-08-25,32.36,32.54,32.21,32.51,43044700,27.7944758756393
2003-08-26,32.28,32.59,31.81,32.54,79838500,27.8201244230484
2003-08-27,32.49,32.83,32.37,32.8,47532100,28.0424118339271
2003-08-28,32.94,33.12,32.52,33.09,55311000,28.2903477922148
2003-08-29,33.04,33.46,32.98,33.39,53148800,28.5468332663056
2003-09-02,33.49,33.89,33.13,33.87,80303100,28.9572100248509
2003-09-03,34.1,34.2,33.65,33.85,85234800,28.9401109932449
2003-09-04,33.83,34.22,33.7,34.16,63736100,29.2051459831387
2003-09-05,33.97,34.34,33.67,33.94,91024100,29.0170566354721
2003-09-08,34.0,34.53,33.95,34.5,69296000,29.4958295204416
2003-09-09,34.32,34.39,33.92,34.09,87817500,29.1452993725175
2003-09-10,33.75,33.89,33.11,33.27,111624500,28.4442390766693
2003-09-11,33.28,33.78,33.01,33.64,96914900,28.7605711613813
2003-09-12,33.34,33.84,33.05,33.82,104963000,28.9144624458358
2003-09-15,33.84,33.91,33.44,33.49,54594200,28.6323284243359
2003-09-16,33.52,34.43,33.52,34.4,87463800,29.4103343624113
2003-09-17,34.33,34.5,34.03,34.26,79794700,29.2906411411689
2003-09-18,34.17,34.86,34.0,34.78,91469900,29.7352159629263
2003-09-19,34.79,34.86,34.36,34.58,69796000,29.5642256468658
2003-09-22,34.13,34.2,33.77,33.92,97477500,28.999957603866
2003-09-23,33.97,34.56,33.91,34.52,77826500,29.5129285520476
2003-09-24,34.51,34.52,33.17,33.22,115057400,28.4014914976542
2003-09-25,33.38,33.74,32.76,32.79,117604800,28.033862318124
2003-09-26,32.89,33.17,32.52,32.58,106581000,27.8543224862605
2003-09-29,32.76,33.17,32.45,33.14,96862800,28.33309537123
2003-09-30,32.92,32.96,32.36,32.42,119122500,27.7175302334121
2003-10-01,32.61,33.23,32.42,33.15,106653600,28.341644887033
2003-10-02,33.1,33.43,32.93,33.26,83911100,28.4356895608663
2003-10-03,33.85,34.47,33.82,34.19,112862800,29.2307945305478
2003-10-06,34.28,34.45,34.06,34.44,49162900,29.4445324256234
2003-10-07,34.16,34.65,34.01,34.65,80104600,29.624072257487
2003-10-08,34.81,34.84,34.22,34.43,71387400,29.4359829098204
2003-10-09,34.91,35.27,34.43,34.69,118216100,29.6582703206991
2003-10-10,34.77,35.03,34.64,35.01,68356200,29.9318548263959
2003-10-13,35.14,35.37,34.92,35.24,60919800,30.1284936898656
2003-10-14,35.1,35.43,34.96,35.33,62274900,30.2054393320928
2003-10-15,35.8,35.85,35.03,35.18,97045200,30.0771965950474
2003-10-16,35.1,35.53,35.06,35.46,73955000,30.3165830375321
2003-10-17,35.41,35.49,34.6,34.61,97794400,29.5898741942749
2003-10-20,34.65,35.08,34.5,35.04,75544300,29.957503373805
2003-10-21,35.14,35.45,34.94,35.25,73455600,30.1370432056686
2003-10-22,34.89,34.93,34.44,34.57,88141400,29.5556761310628
2003-10-23,34.15,34.51,34.05,34.17,95409600,29.2136954989417
2003-10-24,33.79,34.23,33.49,34.2,101778600,29.2393440463508
2003-10-27,34.28,34.45,34.04,34.21,63604500,29.2478935621538
2003-10-28,34.43,35.41,34.37,35.36,107375700,30.2310878795019
2003-10-29,35.2,35.41,35.07,35.32,74075200,30.1968898162898
2003-10-30,35.81,36.0,35.14,35.39,95062600,30.2567364269109
2003-10-31,35.44,35.49,35.06,35.18,55473200,30.0771965950474
2003-11-03,35.43,35.98,35.36,35.76,71141200,30.5730685116229
2003-11-04,35.69,35.87,35.45,35.52,60033900,30.3678801323503
2003-11-05,35.52,35.89,35.15,35.84,67412700,30.6414646380471
2003-11-06,35.79,35.97,35.34,35.94,90567400,30.7269597960774
2003-11-07,36.08,36.18,35.6,35.63,63505200,30.4619248061836
2003-11-10,35.7,35.74,35.09,35.19,68896400,30.0857461108504
2003-11-11,35.15,35.3,34.85,35.06,75607100,29.9746024054111
2003-11-12,35.17,35.96,35.14,35.81,80364600,30.6158160906381
2003-11-13,35.71,35.9,35.55,35.77,64243000,30.581618027426
2003-11-14,35.81,36.02,34.95,35.04,90932200,29.957503373805
2003-11-17,34.84,34.91,34.26,34.68,108063100,29.6497208048961
2003-11-18,34.87,34.97,33.82,33.88,108588500,28.9657595406539
2003-11-19,34.01,34.4,33.88,34.21,86320300,29.2478935621538
2003-11-20,33.92,34.68,33.81,33.88,117324500,28.9657595406539
2003-11-21,34.08,34.26,33.73,34.23,81787500,29.2649925937599
2003-11-24,34.52,35.25,34.47,35.18,92057500,30.0771965950474
2003-11-25,35.29,35.45,35.09,35.18,72519800,30.0771965950474
2003-11-26,35.4,35.52,34.81,35.34,72842900,30.2139888478958
2003-11-28,35.26,35.5,35.21,35.38,24802600,30.2481869111079
2003-12-01,35.71,36.01,35.47,35.9,82767300,30.6927617328653
2003-12-02,35.82,36.05,35.58,35.7,62504500,30.5217714168048
2003-12-03,35.84,36.12,35.25,35.25,107568500,30.1370432056686
2003-12-04,35.38,35.71,35.08,35.63,102334800,30.4619248061836
2003-12-05,35.27,35.5,34.96,35.04,87490200,29.957503373805
2003-12-08,35.02,35.33,34.78,35.24,86961200,30.1284936898656
2003-12-09,35.44,35.46,34.35,34.43,109949500,29.4359829098204
2003-12-10,34.5,34.7,34.13,34.56,103504200,29.5471266152597
2003-12-11,34.5,35.39,34.49,35.3,108374700,30.1797907846837
2003-12-12,35.31,35.34,34.9,35.24,72189400,30.1284936898656
2003-12-15,35.93,35.99,34.65,34.78,106091400,29.7352159629263
2003-12-16,34.79,35.02,34.42,34.85,89854700,29.7950625735475
2003-12-17,34.81,35.0,34.57,34.91,68539900,29.8463596683657
2003-12-18,34.95,35.64,34.95,35.56,89978100,30.4020781955624
2003-12-19,35.61,35.65,35.2,35.46,89762300,30.3165830375321
2003-12-22,35.35,35.68,35.29,35.57,63580000,30.4106277113654
2003-12-23,35.6,36.02,35.53,35.84,66999800,30.6414646380471
2003-12-24,35.84,36.02,35.8,35.9,44840300,30.7043719753258
2003-12-26,35.96,36.09,35.82,35.85,25497600,30.6616082260566
2003-12-29,36.03,36.53,36.02,36.44,63296200,31.1662204674338
2003-12-30,36.53,36.58,36.3,36.56,48249400,31.26885346568
2003-12-31,36.62,36.64,36.25,36.46,60494600,31.1833259671415
2004-01-02,36.66,36.79,36.22,36.36,55234100,31.097798468603
2004-01-05,36.58,37.16,36.56,37.09,69717900,31.7221492079341
2004-01-06,37.08,37.42,36.95,37.34,60033000,31.9359679542804
2004-01-07,37.28,37.68,37.07,37.68,71830000,32.2267614493113
2004-01-08,37.85,38.0,37.6,37.98,76800900,32.4833439449269
2004-01-09,37.71,38.35,37.59,37.73,94296500,32.2695251985806
2004-01-12,37.85,38.35,37.68,38.33,77668400,32.7826901898116
2004-01-13,38.27,38.36,37.6,37.95,92973900,32.4576856953653
2004-01-14,38.08,38.25,37.75,38.08,68122400,32.5688714434654
2004-01-15,37.93,38.46,37.63,38.18,104427700,32.6543989420039
2004-01-16,38.38,38.63,38.17,38.57,77324100,32.9879561863041
2004-01-20,38.73,39.0,38.31,38.54,81998100,32.9622979367425
2004-01-21,38.39,38.66,38.0,38.38,112180300,32.8254539390809
2004-01-22,38.55,38.69,38.06,38.15,90061900,32.6287406924423
2004-01-23,38.21,38.46,37.78,38.01,88751300,32.5090021944884
2004-01-26,37.98,38.65,37.84,38.59,84538000,33.0050616860118
2004-01-27,38.51,38.63,37.69,37.74,97191600,32.2780779484344
2004-01-28,37.94,38.06,37.0,37.1,127959700,31.730701957788
2004-01-29,37.24,37.31,36.66,37.24,143925900,31.8504404557419
2004-01-30,37.2,37.44,36.97,37.07,84264700,31.7050437082264
2004-02-02,37.2,37.48,36.82,36.97,94507900,31.6195162096879
2004-02-03,36.91,37.24,36.84,36.93,73488700,31.5853052102725
2004-02-04,36.62,36.86,36.33,36.33,109933000,31.0721402190414
2004-02-05,36.51,36.71,36.33,36.47,96784500,31.1918787169953
2004-02-06,36.6,37.28,36.53,37.13,107174100,31.7563602073495
2004-02-09,37.34,37.38,37.05,37.12,58817700,31.7478074574957
2004-02-10,37.06,37.41,37.03,37.18,65042700,31.7991239566188
2004-02-11,37.24,37.67,37.07,37.58,92503000,32.1412339507728
2004-02-12,37.52,37.7,37.24,37.25,70556400,31.8589932055957
2004-02-13,37.39,37.97,36.76,36.94,90570400,31.5938579601263
2004-02-17,37.28,37.62,37.22,37.44,69678600,32.0214954528189
2004-02-18,37.51,37.67,37.32,37.55,70972100,32.1155757012113
2004-02-19,37.87,37.9,36.82,36.98,100843800,31.6280689595417
2004-02-20,37.0,37.14,36.55,36.86,132347600,31.5254359612955
2004-02-23,37.0,37.03,36.11,36.45,125199800,31.1747732172876
2004-02-24,36.3,36.65,36.1,36.36,124521900,31.097798468603
2004-02-25,36.43,36.67,36.33,36.58,74457100,31.2859589653877
2004-02-26,36.47,36.84,36.31,36.67,71327600,31.3629337140724
2004-02-27,36.76,36.94,36.27,36.57,99383900,31.2774062155338
2004-03-01,36.68,37.07,36.47,37.05,79700700,31.6879382085187
2004-03-02,36.98,37.18,36.61,36.62,91536000,31.3201699648031
2004-03-03,36.51,36.63,36.21,36.42,83938300,31.1491149677261
2004-03-04,36.44,36.83,36.39,36.76,65905600,31.439908462757
2004-03-05,36.42,37.15,36.36,36.63,118107100,31.3287227146569
2004-03-08,36.69,36.82,35.73,35.77,112599500,30.5931862272257
2004-03-09,35.81,35.98,35.52,35.66,126140400,30.4991059788334
2004-03-10,35.75,36.0,35.13,35.19,134226100,30.0971267357024
2004-03-11,35.07,35.53,34.8,34.87,152132000,29.8234387403791
2004-03-12,35.18,35.59,35.15,35.51,118369600,30.3708147310256
2004-03-15,35.36,35.4,34.81,34.89,115813600,29.8405442400868
2004-03-16,35.11,35.25,34.63,34.95,123265100,29.8918607392099
2004-03-17,35.21,35.62,35.18,35.5,91684700,30.3622619811718
2004-03-18,35.37,35.46,34.97,35.34,111249700,30.2254179835101
2004-03-19,35.28,35.46,34.72,34.75,99976700,29.7208057421329
2004-03-22,34.53,34.55,34.03,34.31,133870400,29.3444847485635
2004-03-23,34.59,34.65,34.01,34.03,125945800,29.1050077526556
2004-03-24,34.15,34.63,34.01,34.42,118876800,29.4385649969558
2004-03-25,34.65,35.46,34.62,35.34,142122000,30.2254179835101
2004-03-26,35.3,35.58,35.2,35.22,78430800,30.1227849852639
2004-03-29,35.51,35.96,35.49,35.79,103864000,30.6102917269334
2004-03-30,35.67,35.94,35.52,35.91,95716500,30.7129247251797
2004-03-31,35.92,36.0,35.61,35.84,85993900,30.6530554762027
2004-04-01,35.81,36.25,35.78,36.16,93048600,30.9267434715259
2004-04-02,36.89,37.16,36.52,37.1,145964000,31.730701957788
2004-04-05,37.01,37.5,36.97,37.45,67351600,32.0300482026727
2004-04-06,37.16,37.25,36.92,36.98,98611400,31.6280689595417
2004-04-07,36.99,37.11,36.66,36.94,91004900,31.5938579601263
2004-04-08,37.35,37.39,36.74,36.94,77176300,31.5938579601263
2004-04-12,37.02,37.24,36.98,37.17,55285700,31.7905712067649
2004-04-13,37.34,37.36,36.46,36.63,100624400,31.3287227146569
2004-04-14,36.41,36.95,36.36,36.81,113663200,31.4826722120263
2004-04-15,36.75,36.86,36.02,36.15,123565500,30.9181907216721
2004-04-16,36.2,36.32,35.79,36.09,110736600,30.866874222549
2004-04-19,36.01,36.59,35.98,36.53,85838700,31.2431952161184
2004-04-20,36.61,36.79,35.64,35.68,119545100,30.5162114785411
2004-04-21,35.9,36.11,35.65,35.99,117850500,30.7813467240105
2004-04-22,36.0,37.01,35.98,36.92,137623300,31.5767524604186
2004-04-23,37.08,37.26,36.9,37.21,91855600,31.8247822061803
2004-04-26,37.18,37.29,36.65,36.94,74392200,31.5938579601263
2004-04-27,36.95,37.19,36.69,36.87,87548500,31.5339887111494
2004-04-28,36.71,36.72,36.02,36.2,111740700,30.9609544709413
2004-04-29,36.09,36.34,35.3,35.64,156917100,30.4820004791257
2004-04-30,35.66,35.8,34.72,34.77,150829200,29.7379112418406
2004-05-03,35.0,35.52,34.89,35.1,117007200,30.0201519870177
2004-05-04,35.21,35.75,35.03,35.25,126176000,30.1484432348255
2004-05-05,35.42,35.7,35.2,35.53,97528500,30.3879202307333
2004-05-06,35.23,35.44,34.85,35.26,102733300,30.1569959846793
2004-05-07,35.09,35.64,34.91,34.97,137686000,29.9089662389176
2004-05-10,34.67,34.9,34.42,34.67,156951400,29.6523837433021
2004-05-11,34.97,35.38,34.92,35.19,120493600,30.0971267357024
2004-05-12,35.12,35.29,34.27,35.26,197765400,30.1569959846793
2004-05-13,35.06,35.45,34.92,35.01,137841700,29.943177238333
2004-05-14,35.2,35.31,34.64,34.75,133689900,29.7208057421329
2004-05-17,34.38,34.66,34.11,34.42,150652400,29.4385649969558
2004-05-18,34.66,34.9,34.6,34.73,96686400,29.7037002424252
2004-05-19,35.16,35.51,34.63,34.69,141646900,29.6694892430098
2004-05-20,34.78,35.02,34.56,34.85,94938500,29.8063332406714
2004-05-21,35.01,35.17,34.74,35.02,111329200,29.9517299881869
2004-05-24,35.3,35.46,35.0,35.26,99861800,30.1569959846793
2004-05-25,35.15,36.08,34.95,35.96,146321400,30.7556884744489
2004-05-26,35.86,36.19,35.81,36.19,93789700,30.9524017210875
2004-05-27,36.29,36.5,36.06,36.42,110183400,31.1491149677261
2004-05-28,36.38,36.55,36.21,36.55,56379500,31.2603007158261
2004-06-01,36.27,36.55,36.11,36.5,90592700,31.2175369665569
2004-06-02,36.56,36.66,36.17,36.42,103519800,31.1491149677261
2004-06-03,36.3,36.36,35.82,35.98,97301400,30.7727939741566
2004-06-04,36.34,36.62,36.17,36.19,91233200,30.9524017210875
2004-06-07,36.44,37.1,36.34,37.05,107532600,31.6879382085187
2004-06-08,36.9,37.19,36.85,37.1,72530900,31.730701957788
2004-06-09,36.98,37.05,36.5,36.58,98215200,31.2859589653877
2004-06-10,36.69,36.84,36.55,36.84,57101300,31.5083304615878
2004-06-14,36.61,36.61,36.1,36.32,85129900,31.0635874691876
2004-06-15,36.56,36.99,36.56,36.79,91937700,31.4655667123186
2004-06-16,36.77,36.9,36.65,36.73,64743300,31.4142502131955
2004-06-17,36.65,36.66,36.25,36.39,77844200,31.1234567181645
2004-06-18,36.3,36.84,36.26,36.44,78641500,31.1662204674338
2004-06-21,36.52,36.63,36.06,36.15,65373100,30.9181907216721
2004-06-22,36.16,36.7,36.02,36.68,101524300,31.3714864639262
2004-06-23,36.57,37.19,36.51,37.12,94393900,31.7478074574957
2004-06-24,37.02,37.35,36.92,37.05,92343200,31.6879382085187
2004-06-25,37.0,37.39,36.98,37.33,81005400,31.9274152044265
2004-06-28,37.49,37.52,36.9,37.02,94033200,31.6622799589571
2004-06-29,37.1,37.59,37.08,37.37,68265900,31.9616262038419
2004-06-30,37.45,37.9,37.35,37.74,97809500,32.2780779484344
2004-07-01,37.66,37.66,36.77,37.04,122141800,31.6793854586648
2004-07-02,37.04,37.05,36.63,36.82,74056400,31.4912249618801
2004-07-06,36.6,36.6,35.83,36.03,130232600,30.8155577234259
2004-07-07,35.96,36.29,35.92,36.1,95623100,30.8754269724028
2004-07-08,35.81,36.13,35.55,35.7,108755400,30.5333169782488
2004-07-09,35.84,36.04,35.63,35.75,86014700,30.576080727518
2004-07-12,35.57,35.69,35.24,35.6,81844500,30.4477894797103
2004-07-13,35.68,35.81,35.41,35.55,81222000,30.405025730441
2004-07-14,35.2,35.65,35.05,35.19,119489200,30.0971267357024
2004-07-15,35.32,35.49,35.06,35.07,90405700,29.9944937374562
2004-07-16,35.43,35.45,34.62,34.67,120387100,29.6523837433021
2004-07-19,34.78,34.97,34.47,34.6,106387900,29.5925144943252
2004-07-20,34.74,35.59,34.71,35.43,117453700,30.3023927321948
2004-07-21,35.57,35.65,34.34,34.4,136086800,29.4214594972481
2004-07-22,34.48,35.11,34.25,34.87,132135800,29.8234387403791
2004-07-23,34.62,34.66,34.03,34.21,107107100,29.258957250025
2004-07-26,34.24,34.41,33.7,34.06,112962200,29.1306660022172
2004-07-27,34.19,34.71,34.04,34.53,103474700,29.5326452453482
2004-07-28,34.41,34.63,33.81,34.38,154299800,29.4043539975404
2004-07-29,34.71,34.92,34.5,34.78,98959800,29.7464639916945
2004-07-30,34.76,35.1,34.65,34.89,83007800,29.8405442400868
2004-08-02,34.61,35.02,34.46,34.96,81249000,29.9004134890638
2004-08-03,34.84,34.93,34.19,34.23,85746500,29.2760627497327
2004-08-04,34.15,34.46,34.01,34.24,86721000,29.2846154995865
2004-08-05,34.35,34.4,33.6,33.6,109722900,28.73723950894
2004-08-06,33.4,33.41,32.66,32.72,148808600,27.9845975218011
2004-08-09,32.81,32.96,32.65,32.8,79281900,28.0530195206319
2004-08-10,32.96,33.48,32.92,33.21,105819800,28.4036822646398
2004-08-11,32.85,33.04,32.55,32.92,121217700,28.1556525188781
2004-08-12,32.69,32.86,32.37,32.47,113691800,27.7707787754548
2004-08-13,32.65,32.74,32.35,32.52,91416100,27.8135425247241
2004-08-16,32.61,33.19,32.59,32.89,77851300,28.1299942693166
2004-08-17,33.12,33.44,32.99,33.26,89573100,28.4464460139091
2004-08-18,33.06,33.91,33.01,33.85,106608500,28.9510582552863
2004-08-19,33.73,33.85,33.41,33.67,104690200,28.797108757917
2004-08-20,33.57,34.14,33.51,34.01,91962400,29.0879022529479
2004-08-23,34.05,34.27,33.91,34.09,83390800,29.1563242517787
2004-08-24,34.25,34.31,33.81,34.08,86610500,29.1477715019249
2004-08-25,34.07,34.6,33.9,34.55,88394600,29.5497507450559
2004-08-26,34.46,34.55,34.31,34.4,57663400,29.4214594972481
2004-08-27,34.47,34.68,34.44,34.56,58597200,29.5583034949097
2004-08-30,34.41,34.43,33.94,33.98,62355700,29.0622440033864
2004-08-31,34.02,34.12,33.65,34.02,81262000,29.0964550028018
2004-09-01,33.93,34.47,33.8,34.27,96630600,29.3102737491481
2004-09-02,34.18,34.88,34.16,34.78,83054000,29.7464639916945
2004-09-03,34.44,34.67,34.05,34.14,90213700,29.199088001048
2004-09-07,34.4,34.61,34.12,34.43,95556500,29.4471177468097
2004-09-08,34.31,34.68,34.18,34.3,101466100,29.3359319987096
2004-09-09,34.45,34.75,34.14,34.59,104397500,29.5839617444713
2004-09-10,34.61,35.19,34.47,35.12,108591600,30.0372574867254
2004-09-13,35.25,35.72,35.14,35.58,109350500,30.4306839800026
2004-09-14,35.45,35.72,35.36,35.63,76466300,30.4734477292718
2004-09-15,35.42,35.45,35.12,35.25,90128700,30.1484432348255
2004-09-16,35.26,35.57,35.13,35.32,67121000,30.2083124838024
2004-09-17,35.23,35.52,35.16,35.43,83903400,30.3023927321948
2004-09-20,35.29,35.77,35.18,35.43,110678100,30.3023927321948
2004-09-21,35.54,35.85,35.42,35.57,93688400,30.4221312301487
2004-09-22,35.44,35.46,34.87,34.95,101393400,29.8918607392099
2004-09-23,34.98,35.15,34.88,34.92,92503200,29.8662024896484
2004-09-24,34.99,35.19,34.75,34.8,103247400,29.7635694914022
2004-09-27,34.62,34.74,34.38,34.5,86017600,29.5069869957866
2004-09-28,34.55,34.69,34.23,34.57,87070300,29.5668562447636
2004-09-29,34.54,35.12,34.53,35.08,95096200,30.00304648731
2004-09-30,35.02,35.27,34.89,35.14,74514600,30.0543629864331
2004-10-01,35.45,36.15,35.36,36.1,118252700,30.8754269724028
2004-10-04,36.36,36.62,36.25,36.31,108032600,31.0550347193337
2004-10-05,36.23,36.49,36.16,36.36,89754400,31.097798468603
2004-10-06,36.31,36.69,36.11,36.65,87815500,31.3458282143646
2004-10-07,36.54,36.67,36.17,36.24,82374300,30.9951654703567
2004-10-08,36.08,36.24,35.5,35.58,115073000,30.4306839800026
2004-10-11,35.72,35.86,35.6,35.75,51181600,30.576080727518
2004-10-12,35.43,35.84,35.2,35.69,97884100,30.5247642283949
2004-10-13,36.05,36.14,35.43,35.61,132442500,30.4563422295641
2004-10-14,35.69,35.78,35.33,35.45,99383700,30.3194982319025
2004-10-15,35.49,35.86,35.28,35.63,129183400,30.4734477292718
2004-10-18,35.51,36.25,35.4,36.14,108933400,30.9096379718182
2004-10-19,36.38,36.57,35.79,35.88,129973500,30.6872664756181
2004-10-20,35.83,36.23,35.65,36.05,106524200,30.8326632231336
2004-10-21,36.24,36.79,36.1,36.6,122627600,31.3030644650954
2004-10-22,36.61,36.68,35.74,35.8,114321100,30.6188444767873
2004-10-25,35.73,35.81,35.49,35.63,102863000,30.4734477292718
2004-10-26,35.65,35.84,35.41,35.82,98164500,30.635949976495
2004-10-27,35.84,36.89,35.71,36.73,152423400,31.4142502131955
2004-10-28,36.68,37.12,36.57,36.96,111113900,31.610963459834
2004-10-29,36.91,37.24,36.67,36.9,100779200,31.5596469607109
2004-11-01,36.98,37.18,36.8,37.04,72356000,31.6793854586648
2004-11-02,37.09,37.55,37.02,37.16,108930700,31.7820184569111
2004-11-03,37.76,37.9,37.15,37.41,140980100,31.9958372032573
2004-11-04,37.26,37.78,37.11,37.62,112513700,32.1754449501882
2004-11-05,38.02,38.16,37.61,37.96,117017900,32.4662384452192
2004-11-08,37.95,38.1,37.85,38.0,66486000,32.5004494446346
2004-11-09,37.93,38.15,37.81,37.92,85038700,32.4320274458037
2004-11-10,37.93,38.06,37.65,37.79,95122300,32.3208416977037
2004-11-11,37.91,38.38,37.86,38.29,99338800,32.7484791903962
2004-11-12,38.34,38.76,38.17,38.66,102418100,33.0649309349887
2004-11-15,38.64,38.86,38.5,38.83,82696000,33.2103276825042
2004-11-16,38.66,38.68,38.32,38.59,97197500,33.0050616860118
2004-11-17,38.83,39.32,38.83,39.11,125242500,33.449804678412
2004-11-18,38.98,39.36,38.89,39.29,94901100,33.6037541757814
2004-11-19,39.24,39.29,38.59,38.68,118448900,33.0820364346964
2004-11-22,38.61,39.07,38.48,39.05,79882600,33.3984881792889
2004-11-23,39.01,39.15,38.61,38.99,91925300,33.3471716801658
2004-11-24,39.09,39.39,39.07,39.33,74051700,33.6379651751968
2004-11-26,39.37,39.48,39.17,39.21,31248900,33.5353321769506
2004-11-29,39.46,39.64,38.97,39.2,94765400,33.5267794270967
2004-11-30,39.3,39.39,39.06,39.12,87663100,33.4583574282659
2004-12-01,39.27,39.96,39.27,39.92,102375000,34.142577416574
2004-12-02,39.82,40.39,39.76,40.07,122005600,34.2708686643818
2004-12-03,40.31,40.59,40.08,40.13,114227700,34.3221851635049
2004-12-06,40.12,40.426,39.91,40.27,70415100,34.4419236614588
2004-12-07,40.321,40.5,39.53,39.58,121439800,33.851783921543
2004-12-08,39.66,39.98,38.81,39.81,10121300,34.0484971681816
2004-12-09,39.5,40.19,39.24,40.05,134346000,34.2537631646741
2004-12-10,39.74,40.07,39.74,39.93,86177300,34.1511301664278
2004-12-13,40.232,40.34,39.98,40.28,74296400,34.4504764113126
2004-12-14,40.26,40.59,40.25,40.477,91985000,34.6189655834335
2004-12-15,40.49,40.68,40.155,40.33,95179300,34.4932401605819
2004-12-16,40.34,40.45,39.82,39.95,86101300,34.1682356661355
2004-12-17,39.65,39.81,37.21,39.475,97947000,34.0857700520447
2004-12-20,39.58,39.771,39.09,39.2,106397600,33.8483137692249
2004-12-21,39.39,39.71,39.278,39.68,83184700,34.2627829174195
2004-12-22,39.535,39.93,39.488,39.73,75298000,34.3059567870231
2004-12-23,39.61,39.91,39.54,39.758,45782000,34.3301341540011
2004-12-27,39.98,40.02,39.4,39.59,67157700,34.185069952133
2004-12-28,39.671,40.001,39.61,39.97,62563100,34.5131913611204
2004-12-29,39.92,40.16,39.9,40.02,46594800,34.556365230724
2004-12-30,40.07,40.123,39.93,39.99,41717600,34.5304609089618
2004-12-31,40.03,40.121,39.78,39.915,44112300,34.4657001045564
2005-01-03,40.07,40.292,39.37,39.499,100970900,34.1064935094544
2005-01-04,39.69,39.74,38.55,38.78,136623200,33.4856532645546
2005-01-05,38.68,38.96,38.47,38.54,127925500,33.2784186904573
2005-01-06,38.62,38.71,38.34,38.347,102934600,33.1117675537874
2005-01-07,38.56,38.873,38.21,38.55,123104000,33.2870534643781
2005-01-10,38.45,38.87,38.389,38.53,88764200,33.2697839165366
2005-01-11,38.37,38.496,38.069,38.259,106398800,33.0357815432851
2005-01-12,38.44,38.6,38.01,38.58,127754900,33.3129577861402
2005-01-13,38.6,38.85,38.01,38.07,101982400,32.8725843161835
2005-01-14,38.2,38.52,38.19,38.43,93460900,33.1834361773294
2005-01-18,38.28,38.79,38.22,38.72,91760400,33.4338446210303
2005-01-19,38.75,38.75,38.06,38.08,104981000,32.8812190901042
2005-01-20,37.65,37.811,37.32,37.35,120963900,32.2508805938916
2005-01-21,37.49,37.55,36.99,37.05,138569200,31.99183737627
2005-01-24,37.0,37.2,36.46,36.53,137499000,31.5428291323925
2005-01-25,36.77,37.09,36.66,36.71,119171300,31.6982550629655
2005-01-26,36.96,37.29,36.824,37.15,107465800,32.0781851154772
2005-01-27,37.07,37.27,36.87,37.1,103654700,32.0350112458736
2005-01-28,37.22,37.27,36.62,36.92,111648600,31.8795853153006
2005-01-31,37.36,37.53,37.26,37.4,89139900,32.2940544634952
2005-02-01,37.49,37.6482,37.37,37.52,76610300,32.3976717505438
2005-02-02,37.64,37.73,37.31,37.58,100160500,32.4494803940682
2005-02-03,37.38,37.413,37.0,37.154,90157900,32.0816390250455
2005-02-04,37.15,37.82,37.15,37.75,99302000,32.5962715507204
2005-02-07,37.8,37.91,37.52,37.674,71551400,32.5306472689229
2005-02-08,37.66,38.01,37.62,37.74,72821700,32.5876367767997
2005-02-09,37.77,37.8,37.065,37.11,93276600,32.0436460197943
2005-02-10,37.26,37.32,36.88,37.15,110373000,32.0781851154772
2005-02-11,37.03,37.85,36.927,37.7,108684100,32.5530976811168
2005-02-14,37.8,37.94,37.688,37.869,54908900,32.699025360377
2005-02-15,37.9,38.48,37.82,38.12,131406500,32.9157581857871
2005-02-16,38.03,38.16,37.83,37.98,80273900,32.794871350897
2005-02-17,38.05,38.14,37.43,37.47,115628300,32.3544978809402
2005-02-18,37.48,37.57,37.26,37.35,69158800,32.2508805938916
2005-02-22,37.031,37.5482,36.79,36.89,121232000,31.8536809935384
2005-02-23,37.03,37.07,36.697,36.94,95010100,31.896854863142
2005-02-24,36.85,37.44,36.76,37.41,99334600,32.3026892374159
2005-02-25,37.38,37.7,37.29,37.62,79988700,32.484019489751
2005-02-28,37.46,37.6,36.923,37.22,95731300,32.1386285329222
2005-03-01,37.379,37.7,37.33,37.63,78460600,32.4926542636718
2005-03-02,37.42,38.02,37.356,37.61,107270600,32.4753847158303
2005-03-03,37.697,37.73,37.02,37.3,89793800,32.207706724288
2005-03-04,37.6,37.75,37.4,37.52,86622300,32.3976717505438
2005-03-07,37.597,38.29,37.56,38.06,93563900,32.8639495422627
2005-03-08,37.98,38.21,37.65,37.68,89595200,32.5358281332754
2005-03-09,37.67,37.93,37.47,37.57,98063000,32.4408456201474
2005-03-10,37.61,37.67,37.08,37.52,97043600,32.3976717505438
2005-03-11,37.685,37.822,37.0199,37.17,102857500,32.0954546633186
2005-03-14,37.23,37.36,37.0305,37.34,65576200,32.2422458199709
2005-03-15,37.45,37.48,36.99,37.04,93856300,31.9832026023492
2005-03-16,36.91,37.18,36.53,36.615,159578000,31.6162247107186
2005-03-17,36.61,36.89,36.54,36.71,100429600,31.6982550629655
2005-03-18,36.75,36.785,36.35,36.51,108899400,31.525559584551
2005-03-21,36.6,36.75,36.25,36.58,92752500,31.5860030019961
2005-03-22,36.63,36.75,36.11,36.13,114016300,31.1974381755637
2005-03-23,36.09,36.494,36.07,36.26,97444900,31.309690236533
2005-03-24,36.519,36.65,36.27,36.27,77566800,31.3183250104538
2005-03-28,36.41,36.611,36.31,36.34,59739000,31.3787684278988
2005-03-29,36.26,36.58,35.94,36.05,119554300,31.1283599841979
2005-03-30,36.23,36.78,36.22,36.73,114711000,31.7155246108069
2005-03-31,36.73,36.75,36.44,36.57,86578900,31.5773682280754
2005-04-01,36.82,36.884,36.13,36.2,143814300,31.2578815930087
2005-04-04,36.25,36.6,36.03,36.46,100090300,31.4823857149474
2005-04-05,36.49,36.669,36.415,36.56,66266600,31.5687334541546
2005-04-06,36.66,36.905,36.42,36.5,82168900,31.5169248106303
2005-04-07,36.532,36.952,36.51,36.94,88618000,31.896854863142
2005-04-08,37.0,37.07,36.6,36.64,92332900,31.6378116455204
2005-04-11,36.75,36.78,36.4,36.48,70976000,31.4996552627889
2005-04-12,36.44,36.74,35.91,36.66,144848500,31.6550811933619
2005-04-13,36.561,36.6,35.98,36.06,108995500,31.1369947581186
2005-04-14,36.064,36.1,35.5,35.55,158057900,30.6966212881619
2005-04-15,35.24,35.37,34.68,34.74,170013300,29.9972046005835
2005-04-18,34.73,35.1,34.64,34.75,110084000,30.0058393745042
2005-04-19,35.02,35.1,34.75,34.99,96922100,30.2130739486015
2005-04-20,35.21,35.29,34.59,34.704,140457400,29.9661194144689
2005-04-21,35.1,35.71,34.96,35.666,124505100,30.7967846656422
2005-04-22,35.455,35.47,34.817,35.09,114996800,30.2994216878087
2005-04-25,35.3,35.463,35.149,35.375,72170100,30.5455127445493
2005-04-26,35.29,35.7,35.04,35.05,104958800,30.2648825921258
2005-04-27,34.87,35.25,34.73,35.1,112539300,30.3080564617294
2005-04-28,34.92,35.15,34.72,34.75,98181900,30.0058393745042
2005-04-29,35.0,35.064,34.35,34.98,144435900,30.2044391746808
2005-05-02,35.1,35.2636,34.886,35.12,67648800,30.3253260095709
2005-05-03,35.04,35.6,35.03,35.3,103428700,30.4807519401438
2005-05-04,35.29,35.832,35.24,35.728,90480600,30.8503202639507
2005-05-05,35.75,35.924,35.53,35.76,79341700,30.877951540497
2005-05-06,35.97,36.02,35.723,35.857,77310200,30.961708847528
2005-05-09,35.88,36.06,35.657,36.03,66298400,31.1110904363565
2005-05-10,35.859,35.96,35.619,35.766,77194700,30.8831324048494
2005-05-11,35.823,36.026,35.3,35.95,131952400,31.0420122449907
2005-05-12,36.0,36.2,35.656,35.85,116602200,30.9556645057835
2005-05-13,35.99,36.47,35.888,36.24,133273500,31.2924206886916
2005-05-16,36.24,36.538,36.13,36.484,79093200,31.5031091723572
2005-05-17,36.349,36.74,36.21,36.7,91665900,31.6896202890447
2005-05-18,36.794,37.36,36.71,37.2,128105900,32.1213589850808
2005-05-19,37.29,37.52,37.2,37.512,92619700,32.3907639314072
2005-05-20,37.45,37.69,37.35,37.66,66530100,32.5185585854339
2005-05-23,37.66,37.986,37.6,37.85,93068200,32.6826192899276
2005-05-24,37.76,38.0,37.7,37.97,100830000,32.7862365769763
2005-05-25,37.84,37.881,37.59,37.81,76470600,32.6480801942447
2005-05-26,37.99,38.27,37.98,38.19,84066800,32.9762016032321
2005-05-27,38.14,38.25,38.02,38.21,50076900,32.9934711510735
2005-05-31,38.19,38.24,37.92,38.08,75281500,32.8812190901042
2005-06-01,38.03,38.68,38.02,38.39,110875700,33.1488970816465
2005-06-02,38.34,38.66,38.3,38.66,75926500,33.382035977506
2005-06-03,38.63,38.64,38.02,38.1,96998400,32.8984886379456
2005-06-06,38.12,38.19,37.96,38.11,52681400,32.9071234118663
2005-06-07,38.15,38.471,37.738,37.79,108953400,32.6308106464033
2005-06-08,37.9,37.95,37.56,37.71,79211900,32.5617324550375
2005-06-09,37.66,38.06,37.5,37.95,99383300,32.7689670291348
2005-06-10,37.89,37.9,37.38,37.547,85971700,32.4209856401298
2005-06-13,37.48,37.95,37.46,37.73,82331300,32.579002002879
2005-06-14,37.69,37.84,37.5,37.58,62593600,32.4494803940682
2005-06-15,37.83,37.87,37.25,37.7,103952000,32.5530976811168
2005-06-16,37.74,38.0,37.66,37.9,90450100,32.7257931595312
2005-06-17,38.11,38.21,37.75,37.87,83915700,32.7299033119175
2005-06-20,37.72,38.08,37.58,37.87,67580000,32.7299033119175
2005-06-21,37.84,38.011,37.7,37.85,97845600,32.7126179127562
2005-06-22,38.0,38.1,37.63,37.81,75221100,32.6780471144336
2005-06-23,37.87,38.18,37.33,37.39,122163300,32.3150537320463
2005-06-24,37.38,37.41,36.958,36.97,142144100,31.9520603496591
2005-06-27,36.95,37.06,36.7,36.8,72780800,31.805134456788
2005-06-28,36.95,37.26,36.9,37.15,73330300,32.1076289421108
2005-06-29,37.25,37.26,36.97,37.068,71513600,32.0367588055494
2005-06-30,37.14,37.21,36.75,36.78,87803700,31.7878490576267
2005-07-01,36.86,37.001,36.68,36.725,55254800,31.7403142099332
2005-07-05,36.63,37.19,36.6,37.11,79288700,32.0730581437882
2005-07-06,37.03,37.28,36.864,36.93,79101000,31.9174895513365
2005-07-07,36.58,37.09,36.5498,37.06,119466300,32.0298446458849
2005-07-08,37.08,37.81,36.993,37.77,101320700,32.643476316111
2005-07-11,37.87,38.16,37.8,38.12,96283700,32.9459708014337
2005-07-12,38.12,38.46,38.01,38.3,86059300,33.1015393938854
2005-07-13,38.32,38.43,38.17,38.39,72135400,33.1793236901112
2005-07-14,38.659,38.88,38.52,38.77,99135200,33.5077462741759
2005-07-15,38.84,39.0,38.649,38.89,67239200,33.6114586691437
2005-07-18,38.77,38.89,38.688,38.733,58644000,33.4757682857275
2005-07-19,38.91,39.196,38.84,39.18,77860900,33.8620969569825
2005-07-20,38.93,39.57,38.9,39.46,91433100,34.1040925452407
2005-07-21,39.56,39.693,39.21,39.47,127286000,34.1127352448213
2005-07-22,39.47,39.59,39.22,39.42,71666600,34.0695217469181
2005-07-25,39.46,39.626,39.2,39.27,51872700,33.9398812532083
2005-07-26,39.39,39.53,39.19,39.42,67324900,34.0695217469181
2005-07-27,39.43,39.76,39.226,39.72,78351100,34.3288027343375
2005-07-28,39.75,39.921,39.64,39.91,66163700,34.4930140263698
2005-07-29,39.87,39.92,39.52,39.575,74725700,34.2034835904181
2005-08-01,39.64,39.83,39.52,39.65,59748300,34.268303837273
2005-08-02,39.7,40.14,39.654,40.08,79284100,34.6399399192409
2005-08-03,39.91,40.13,39.88,40.06,61916400,34.6226545200796
2005-08-04,39.88,39.94,39.57,39.673,72035500,34.2881820463085
2005-08-05,39.61,39.79,39.427,39.48,66029500,34.1213779444019
2005-08-08,39.52,39.61,39.14,39.19,63415400,33.8707396565631
2005-08-09,39.37,39.59,39.306,39.45,62143600,34.09544984566
2005-08-10,39.55,39.685,38.97,39.11,102317500,33.8015980599179
2005-08-11,39.13,39.541,39.1,39.432,92446700,34.0798929864148
2005-08-12,39.12,39.32,38.97,39.21,86367300,33.8880250557244
2005-08-15,39.14,39.63,39.077,39.446,63061100,34.0919927658277
2005-08-16,39.3,39.33,38.74,38.81,94596000,33.5423170724985
2005-08-17,38.92,39.17,38.79,39.04,74470500,33.7410991628534
2005-08-18,38.87,39.1,38.77,38.843,72559400,33.5708379811146
2005-08-19,38.89,39.001,38.79,38.82,52024300,33.5509597720791
2005-08-22,38.88,39.18,38.597,38.84,88056300,33.5682451712404
2005-08-23,38.84,38.92,38.61,38.73,57482900,33.4731754758533
2005-08-24,38.84,39.18,38.46,38.5,95025700,33.2743933854984
2005-08-25,38.56,38.692,38.49,38.588,52328800,33.3504491418081
2005-08-26,38.53,38.6,38.27,38.4599,63840700,33.23973616018
2005-08-29,38.26,38.85,38.26,38.76,74940400,33.4991035745952
2005-08-30,38.56,38.655,38.32,38.62,87373600,33.3781057804661
2005-08-31,38.642,39.01,38.478,38.98,93426300,33.6892429653695
2005-09-01,38.98,39.15,38.78,38.92,74884400,33.6373867678856
2005-09-02,38.99,39.031,38.74,38.77,53244900,33.5077462741759
2005-09-06,38.93,39.41,38.9,39.34,78106600,34.0003801502729
2005-09-07,39.3,39.479,39.21,39.409,57440100,34.0600147773793
2005-09-08,39.29,39.57,39.27,39.4,73529700,34.0522363477568
2005-09-09,39.41,39.69,39.31,39.619,75342100,34.241511468573
2005-09-12,39.63,39.863,39.58,39.73,51689900,34.3374454339182
2005-09-13,39.679,39.91,39.54,39.63,66145800,34.2510184381117
2005-09-14,39.65,39.68,39.15,39.18,98644000,33.8620969569825
2005-09-15,39.26,39.34,39.05,39.16,80421500,33.8448115578212
2005-09-16,39.25,39.46,39.109,39.4,71034100,34.0522363477568
2005-09-19,39.32,39.38,38.91,39.09,73387500,33.7843126607566
2005-09-20,39.16,39.541,38.809,38.93,115202800,33.6460294674663
2005-09-21,38.82,38.87,38.47,38.5,116404300,33.2743933854984
2005-09-22,38.44,38.73,38.24,38.64,118686100,33.3953911796274
2005-09-23,38.44,38.88,38.41,38.75,70154000,33.4904608750146
2005-09-26,38.97,39.03,38.55,38.76,69327600,33.4991035745952
2005-09-27,38.8,38.9,38.51,38.67,64089500,33.4213192783694
2005-09-28,38.77,38.95,38.558,38.68,72044500,33.42996197795
2005-09-29,38.63,39.211,38.445,39.2,117634600,33.8793823561438
2005-09-30,39.153,39.48,39.13,39.46,79248500,34.1040925452407
2005-10-03,39.54,39.75,39.51,39.56,81685600,34.1905195410471
2005-10-04,39.6,39.88,39.29,39.3,85348600,33.9658093519503
2005-10-05,39.31,39.34,38.73,38.76,106152200,33.4991035745952
2005-10-06,38.73,38.86,37.92,38.25,162213700,33.0583258959821
2005-10-07,38.41,38.57,38.179,38.34,91119900,33.136110192208
2005-10-10,38.29,38.461,38.06,38.13,64012000,32.9546135010144
2005-10-11,38.21,38.24,37.8,37.94,114736900,32.790402208982
2005-10-12,37.76,38.056,37.43,37.487,146109500,32.3988879179786
2005-10-13,37.47,37.91,37.33,37.78,138569600,32.6521190156916
2005-10-14,37.87,38.07,37.64,38.06,131463200,32.8941146039498
2005-10-17,38.056,38.19,37.82,38.18,64080400,32.9978269989176
2005-10-18,38.145,38.18,37.91,37.91,88070400,32.7644741102401
2005-10-19,37.74,38.672,37.61,38.67,132879900,33.4213192783694
2005-10-20,38.66,38.85,38.1,38.306,132576900,33.1067250136338
2005-10-21,38.699,38.86,38.3288,38.55,110032000,33.3176068834016
2005-10-24,38.712,39.181,38.467,39.16,110820900,33.8448115578212
2005-10-25,39.08,39.1901,38.77,39.01,86665800,33.7151710641115
2005-10-26,38.96,39.274,38.76,38.81,89878100,33.5423170724985
2005-10-27,38.78,38.8,38.03,38.03,132231100,32.8681865052079
2005-10-28,38.17,38.392,37.92,38.322,95243900,33.1205533329628
2005-10-31,38.43,39.05,38.42,38.87,115279100,33.5941732699824
2005-11-01,38.76,39.01,38.71,38.84,73502300,33.5682451712404
2005-11-02,38.725,39.46,38.71,39.347,101409900,34.0064300399793
2005-11-03,39.74,40.0901,39.68,39.94,137054000,34.5189421251118
2005-11-04,39.994,40.23,39.84,40.08,100944500,34.6399399192409
2005-11-07,40.2,40.29,39.95,40.13,65324500,34.6831534171441
2005-11-08,40.064,40.35,39.99,40.14,78859700,34.6917961167248
2005-11-09,40.12,40.33,40.03,40.159,72458800,34.708217245928
2005-11-10,40.18,40.69,39.92,40.6,120763100,35.0893602974346
2005-11-11,40.77,40.918,40.68,40.71,80057200,35.1844299928218
2005-11-14,40.77,40.86,40.603,40.714,53652400,35.187887072654
2005-11-15,40.73,40.9,40.38,40.52,79543500,35.0202187007894
2005-11-16,40.645,40.78,40.46,40.768,65895700,35.2345576503895
2005-11-17,40.91,41.32,40.85,41.307,94425500,35.7003991577865
2005-11-18,41.52,41.651,41.0253,41.45,108820200,35.8239897617898
2005-11-21,41.397,41.581,41.24,41.549,69731400,35.9095524876382
2005-11-22,41.46,41.87,41.36,41.7,88814000,36.040057251306
2005-11-23,41.73,42.02,41.71,41.8,64101200,36.1264842471125
2005-11-25,41.84,41.94,41.73,41.89,22930200,36.2042685433383
2005-11-28,41.97,42.0,41.5,41.54,74716200,35.9017740580156
2005-11-29,41.76,41.85,41.34,41.343,77443000,35.7315128762769
2005-11-30,41.29,41.49,41.189,41.24,88044400,35.6424930705962
2005-12-01,41.51,42.05,41.5,42.007,91914100,36.3053881284319
2005-12-02,41.932,42.133,41.87,42.107,72929200,36.3918151242384
2005-12-05,42.05,42.06,41.629,41.8,61519900,36.1264842471125
2005-12-06,42.03,42.31,41.9,41.936,81509400,36.2440249614093
2005-12-07,42.01,42.03,41.629,41.86,83885500,36.1783404445964
2005-12-08,41.96,42.0,41.27,41.561,112043200,35.919923727135
2005-12-09,41.571,41.77,41.3799,41.715,56526900,36.053021300677
2005-12-12,41.87,41.94,41.68,41.867,44863600,36.1843903343028
2005-12-13,41.82,42.211,41.76,42.045,76611600,36.3382303868384
2005-12-14,41.95,42.096,41.708,41.899,73581600,36.2120469729609
2005-12-15,42.0,42.07,41.608,41.97,72607200,36.2734101399835
2005-12-16,41.87,41.94,41.549,41.58,63743000,36.0237225490986
2005-12-19,41.68,41.71,40.9,40.92,75341700,35.4519174292716
2005-12-20,40.95,41.15,40.75,40.95,70257700,35.4779085710819
2005-12-21,41.02,41.41,40.95,41.13,68935000,35.6338554219438
2005-12-22,41.11,41.462,40.98,41.397,59149500,35.8651765840557
2005-12-23,41.51,41.59,41.299,41.403,38000400,35.8703748124177
2005-12-27,41.52,41.68,40.97,41.038,55656300,35.5541492537255
2005-12-28,41.06,41.23,40.87,40.99,50302400,35.512563426829
2005-12-29,41.03,41.12,40.65,40.72,47301700,35.2786431505362
2005-12-30,40.55,40.58,40.36,40.412,60026500,35.0118007612836
2006-01-03,40.65,41.49,40.16,41.31,109350400,35.7898022728057
2006-01-04,41.41,41.74,41.3158,41.74,92769400,36.1623419720869
2006-01-05,41.75,42.0,41.7065,41.92,77656900,36.3182888229488
2006-01-06,42.26,42.7,42.06,42.68,110053900,36.9767310821435
2006-01-09,42.66,42.9201,42.52,42.8499,80768800,37.1239275819293
2006-01-10,42.64,42.92,42.55,42.88,84369400,37.150005360879
2006-01-11,43.02,43.31,42.87,43.21,100761400,37.4359079207924
2006-01-12,43.16,43.29,42.85,43.0,82429200,37.2539699281202
2006-01-13,42.94,43.05,42.73,42.98,64572100,37.2366425002467
2006-01-17,42.66,42.79,42.5,42.7,77962100,36.9940585100171
2006-01-18,42.04,42.46,42.02,42.21,121021900,36.5695365271152
2006-01-19,42.4,42.82,42.29,42.52,111094000,36.8381116591552
2006-01-20,42.44,42.49,41.15,41.25,188569400,35.7378199891851
2006-01-23,41.37,41.45,41.08,41.26,111381900,35.7464837031219
2006-01-24,41.36,41.7,41.31,41.44,77956900,35.9024305539838
2006-01-25,41.64,41.67,41.08,41.26,99826400,35.7464837031219
2006-01-26,41.5,41.69,41.23,41.55,112600600,35.9977314072883
2006-01-27,41.8,42.39,41.74,42.11,110830400,36.4828993877475
2006-01-30,42.18,42.32,42.07,42.19,53942600,36.5522090992417
2006-01-31,42.17,42.27,41.81,42.0,100988100,36.387598534443
2006-02-01,41.74,42.17,41.7,42.15,89168700,36.5175542434946
2006-02-02,42.01,42.08,41.41,41.43,94047400,35.893766840047
2006-02-03,41.12,41.23,40.78,40.92,121094200,35.4519174292716
2006-02-06,40.89,41.01,40.59,40.81,58162800,35.3566165759671
2006-02-07,40.72,40.93,40.44,40.63,87327000,35.2006697251052
2006-02-08,40.92,41.15,40.69,41.1,89907800,35.6078642801335
2006-02-09,41.21,41.37,40.63,40.71,78213400,35.2699794365994
2006-02-10,40.68,41.06,40.26,40.96,102575900,35.4865722850187
2006-02-13,40.7,40.74,40.3,40.49,70643100,35.0793777299904
2006-02-14,40.57,41.02,40.41,40.9,94340300,35.4345900013981
2006-02-15,40.79,41.26,40.73,41.16,92254300,35.6598465637542
2006-02-16,41.31,41.55,41.15,41.54,103859600,35.9890676933515
2006-02-17,41.46,41.46,41.2,41.21,81770200,35.703165133438
2006-02-21,41.22,41.27,40.61,40.75,85101400,35.3046342923465
2006-02-22,40.8,41.54,40.68,41.26,91983900,35.7464837031219
2006-02-23,41.19,41.54,41.08,41.15,66517100,35.6511828498174
2006-02-24,41.15,41.29,41.01,41.26,57085400,35.7464837031219
2006-02-27,41.36,41.87,41.33,41.72,64945000,36.1450145442134
2006-02-28,41.61,41.72,40.97,41.1,117564600,35.6078642801335
2006-03-01,41.23,41.7701,41.15,41.66,80962300,36.0930322605928
2006-03-02,41.57,41.84,41.41,41.69,69856500,36.1190234024031
2006-03-03,41.45,42.01,41.39,41.45,112066100,35.9110942679206
2006-03-06,41.54,41.63,40.96,41.09,99581000,35.5992005661968
2006-03-07,41.02,41.07,40.65,40.85,96441100,35.3912714317142
2006-03-08,40.76,41.09,40.5,40.87,103961900,35.4085988595878
2006-03-09,41.01,41.1501,40.47,40.52,108556700,35.1053688718007
2006-03-10,40.48,40.79,40.19,40.56,124474900,35.1400237275478
2006-03-13,40.74,40.94,40.62,40.68,69169100,35.2439882947891
2006-03-14,40.64,41.42,40.64,41.37,118201000,35.8417845564264
2006-03-15,41.53,41.72,41.32,41.72,84375800,36.1450145442134
2006-03-16,41.85,41.9201,41.33,41.37,101371200,35.8417845564264
2006-03-17,41.34,41.59,41.23,41.45,78219600,35.9363056754766
2006-03-20,41.57,41.68,41.4,41.55,60240100,36.0230036385054
2006-03-21,41.5,42.01,41.08,41.11,136566000,35.6415326011783
2006-03-22,40.88,41.28,40.86,41.21,112282800,35.7282305642072
2006-03-23,41.09,41.22,40.82,41.09,75158200,35.6241930085725
2006-03-24,41.23,41.5001,41.02,41.3,81795500,35.8062587309332
2006-03-27,41.28,41.51,41.24,41.31,54400400,35.8149285272361
2006-03-28,41.39,41.67,40.99,41.14,100522800,35.667541990087
2006-03-29,41.2,42.1,41.17,41.92,130669100,36.3437861017124
2006-03-30,42.01,42.3001,41.79,42.05,115915600,36.4564934536499
2006-03-31,42.13,42.19,41.84,41.93,71074600,36.3524558980152
2006-04-03,42.15,42.37,41.9,41.98,80730700,36.3958048795297
2006-04-04,42.05,42.31,41.93,42.21,89952600,36.5952101944961
2006-04-05,42.3,42.67,42.21,42.61,91628200,36.9420020466117
2006-04-06,42.59,42.94,42.4404,42.73,91712800,37.0460396022464
2006-04-07,42.88,43.05,42.3,42.32,116604300,36.6905779538279
2006-04-10,42.4,42.5,42.09,42.26,58981900,36.6385591760106
2006-04-11,42.39,42.43,41.71,41.92,91481900,36.3437861017124
2006-04-12,41.94,42.08,41.8,41.93,58751200,36.3524558980152
2006-04-13,41.91,42.33,41.79,42.1,63476900,36.4998424351644
2006-04-17,42.04,42.21,41.39,41.66,104072100,36.1183713978372
2006-04-18,41.77,42.56,41.77,42.46,124291700,36.8119551020684
2006-04-19,42.54,42.65,42.3,42.65,79050300,36.9766812318233
2006-04-20,42.64,42.82,42.38,42.5,81408000,36.8466342872799
2006-04-21,42.66,42.86,41.82,42.0,130181200,36.4131444721355
2006-04-24,41.95,42.07,41.72,41.96,78556400,36.3784652869239
2006-04-25,42.07,42.1,41.65,41.87,77660800,36.3004371201979
2006-04-26,41.86,42.06,41.7,41.86,82537000,36.291767323895
2006-04-27,41.67,42.49,41.5,42.26,173950100,36.6385591760106
2006-04-28,42.0,42.22,41.78,41.85,88876600,36.2830975275921
2006-05-01,41.92,42.3,41.31,41.44,92875500,35.9276358791737
2006-05-02,41.62,41.73,41.4,41.55,85148100,36.0230036385054
2006-05-03,41.57,41.64,41.28,41.49,74971600,35.9709848606881
2006-05-04,41.53,41.99,41.53,41.83,88696800,36.2657579349863
2006-05-05,42.11,42.21,41.94,42.16,80392200,36.5518612129817
2006-05-08,42.08,42.28,42.07,42.2,45079100,36.5865403981933
2006-05-09,42.1,42.18,41.97,42.04,48528800,36.447823657347
2006-05-10,41.93,41.98,41.55,41.67,92424200,36.1270411941401
2006-05-11,41.63,41.65,40.63,40.74,140989700,35.3207501379714
2006-05-12,40.56,40.76,39.96,40.19,153920800,34.8439113413125
2006-05-15,40.03,40.34,39.79,40.16,127896500,34.8179019524038
2006-05-16,40.16,40.26,39.77,39.86,132397500,34.5578080633171
2006-05-17,39.68,39.81,39.23,39.32,207897100,34.0896390629611
2006-05-18,39.49,39.66,39.0,39.05,139690900,33.8555545627831
2006-05-19,39.17,39.47,38.75,39.35,194306300,34.1156484518698
2006-05-22,39.02,39.24,38.62,38.97,169591800,33.78619619236
2006-05-23,39.26,39.3801,38.57,38.59,142243900,33.4567439328502
2006-05-24,38.53,39.04,38.23,38.85,234981600,33.6821586367253
2006-05-25,39.08,39.38,38.82,39.36,123510900,34.1243182481727
2006-05-26,39.45,39.58,39.23,39.49,91319600,34.2370256001102
2006-05-30,39.31,39.33,38.61,38.64,105606200,33.5000929143646
2006-05-31,38.72,39.06,38.54,38.82,137066200,33.6561492478166
2006-06-01,38.91,39.74,38.84,39.74,119357400,34.4537705076825
2006-06-02,39.97,40.0,39.31,39.642,128864100,34.3688065039142
2006-06-05,39.55,39.56,38.78,38.78,103190600,33.6214700626051
2006-06-06,38.85,38.95,38.35,38.75,127271000,33.5954606736964
2006-06-07,38.8,39.17,38.45,38.46,130754700,33.3440365809126
2006-06-08,38.27,38.56,37.49,38.4,280562200,33.2920178030953
2006-06-09,38.54,38.74,38.11,38.3,144146200,33.2053198400664
2006-06-12,38.05,38.26,37.39,37.4,145607500,32.4250381728063
2006-06-13,37.52,37.8,37.16,37.25,207099500,32.294991228263
2006-06-14,37.36,37.71,37.2,37.63,201876800,32.6244434877728
2006-06-15,37.84,38.79,37.8,38.65,200700400,33.5087627106675
2006-06-16,38.55,38.68,38.2,38.34,120006100,33.2622804017764
2006-06-19,38.5,38.54,37.91,38.03,129450100,32.9933365591955
2006-06-20,38.09,38.48,37.94,38.08,102871700,33.0367145983215
2006-06-21,38.14,38.99,38.13,38.68,129548100,33.5572510678328
2006-06-22,38.6,38.68,37.99,38.19,143100500,33.1321462843985
2006-06-23,38.16,38.53,37.93,38.15,88050200,33.0974438530978
2006-06-26,38.17,38.39,38.07,38.25,65157700,33.1841999313497
2006-06-27,38.28,38.33,37.49,37.53,128227500,32.559556167936
2006-06-28,37.63,37.84,37.38,37.81,91576300,32.8024731870413
2006-06-29,37.96,38.96,37.9,38.96,181997200,33.8001680869381
2006-06-30,39.12,39.14,38.68,38.77,82719200,33.6353315382595
2006-07-03,38.88,39.0,38.81,39.0,21598500,33.8348705182389
2006-07-05,38.64,38.68,38.09,38.15,93724000,33.0974438530978
2006-07-06,38.26,38.48,38.01,38.11,70615200,33.062741421797
2006-07-07,37.89,38.17,37.57,37.69,108063300,32.6983658931391
2006-07-10,37.79,37.93,37.17,37.36,105109800,32.4120708349078
2006-07-11,37.28,37.74,37.08,37.64,136114200,32.6549878540131
2006-07-12,37.56,37.64,36.84,36.93,154458900,32.0390196984247
2006-07-13,36.66,37.04,36.31,36.31,177745500,31.5011320132629
2006-07-14,36.3,36.38,35.79,35.94,172448500,31.1801345237309
2006-07-17,35.95,36.25,35.87,36.03,134311000,31.2582149941576
2006-07-18,36.22,36.33,35.54,36.15,206964900,31.3623222880599
2006-07-19,36.1,36.83,36.09,36.62,192517600,31.7700758558438
2006-07-20,36.74,36.8,36.04,36.08,152292100,31.3015930332836
2006-07-21,35.88,35.96,35.62,35.7,119343000,30.9719199359264
2006-07-24,35.85,36.4301,35.8,36.41,130269300,31.5878880915148
2006-07-25,36.47,36.74,36.24,36.62,108869600,31.7700758558438
2006-07-26,36.5,36.87,36.23,36.59,107170500,31.7440490323682
2006-07-27,36.73,37.04,36.25,36.35,99698700,31.5358344445637
2006-07-28,36.56,37.14,36.5,37.11,93556100,32.1951806392781
2006-07-31,37.08,37.32,36.89,37.1,78015300,32.1865050314529
2006-08-01,36.79,36.8,36.26,36.48,98552800,31.6486173462911
2006-08-02,36.61,37.13,36.61,36.89,87370600,32.0043172671239
2006-08-03,36.54,37.34,36.48,37.12,99205600,32.2038562471033
2006-08-04,37.42,37.63,36.62,36.95,123493800,32.056370914075
2006-08-07,36.92,36.94,36.53,36.71,69634800,31.8481563262705
2006-08-08,36.81,36.9,36.26,36.48,124139900,31.6486173462911
2006-08-09,37.01,37.31,36.43,36.53,145342200,31.6919953854171
2006-08-10,36.46,36.88,36.31,36.79,102481300,31.917561188872
2006-08-11,36.46,36.69,36.37,36.53,86903200,31.6919953854171
2006-08-14,36.86,37.27,36.7,36.77,109281100,31.9002099732216
2006-08-15,37.22,37.75,37.09,37.7,133712100,32.7070415009643
2006-08-16,37.99,38.61,37.84,38.58,135452100,33.4704949895809
2006-08-17,38.47,38.98,38.44,38.73,129492200,33.6006291069588
2006-08-18,38.65,38.83,38.28,38.79,97754500,33.6526827539099
2006-08-21,38.47,38.56,38.26,38.42,66668400,33.3316852643779
2006-08-22,38.36,38.81,38.2,38.43,102058600,33.3403608722031
2006-08-23,38.47,38.67,37.92,38.14,96056300,33.0887682452726
2006-08-24,38.26,38.35,37.92,38.25,78985300,33.1841999313497
2006-08-25,38.17,38.64,38.06,38.32,73572900,33.244929186126
2006-08-28,38.28,38.79,38.24,38.61,80035000,33.4965218130565
2006-08-29,38.58,38.76,38.18,38.73,104842000,33.6006291069588
2006-08-30,38.74,39.03,38.6,38.91,75687200,33.7567900478122
2006-08-31,38.94,39.03,38.76,38.87,61207200,33.7220876165114
2006-09-01,39.07,39.21,38.9,39.08,69388500,33.9042753808404
2006-09-05,39.11,39.48,38.85,39.46,85582800,34.2339484781976
2006-09-06,39.08,39.19,38.61,38.67,97888600,33.5485754600076
2006-09-07,38.57,38.9,38.36,38.4799,115877400,33.3836521552508
2006-09-08,38.54,38.82,38.46,38.72,96627000,33.5919534991336
2006-09-11,38.41,39.15,38.3199,38.96,142377500,33.8001680869381
2006-09-12,38.95,39.8,38.95,39.68,124102400,34.4248118503518
2006-09-13,39.73,39.982,39.63,39.96,116054300,34.6677288694571
2006-09-14,39.85,40.22,39.76,39.99,98116000,34.6937556929326
2006-09-15,40.35,40.46,40.0,40.11,137825600,34.8181639091459
2006-09-18,40.12,40.4,39.94,40.1101,117806700,34.8182507158372
2006-09-19,40.24,40.25,39.52,39.85,159060800,34.5924665115797
2006-09-20,40.2,40.54,40.19,40.43,116635500,35.0959453215349
2006-09-21,40.52,40.67,40.08,40.18,121886900,34.878928593106
2006-09-22,40.15,40.16,39.7,39.87,100996400,34.609827849854
2006-09-25,40.05,40.66,39.68,40.57,136473400,35.2174746894552
2006-09-26,40.52,40.8,40.4,40.77,113375600,35.3910880721984
2006-09-27,40.7,40.95,40.5,40.72,113003800,35.3476847265126
2006-09-28,40.77,40.89,40.43,40.83,85943600,35.4431720870213
2006-09-29,40.89,40.93,40.62,40.65,85438200,35.2869200425525
2006-10-02,40.6,40.7,40.08,40.14,97068800,34.8442059165573
2006-10-03,40.05,40.48,39.88,40.31,116261400,34.991777291889
2006-10-04,40.22,41.31,40.14,41.3,149209500,35.8511635364678
2006-10-05,41.28,41.56,41.18,41.5,91799900,36.024776919211
2006-10-06,41.38,41.56,41.24,41.41,85450400,35.9466508969766
2006-10-09,41.37,41.74,41.32,41.55,62786100,36.0681802648968
2006-10-10,41.61,41.75,41.31,41.62,98181800,36.1289449488569
2006-10-11,41.43,41.83,41.17,41.54,136561300,36.0594995957596
2006-10-12,41.76,42.25,41.7,42.23,95260200,36.6584657662236
2006-10-13,42.22,42.52,42.14,42.43,80470200,36.8320791489668
2006-10-16,42.43,42.62,42.4,42.45,62017400,36.8494404872411
2006-10-17,42.17,42.2,41.76,42.0,146149100,36.458810376069
2006-10-18,42.22,42.31,41.65,41.8,120366100,36.2851969933258
2006-10-19,41.69,42.1101,41.59,41.9,108198400,36.3720036846974
2006-10-20,42.05,42.084,41.64,42.0,105454300,36.458810376069
2006-10-23,41.92,42.58,41.82,42.43,126960500,36.8320791489668
2006-10-24,42.29,42.45,41.92,42.13,103541700,36.571659074852
2006-10-25,42.14,42.52,42.05,42.43,125399500,36.8320791489668
2006-10-26,42.57,42.92,42.22,42.82,130260700,37.170625245316
2006-10-27,42.73,42.82,42.08,42.21,129375000,36.6411044279493
2006-10-30,42.17,42.65,42.06,42.48,103899900,36.8754824946526
2006-10-31,42.56,42.76,42.31,42.58,135811800,36.9622891860242
2006-11-01,42.73,42.77,41.82,42.0,148960600,36.458810376069
2006-11-02,41.815,42.14,41.74,42.04,100216400,36.4935330526176
2006-11-03,42.1,42.19,41.61,41.93,119263300,36.3980456921088
2006-11-06,42.06,42.71,42.06,42.54,101283300,36.9275665094756
2006-11-07,42.53,43.09,42.47,42.83,139706500,37.1793059144532
2006-11-08,42.58,43.2,42.47,43.03,180245700,37.3529192971964
2006-11-09,43.27,43.35,42.67,42.8,124278000,37.1532639070417
2006-11-10,42.84,43.04,42.67,43.03,82419400,37.3529192971964
2006-11-13,43.06,43.54,43.0,43.46,89146200,37.7261880700942
2006-11-14,43.5,43.97,43.24,43.93,121962800,38.1341795195407
2006-11-15,43.98,44.4,43.92,44.11,116565900,38.2904315640096
2006-11-16,44.25,44.42,44.02,44.3,113513200,38.4553642776156
2006-11-17,44.06,44.3,43.95,44.3,95162500,38.4553642776156
2006-11-20,44.16,44.48,44.01,44.39,107184100,38.53349029985
2006-11-21,44.42,44.51,44.25,44.45,68092200,38.585574314673
2006-11-22,44.58,44.75,44.26,44.73,69852700,38.8286330505134
2006-11-24,44.4,44.86,44.38,44.65,51762900,38.7591876974162
2006-11-27,44.52,44.61,43.64,43.66,159506300,37.8998014528374
2006-11-28,43.52,43.84,43.34,43.77,118268400,37.9952888133461
2006-11-29,44.0,44.18,43.66,44.07,139515500,38.2557088874609
2006-11-30,44.05,44.28,43.79,44.04,123457100,38.2296668800495
2006-12-01,44.0,44.35,43.26,43.66,144559600,37.8998014528374
2006-12-04,43.79,44.48,43.79,44.26,89782400,38.4206416010669
2006-12-05,44.39,44.55,44.19,44.42,84697500,38.5595323072615
2006-12-06,44.29,44.4,44.07,44.26,78207500,38.4206416010669
2006-12-07,44.34,44.48,43.7,43.7,124936100,37.934524129386
2006-12-08,43.57,44.26,43.47,43.9,133798700,38.1081375121292
2006-12-11,43.835,44.37,43.75,44.06,72931300,38.2470282183238
2006-12-12,44.05,44.13,43.56,43.8,110985900,38.0213308207576
2006-12-13,44.105,44.11,43.62,43.88,79035500,38.0907761738549
2006-12-14,43.97,44.57,43.94,44.37,109104200,38.5161289615757
2006-12-15,44.66,44.76,44.35,44.43,99942300,38.615513942527
2006-12-18,44.58,44.75,43.8,43.99,121588700,38.233096068687
2006-12-19,43.65,44.06,43.38,43.85,136535200,38.1114176542834
2006-12-20,43.89,44.11,43.67,43.69,67213400,37.9723566092506
2006-12-21,43.76,43.79,43.21,43.38,102952300,37.7029258344997
2006-12-22,43.39,43.41,42.93,42.93,92858600,37.3118166453452
2006-12-26,42.93,43.12,42.88,43.11,50848600,37.468260321007
2006-12-27,43.19,43.4,43.1,43.33,54129200,37.659469257927
2006-12-28,43.2,43.38,43.05,43.12,69016000,37.4769516363215
2006-12-29,43.21,43.61,43.12,43.16,75152500,37.5117168975797
2007-01-03,43.46,44.06,42.52,43.24,167689500,37.5812474200961
2007-01-04,43.3,44.21,43.15,44.06,136853500,38.2939352758888
2007-01-05,43.93,43.95,43.48,43.85,138958800,38.1114176542834
2007-01-08,43.88,44.12,43.64,43.88,106401600,38.137491600227
2007-01-09,44.0,44.29,43.63,44.1,121577500,38.328700537147
2007-01-10,43.96,44.66,43.82,44.62,121070100,38.7806489335034
2007-01-11,44.71,45.24,44.65,45.08,174029800,39.1804494379725
2007-01-12,45.02,45.35,44.97,45.31,104217300,39.3803496902071
2007-01-16,45.33,45.4,45.13,45.28,95690500,39.3542757442634
2007-01-17,45.09,45.29,44.83,44.91,127142600,39.0326970776252
2007-01-18,44.79,44.84,43.95,44.08,189029800,38.3113179065179
2007-01-19,43.98,44.2801,43.91,44.17,127544300,38.3895397443489
2007-01-22,44.21,44.23,43.51,43.69,123441700,37.9723566092506
2007-01-23,43.64,43.9801,43.5,43.58,133103600,37.8767521407906
2007-01-24,43.87,44.32,43.77,44.3,117615300,38.5025268434379
2007-01-25,44.37,44.47,43.58,43.73,158337600,38.0071218705088
2007-01-26,43.81,43.83,43.29,43.57,146284300,37.8680608254761
2007-01-29,43.45,43.91,43.4,43.61,104191500,37.9028260867343
2007-01-30,43.68,43.79,43.52,43.63,69605900,37.9202087173634
2007-01-31,43.6,44.19,43.33,44.07,157772500,38.3026265912034
2007-02-01,44.27,44.4,43.85,44.02,147365600,38.2591700146307
2007-02-02,44.11,44.25,43.94,44.16,98189200,38.3808484290343
2007-02-05,44.14,44.36,43.96,44.12,96347800,38.3460831677761
2007-02-06,44.2,44.23,43.64,44.05,121110200,38.2852439605743
2007-02-07,44.29,44.65,44.12,44.46,117823800,38.6415878884707
2007-02-08,44.39,44.6,44.23,44.45,89521900,38.6328965731561
2007-02-09,44.57,44.72,43.73,43.84,133472000,38.1027263389688
2007-02-12,43.88,43.89,43.59,43.7,126940000,37.9810479245652
2007-02-13,43.79,44.0,43.7,43.86,93648000,38.1201089695979
2007-02-14,44.05,44.71,44.04,44.6,133370000,38.7632663028743
2007-02-15,44.63,44.86,44.55,44.86,110452500,38.9892405010525
2007-02-16,44.68,44.83,44.57,44.71,72342200,38.8588707713343
2007-02-20,44.65,45.12,44.43,44.68,93629000,38.8327968253907
2007-02-21,44.92,45.21,44.83,45.19,95864000,39.2760539064325
2007-02-22,45.36,45.55,45.07,45.42,116344400,39.4759541586671
2007-02-23,45.42,45.46,45.06,45.26,113467100,39.3368931136343
2007-02-26,45.48,45.5,43.15,45.04,101623700,39.1456841767143
2007-02-27,44.36,44.48,43.06,43.19,317813200,37.5377908435234
2007-02-28,43.16,43.76,42.93,43.33,214978700,37.659469257927
2007-03-01,42.55,43.54,42.24,43.13,231806500,37.4856429516361
2007-03-02,42.78,43.14,42.47,42.48,183359400,36.9207074561906
2007-03-05,42.16,42.8,42.06,42.15,171885400,36.6338940508106
2007-03-06,42.56,42.99,42.5,42.85,155551800,37.2422861228288
2007-03-07,42.86,42.98,42.65,42.68,119979300,37.0945337624815
2007-03-08,43.13,43.24,42.84,42.97,120900700,37.3465819066033
2007-03-09,43.33,43.34,42.65,42.93,128597600,37.3118166453452
2007-03-12,42.88,43.28,42.83,43.21,81310100,37.5551734741525
2007-03-13,43.0,43.24,42.36,42.37,171231800,36.8251029877306
2007-03-14,42.43,43.0,42.1,42.99,192586700,37.3639645372324
2007-03-15,42.9,43.06,42.72,42.89,111627400,37.277051384087
2007-03-16,42.94,43.04,42.61,42.83,108328800,37.2481093040895
2007-03-19,43.06,43.39,42.95,43.27,95913200,37.6307655752499
2007-03-20,43.26,43.59,43.21,43.58,78755700,37.9003643117493
2007-03-21,43.63,44.44,43.35,44.42,173333500,38.6308899203282
2007-03-22,44.44,44.45,44.09,44.26,114856300,38.4917421853608
2007-03-23,44.26,44.37,44.07,44.12,68530300,38.3699879172643
2007-03-26,44.14,44.32,43.63,44.3,114237300,38.5265291191027
2007-03-27,44.23,44.24,43.95,43.99,76419200,38.2569303826033
2007-03-28,43.785,44.03,43.51,43.52,142795000,37.8481839111365
2007-03-29,43.84,43.85,43.1,43.57,124407000,37.8916675783138
2007-03-30,43.56,43.87,43.2215,43.53,120418700,37.856880644572
2007-04-02,43.67,43.76,43.3,43.59,89617700,37.9090610451848
2007-04-03,43.82,44.31,43.79,44.16,105814500,38.4047748510062
2007-04-04,44.2,44.38,44.13,44.34,85147200,38.5613160528445
2007-04-05,44.29,44.58,44.23,44.56,54220200,38.7526441884247
2007-04-09,44.71,44.75,44.38,44.45,63050200,38.6569801206346
2007-04-10,44.44,44.68,44.41,44.68,76364500,38.8570049896503
2007-04-11,44.64,44.66,44.07,44.21,114012300,38.4482585181835
2007-04-12,44.135,44.62,43.95,44.56,113801300,38.7526441884247
2007-04-13,44.57,44.72,44.29,44.65,94572000,38.8309147893439
2007-04-16,44.83,45.15,44.83,45.06,72803200,39.1874808601979
2007-04-17,45.14,45.2,44.96,45.16,81852300,39.2744481945525
2007-04-18,44.93,45.23,44.83,45.01,82002500,39.1439971930206
2007-04-19,44.81,45.25,44.72,45.15,95413000,39.265751461117
2007-04-20,45.52,45.67,45.2,45.4,122377400,39.4831697970036
2007-04-23,45.44,45.6,45.34,45.47,85303300,39.5440469310519
2007-04-24,45.63,45.83,45.33,45.7,108143700,39.7440718000675
2007-04-25,45.85,46.32,45.7,46.31,106818100,40.2745725396308
2007-04-26,46.42,46.65,46.33,46.55,99308300,40.4832941420819
2007-04-27,46.37,46.7,46.29,46.57,96536500,40.5006876089528
2007-04-30,46.5,46.53,45.92,45.96,93290500,39.9701868693896
2007-05-01,45.97,46.14,45.66,45.915,135044400,39.93105156893
2007-05-02,46.09,46.58,46.05,46.42,91971600,40.3702366074209
2007-05-03,46.53,46.72,46.43,46.59,98003600,40.5180810758238
2007-05-04,46.77,46.89,46.42,46.63,93591800,40.5528680095656
2007-05-07,46.65,46.78,46.57,46.63,47487900,40.5528680095656
2007-05-08,46.65,46.77,46.3,46.73,95138900,40.6398353439203
2007-05-09,46.49,46.97,46.46,46.83,116021000,40.7268026782749
2007-05-10,46.67,46.78,46.07,46.19,171196300,40.1702117384052
2007-05-11,46.24,46.78,46.18,46.78,104767900,40.6833190110976
2007-05-14,46.77,46.88,46.19,46.46,118899200,40.4050235411627
2007-05-15,46.41,46.7,45.99,46.1,179438500,40.0919411374861
2007-05-16,46.21,46.56,45.91,46.55,144420500,40.4832941420819
2007-05-17,46.5,46.57,46.29,46.33,109869100,40.2919660065017
2007-05-18,46.48,46.71,46.38,46.71,104961700,40.6224418770493
2007-05-21,46.74,47.24,46.67,47.01,112831400,40.8833438801132
2007-05-22,47.04,47.28,46.87,47.05,98029100,40.9181308138551
2007-05-23,47.19,47.37,46.82,46.83,119220600,40.7268026782749
2007-05-24,46.855,47.04,45.97,46.16,206268600,40.1441215380988
2007-05-25,46.26,46.56,46.18,46.45,87143200,40.3963268077273
2007-05-29,46.49,46.86,46.41,46.81,99702400,40.709409211404
2007-05-30,46.48,47.2,46.35,47.19,132036500,41.0398850819516
2007-05-31,47.32,47.52,47.21,47.41,109457700,41.2312132175318
2007-06-01,47.58,47.77,47.37,47.44,125089800,41.2573034178382
2007-06-04,47.27,47.64,47.24,47.5801,64782700,41.379144653269
2007-06-05,47.43,47.58,47.0,47.58,151160400,41.3790576859346
2007-06-06,47.37,47.38,46.9614,47.07,183166500,40.935524280726
2007-06-07,46.91,47.21,46.32,46.3399,221373300,40.3005757726028
2007-06-08,46.33,46.93,46.16,46.91,177587800,40.7963765457586
2007-06-11,46.89,47.19,46.76,46.82,97100400,40.7181059448394
2007-06-12,46.57,47.04,46.45,46.54,153967700,40.4745974086464
2007-06-13,46.74,47.09,46.54,47.05,147985300,40.9181308138551
2007-06-14,47.1,47.49,47.09,47.36,101531900,41.1877295503544
2007-06-15,47.75,47.87,47.65,47.73,100378400,41.5416257240438
2007-06-18,47.85,47.87,47.67,47.77,75713200,41.576439573383
2007-06-19,47.63,47.86,47.51,47.76,109621300,41.5677361110482
2007-06-20,47.83,47.92,47.24,47.31,161889500,41.1760803059818
2007-06-21,47.305,47.79,47.08,47.74,143181300,41.5503291863786
2007-06-22,47.64,47.71,47.14,47.29,153328700,41.1586733813122
2007-06-25,47.31,47.58,46.82,47.09,136602600,40.984604134616
2007-06-26,47.32,47.32,46.74,46.82,128211900,40.7496106515761
2007-06-27,46.74,47.56,46.7,47.54,141196200,41.3762599396824
2007-06-28,47.52,47.85,47.47,47.52,116546300,41.3588530150128
2007-06-29,47.79,47.88,47.21,47.6,124794700,41.4284807136912
2007-07-02,47.71,48.048,47.68,48.01,80863100,41.7853226694184
2007-07-03,48.1,48.32,48.04,48.31,34803300,42.0464265394627
2007-07-05,48.35,48.77,48.29,48.66,73588500,42.351047721181
2007-07-06,48.71,48.91,48.5,48.86,65804300,42.5251169678772
2007-07-09,48.9,48.98,48.72,48.89,66768800,42.5512273548816
2007-07-10,48.62,48.9,48.43,48.48,104383100,42.1943853991544
2007-07-11,48.37,48.81,48.32,48.81,99637600,42.4815996562031
2007-07-12,49.05,49.67,48.92,49.56,107667100,43.1343593313138
2007-07-13,49.62,49.97,49.5699,49.9,74232200,43.4302770506973
2007-07-16,49.9,50.08,49.76,49.85,77799500,43.3867597390233
2007-07-17,49.97,50.3,49.92,50.23,124833700,43.717491307746
2007-07-18,49.94,50.17,49.64,50.17,144915900,43.6652705337372
2007-07-19,50.41,50.66,50.31,50.32,116563800,43.7958224687593
2007-07-20,50.29,50.36,49.74,50.05,163721300,43.5608289857195
2007-07-23,50.21,50.31,49.92,50.07,107464100,43.5782359103891
2007-07-24,49.71,50.1,49.05,49.33,175496200,42.9341796976132
2007-07-25,49.57,49.67,49.06,49.4,170258700,42.9951039339569
2007-07-26,49.07,49.47,48.05,48.98,318522000,42.6295585158949
2007-07-27,48.89,49.12,47.99,47.99,246387600,41.7679157447488
2007-07-30,48.21,48.73,47.95,48.55,166517200,42.2553096354981
2007-07-31,48.97,48.99,47.43,47.53,260224500,41.3675564773476
2007-08-01,47.39,47.93,46.98,47.9,301153900,41.6895845837355
2007-08-02,47.94,48.43,47.79,48.34,177369900,42.0725369264671
2007-08-03,48.25,48.31,47.15,47.42,166048400,41.2718183916647
2007-08-06,47.46,48.02,47.03,47.97,190869100,41.7505088200792
2007-08-07,47.88,48.62,47.48,48.31,167109700,42.0464265394627
2007-08-08,48.51,49.06,48.4,48.84,164831200,42.5077100432076
2007-08-09,48.19,48.97,47.69,47.71,242418200,41.5242187993741
2007-08-10,47.21,47.83,46.63,47.28,247006400,41.1499699189773
2007-08-13,47.68,47.88,47.48,47.6,116935100,41.4284807136912
2007-08-14,47.69,47.74,46.73,46.79,153529800,40.7235002645717
2007-08-15,46.68,47.09,45.813,45.9,214854100,39.9488921167737
2007-08-16,45.43,45.91,44.4,45.54,184985247,39.6355674727206
2007-08-17,46.31,46.5895,45.589,46.31,223246600,40.3057340725009
2007-08-20,46.49,46.72,46.08,46.53,144715100,40.4972102438667
2007-08-21,46.48,47.1272,46.39,47.02,115027200,40.9236798982723
2007-08-22,47.375,47.7,47.27,47.66,115814100,41.4807014877001
2007-08-23,47.82,47.85,47.23,47.53,118663400,41.3675564773476
2007-08-24,47.38,48.24,47.32,48.2,88189200,41.9506884537798
2007-08-27,48.05,48.2,47.84,47.88,72490400,41.6721776590659
2007-08-28,47.6,47.7,46.71,46.74,106024800,40.6799829528977
2007-08-29,47.05,48.12,47.05,48.08,113201000,41.8462469057621
2007-08-30,47.83,48.74,47.75,48.33,138930000,42.0638334641323
2007-08-31,48.86,49.06,48.61,48.87,94687200,42.533820430212
2007-09-04,48.92,50.0,48.91,49.68,98480900,43.2388008793315
2007-09-05,49.55,49.65,48.87,49.18,114049300,42.8036277625911
2007-09-06,49.23,49.36,48.81,49.14,99222600,42.7688139132518
2007-09-07,48.53,48.6,47.95,48.23,152438000,41.9767988407842
2007-09-10,48.62,48.75,47.81,48.2,125199400,41.9506884537798
2007-09-11,48.52,48.9885,48.43,48.93,103064500,42.5860412042208
2007-09-12,48.84,49.37,48.78,48.94,93993400,42.5947446665557
2007-09-13,49.29,49.35,48.94,49.18,80807500,42.8036277625911
2007-09-14,48.8,49.31,48.73,49.22,99801200,42.8384416119303
2007-09-17,48.99,49.1,48.59,48.81,84882300,42.4815996562031
2007-09-18,48.86,50.08,48.83,50.06,73186651,43.5695324480543
2007-09-19,50.3,50.59,49.98,50.17,127025800,43.6652705337372
2007-09-20,50.06,50.26,49.92,50.03,109970600,43.5434220610498
2007-09-21,50.28,50.52,50.0143,50.36,86829500,43.853265320169
2007-09-24,50.49,50.96,50.33,50.59,107226800,44.0535483031643
2007-09-25,50.42,51.07,50.36,51.07,101102200,44.4715301807195
2007-09-26,51.36,51.51,51.12,51.32,96124600,44.6892290752795
2007-09-27,51.64,51.65,51.36,51.58,73423200,44.9156359256219
2007-09-28,51.56,51.68,51.18,51.41,75546000,44.7676006773211
2007-10-01,51.45,52.16,51.38,52.0,100404100,45.2813700684827
2007-10-02,52.04,52.06,51.72,52.01,71046000,45.2900780242651
2007-10-03,51.84,52.07,51.5,51.65,106785000,44.9765916160987
2007-10-04,51.75,51.83,51.34,51.77,84129300,45.0810870854875
2007-10-05,52.17,52.9,52.06,52.818,115674700,45.9936808514831
2007-10-08,52.8,53.16,52.71,53.15,63022400,46.2827849834588
2007-10-09,53.27,53.45,53.03,53.3801,93965600,46.4831550460118
2007-10-10,53.39,53.57,53.21,53.51,91777500,46.5962713916252
2007-10-11,53.79,53.94,52.28,52.66,239786700,45.8560951501212
2007-10-12,52.9,53.54,52.8,53.53,131676000,46.61368730319
2007-10-15,53.61,53.71,52.7,53.12,121578700,46.2566611161116
2007-10-16,52.79,53.28,52.68,52.87,193676600,46.0389622215516
2007-10-17,53.62,53.66,52.68,53.55,183985200,46.6311032147548
2007-10-18,53.33,53.89,53.12,53.78,144491200,46.83138619775
2007-10-19,53.77,53.77,52.39,52.44,245111500,45.6645201229084
2007-10-22,52.16,53.1185,52.02,53.07,207052100,46.2131213371996
2007-10-23,53.62,54.21,53.34,54.18,162360600,47.179704429046
2007-10-24,53.74,53.94,52.0,53.77,298293400,46.8226782419676
2007-10-25,53.88,53.98,52.75,53.05,233833100,46.1957054256348
2007-10-26,54.08,54.2,53.44,53.93,146690300,46.962005534486
2007-10-29,54.19,54.33,53.84,54.16,101896600,47.1622885174812
2007-10-30,53.94,54.56,53.9,54.26,114616600,47.2493680753052
2007-10-31,54.46,55.07,54.04,55.03,148431900,47.9198806705501
2007-11-01,54.68,54.77,53.97,54.0,181974200,47.0229612249628
2007-11-02,54.42,54.5501,53.6,54.42,217882900,47.3886953678237
2007-11-05,53.87,54.4,53.59,54.07,150588900,47.0839169154396
2007-11-06,54.33,54.69,53.78,54.68,131884700,47.6151022181661
2007-11-07,54.23,54.58,53.31,53.35,197908200,46.4569440991068
2007-11-08,53.14,53.33,50.8,51.73,380626400,45.0462552623579
2007-11-09,50.73,51.12,50.0,50.0,309414900,43.5397789120026
2007-11-12,49.92,50.24,48.65,48.73,283216000,42.4338685276378
2007-11-13,49.39,50.79,49.35,50.74,255625900,44.1841676399003
2007-11-14,51.39,51.44,49.9,50.09,263284100,43.6181505140442
2007-11-15,50.0,50.54,49.37,49.82,251548800,43.3830357079194
2007-11-16,50.14,50.49,49.34,50.28,263623700,43.7836016739098
2007-11-19,50.17,50.45,49.41,49.7,198651100,43.2785402385306
2007-11-20,49.95,50.78,48.93,49.9,300763600,43.4526993541786
2007-11-21,49.43,50.17,48.85,49.31,212225400,42.938929963017
2007-11-23,49.63,49.97,49.3724,49.84,46463300,43.4004516194842
2007-11-26,49.98,50.37,48.9,48.98,150352100,42.6515674221978
2007-11-27,49.39,50.05,49.1,49.96,211369300,43.504947088873
2007-11-28,50.63,51.7,50.6,51.48,216868100,44.8285563677979
2007-11-29,51.27,51.89,51.2,51.7,172087300,45.0201313950107
2007-11-30,52.21,52.25,50.95,51.31,171417400,44.6805211194971
2007-12-03,51.14,51.53,50.82,50.88,108625700,44.3060790208539
2007-12-04,50.46,50.94,50.38,50.67,113374100,44.1232119494235
2007-12-05,51.2,52.0,51.16,51.57,137614200,44.9069279698395
2007-12-06,51.63,52.37,51.61,52.32,99724500,45.5600246535195
2007-12-07,52.29,52.54,52.08,52.33,88992300,45.5687326093019
2007-12-10,52.44,52.69,52.32,52.54,75657900,45.7515996807324
2007-12-11,52.61,52.84,51.21,51.32,167064300,44.6892290752795
2007-12-12,52.25,52.43,50.89,51.78,162975200,45.0897950412699
2007-12-13,51.33,51.63,50.98,51.5,153476200,44.8459722793627
2007-12-14,51.09,51.6,50.92,50.97,128396700,44.3844506228955
2007-12-17,50.78,50.9881,49.71,49.73,134377000,43.3046641058778
2007-12-18,50.24,50.26,49.19,49.94,71924339,43.4875311773082
2007-12-19,49.89,50.2,49.62,49.94,65882397,43.4875311773082
2007-12-20,50.67,50.96,50.2,50.9,167341700,44.3234949324187
2007-12-21,51.71,51.9,51.48,51.85,107573500,45.1971728440227
2007-12-24,52.01,52.4,51.9501,52.24,34499800,45.5371322926084
2007-12-26,52.15,52.63,52.0,52.5,58492100,45.7637719249989
2007-12-27,52.33,52.5,51.71,51.93,65778900,45.2669081155275
2007-12-28,52.04,52.16,51.43,51.86,67545400,45.2058897529608
2007-12-31,51.56,51.68,51.21,51.22,70135600,44.6480075809227
2008-01-02,51.27,51.47,50.13,50.45,152344100,43.9768055926894
2008-01-03,50.4,50.76,50.15,50.62,114103700,44.124993044637
2008-01-04,49.79,49.83,48.21,48.4,212617600,42.1898392603799
2008-01-07,48.41,48.6,47.43,48.17,235083600,41.9893503548037
2008-01-08,48.29,48.76,46.92,46.92,261669800,40.8997367375419
2008-01-09,47.09,47.96,46.46,47.92,254011800,41.7714276313514
2008-01-10,47.42,48.41,47.29,47.99,249958500,41.832445993918
2008-01-11,47.72,47.77,46.7,47.05,211685200,41.0130565537371
2008-01-14,47.69,48.01,47.31,47.87,168048500,41.7278430866609
2008-01-15,47.38,47.52,46.35,46.55,241094900,40.5772111068323
2008-01-16,46.19,46.91,45.46,46.05,265625900,40.1413656599276
2008-01-17,46.24,46.58,45.2,45.41,254098800,39.5834834878895
2008-01-18,45.64,46.14,44.76,45.35,273063300,39.5311820342609
2008-01-22,42.83,44.77,42.73,44.18,325732000,38.5113036885038
2008-01-23,42.54,44.15,41.61,44.02,390129000,38.3718331454943
2008-01-24,44.19,44.93,44.06,44.91,250249100,39.1476380409848
2008-01-25,45.86,45.87,43.94,43.99,199299100,38.34568241868
2008-01-28,44.02,44.44,43.57,44.33,163711200,38.6420573225752
2008-01-29,44.56,44.68,44.04,44.41,138520000,38.71179259408
2008-01-30,44.24,45.32,44.18,44.37,220824400,38.6769249583276
2008-01-31,43.87,45.59,43.82,45.13,246824100,39.3394100376229
2008-02-01,45.52,45.88,44.88,45.5899,161920300,39.7403006796858
2008-02-04,45.58,45.61,44.94,44.95,100209900,39.1825056767371
2008-02-05,44.12,44.6,43.64,43.6699,188990400,38.0666541635716
2008-02-06,43.92,44.17,42.77,42.81,178285000,37.3170871639848
2008-02-07,42.35,43.79,42.15,43.11,286254800,37.5785944321277
2008-02-08,43.18,43.77,42.94,43.6,173781300,38.0057229700943
2008-02-11,43.78,44.22,43.54,44.07,119562300,38.4154176901848
2008-02-12,44.33,44.68,43.51,43.82,145412400,38.1974949667324
2008-02-13,44.39,44.88,44.16,44.78,148685900,39.0343182247895
2008-02-14,44.84,44.85,43.89,43.97,170868900,38.3282486008038
2008-02-15,43.77,43.98,43.45,43.82,100053300,38.1974949667324
2008-02-19,44.39,44.5,43.27,43.74,110507600,38.1277596952276
2008-02-20,43.25,44.09,43.24,43.94,137338800,38.3020978739895
2008-02-21,44.36,44.47,43.34,43.52,127857000,37.9359876985896
2008-02-22,43.67,43.69,42.6,43.68,157364700,38.0754582415991
2008-02-25,43.62,44.07,43.34,43.9,121444300,38.2672302382372
2008-02-26,43.65,44.48,43.37,44.07,148375900,38.4154176901848
2008-02-27,43.77,44.46,43.67,44.29,125682600,38.6071896868229
2008-02-28,44.11,44.53,43.95,44.12,129196700,38.4590022348752
2008-02-29,43.71,43.77,42.85,42.95,188724500,37.4391238891181
2008-03-03,42.93,42.99,42.24,42.67,132963800,37.1950504388515
2008-03-04,42.41,43.04,42.02,42.91,183851000,37.4042562533658
2008-03-05,42.99,43.54,42.75,43.1199,183208300,37.5872241719764
2008-03-06,43.09,43.27,42.1,42.17,152752200,36.7592049919467
2008-03-07,41.91,42.64,41.38,42.07,242552400,36.6720359025658
2008-03-10,42.01,42.14,41.17,41.26,146801900,35.9659662785801
2008-03-11,41.86,42.85,41.51,42.8301,196755300,37.3346081509504
2008-03-12,43.02,43.44,42.6,42.71,155566100,37.2299180746039
2008-03-13,42.21,43.33,41.81,43.04,208967900,37.517576069561
2008-03-14,43.36,43.38,41.74,42.25,309589800,36.8289402634515
2008-03-17,41.29,42.01,41.05,41.48,193130600,36.1577382752182
2008-03-18,42.24,43.34,42.11,43.33,216300400,37.7703664287657
2008-03-19,43.51,43.6,42.23,42.26,216157200,36.8376571723896
2008-03-20,42.35,43.1,42.1,43.09,128397000,37.5895080021182
2008-03-24,43.28,44.76,43.28,44.5799,125018000,38.8892204173504
2008-03-25,44.68,45.07,44.28,44.83,118107500,39.1073948418417
2008-03-26,44.69,44.85,44.28,44.7,124824600,38.9939895032416
2008-03-27,44.44,44.51,43.71,43.71,143868600,38.1303642323645
2008-03-28,43.71,44.34,43.33,43.49,111822300,37.9384475055029
2008-03-31,43.65,44.02,43.45,43.72,113644800,38.1390877199491
2008-04-01,44.45,45.61,44.41,45.59,137494400,39.7703798982726
2008-04-02,45.69,46.02,45.17,45.49,132486800,39.6831450224264
2008-04-03,45.29,45.91,45.14,45.59,140033800,39.7703798982726
2008-04-04,45.78,46.35,45.4,45.86,139261000,40.0059140630573
2008-04-07,46.15,46.41,45.65,45.76,102297100,39.9186791872111
2008-04-08,45.41,45.72,45.18,45.41,97435200,39.6133571217495
2008-04-09,45.47,45.49,44.63,44.9,127182300,39.168459254934
2008-04-10,44.93,45.84,44.93,45.54,112773800,39.7267624603495
2008-04-11,45.02,45.1,44.12,44.28,120135400,38.6276030246877
2008-04-14,44.21,44.48,43.95,44.08,89274600,38.4531332729953
2008-04-15,44.24,44.35,43.68,44.14,124232300,38.505474198503
2008-04-16,44.69,45.48,44.65,45.37,134027900,39.578463171411
2008-04-17,45.43,45.75,44.98,45.27,124953100,39.4912282955648
2008-04-18,46.47,46.93,46.22,46.71,133022500,40.7474105077498
2008-04-21,46.62,47.08,46.49,47.04,83303200,41.0352855980422
2008-04-22,46.75,46.77,45.93,46.34,104689600,40.4246414671189
2008-04-23,46.68,47.06,46.2736,46.85,131086200,40.8695393339345
2008-04-24,46.86,47.79,46.39,47.27,166509000,41.2359258124884
2008-04-25,47.32,47.35,46.57,47.15,121945400,41.131243961473
2008-04-28,47.26,47.62,47.13,47.24,71244000,41.2097553497346
2008-04-29,47.15,47.76,47.06,47.6,91270600,41.5238009027808
2008-04-30,47.7,48.06,47.03,47.21,132152700,41.1835848869807
2008-05-01,47.23,48.72,47.22,48.7,143596900,42.4833845370887
2008-05-02,49.16,49.19,48.34,48.77,124990000,42.5444489501811
2008-05-05,48.77,49.03,48.4,48.63,75624700,42.4223201239964
2008-05-06,48.49,49.13,48.14,48.93,139582600,42.684024751535
2008-05-07,48.94,49.23,47.872,48.04,140008300,41.907634356504
2008-05-08,48.24,48.7,48.06,48.4,128058700,42.2216799095502
2008-05-09,48.04,48.46,47.9,48.21,97062000,42.0559336454425
2008-05-12,48.28,49.19,48.2,49.09,89606500,42.8236005528888
2008-05-13,49.11,49.33,48.76,49.22,85448100,42.9370058914889
2008-05-14,49.41,49.93,49.04,49.11,143598200,42.8410475280581
2008-05-15,49.12,50.02,48.98,49.97,157248900,43.5912674603352
2008-05-16,50.07,50.11,49.45,50.0099,146563200,43.6260741757978
2008-05-19,50.05,50.47,49.34,49.65,140048700,43.3121158576274
2008-05-20,49.47,49.47,48.89,49.27,137163700,42.980623329412
2008-05-21,49.33,49.6,48.02,48.18,192806700,42.0297631826886
2008-05-22,48.29,48.69,48.11,48.35,153198200,42.1780624716271
2008-05-23,48.17,48.3505,47.82,48.2,121698400,42.0472101578579
2008-05-27,48.3,49.11,48.29,49.05,106984300,42.7887066025504
2008-05-28,49.29,49.36,48.75,49.25,121363000,42.9631763542427
2008-05-29,49.28,49.97,49.25,49.69,143993000,43.3470098079659
2008-05-30,49.88,50.24,49.75,50.01,94153600,43.6261614106737
2008-06-02,49.92,49.92,48.96,49.4,144359900,43.094028668012
2008-06-03,49.59,49.9,48.67,49.13,167606900,42.8584945032273
2008-06-04,48.98,50.1,48.94,49.76,174870800,43.4080742210582
2008-06-05,49.89,50.61,49.7,50.55,126653700,44.097229740243
2008-06-06,50.12,50.21,49.02,49.03,189136000,42.7712596273811
2008-06-09,49.13,49.19,47.95,48.77,208897300,42.5444489501811
2008-06-10,48.27,48.94,48.16,48.54,162798500,42.3438087357349
2008-06-11,48.44,48.52,47.35,47.38,170366900,41.3318841759192
2008-06-12,47.69,48.11,47.0,47.42,189913200,41.3667781262577
2008-06-13,47.71,48.47,47.46,48.37,167855000,42.1955094467964
2008-06-16,48.12,49.02,48.07,48.8,136343900,42.5706194129349
2008-06-17,48.95,49.06,48.47,48.54,122932000,42.3438087357349
2008-06-18,48.28,48.45,47.83,48.02,169338100,41.8901873813347
2008-06-19,47.93,49.01,47.61,48.77,221304200,42.5444489501811
2008-06-20,47.48,48.35,47.21,47.42,197434200,41.3967956470363
2008-06-23,47.61,47.74,46.98,47.05,131488800,41.0737923912497
2008-06-24,46.86,47.37,46.41,46.81,178293800,40.8642767658745
2008-06-25,46.99,48.0,46.94,47.57,179023400,41.5277429128958
2008-06-26,46.69,46.7,45.64,45.65,190028300,39.8516179098947
2008-06-27,45.6,45.9,44.97,45.65,181351800,39.8516179098947
2008-06-30,45.51,45.83,45.15,45.17,132912400,39.4325866591445
2008-07-01,44.81,45.86,44.68,45.81,245494300,39.9912949934782
2008-07-02,45.95,46.13,44.64,44.71,199576400,39.0310150438422
2008-07-03,44.95,45.08,44.28,44.63,123118300,38.9611765020504
2008-07-07,45.04,45.46,44.24,44.9,181011300,39.1968815805975
2008-07-08,44.95,46.01,44.77,45.97,206151200,40.1309720770616
2008-07-09,45.96,46.03,44.73,44.75,168500300,39.065934314738
2008-07-10,44.82,45.42,44.38,45.28,238811500,39.5286146541081
2008-07-11,44.81,45.27,43.85,44.56,265514700,38.9000677779827
2008-07-14,44.81,45.18,44.07,44.23,177389800,38.6119837930919
2008-07-15,44.01,44.93,43.3,44.24,283891100,38.6207136108159
2008-07-16,44.36,45.38,43.92,45.34,186047800,39.5809935604519
2008-07-17,45.43,45.82,44.9799,45.64,197555100,39.8428880921708
2008-07-18,45.14,45.17,44.59,44.59,160661000,38.9262572311546
2008-07-21,45.0,45.19,44.49,44.78,128107800,39.0921237679099
2008-07-22,44.03,44.81,43.86,44.78,152524500,39.0921237679099
2008-07-23,44.85,45.89,44.72,45.37,169259100,39.6071830136238
2008-07-24,45.58,45.61,44.65,44.69,145561000,39.0135554083942
2008-07-25,44.98,45.48,44.76,45.27,111616700,39.5198848363841
2008-07-28,45.25,45.52,44.21,44.42,124028500,38.7778503298472
2008-07-29,44.61,45.54,44.57,45.34,142290900,39.5809935604519
2008-07-30,45.47,45.82,44.88,45.57,165679900,39.781779368103
2008-07-31,45.12,46.15,45.02,45.46,180473100,39.6857513731394
2008-08-01,45.51,45.55,44.4,44.88,180350400,39.1794219451495
2008-08-04,44.87,44.92,44.3,44.43,116298000,38.7865801475712
2008-08-05,44.89,45.97,44.84,45.93,151657400,40.0960528061657
2008-08-06,45.95,46.81,45.58,46.63,133463700,40.7071400468432
2008-08-07,46.35,46.85,46.08,46.27,152805800,40.3928666087805
2008-08-08,46.25,47.44,46.15,47.32,143121500,41.3094974697967
2008-08-11,47.3,48.28,47.14,47.75,157290100,41.6848796319271
2008-08-12,47.76,48.16,47.51,47.8,140549300,41.728528720547
2008-08-13,47.74,48.12,47.25,47.7,169652100,41.6412305433073
2008-08-14,47.54,48.46,47.49,48.25,158069200,42.1213705181253
2008-08-15,48.35,48.57,47.96,48.16,123115900,42.0428021586097
2008-08-18,48.29,48.31,47.26,47.6,151399100,41.5539323660677
2008-08-19,47.36,47.59,46.75,47.01,155410600,41.0388731203538
2008-08-20,47.36,47.56,46.74,47.09,155466700,41.1087116621455
2008-08-21,46.73,47.08,46.38,46.87,118916200,40.9166556722183
2008-08-22,47.12,47.68,47.08,47.49,96515500,41.4579043711041
2008-08-25,47.15,47.21,46.37,46.49,128076500,40.5849225987077
2008-08-26,46.51,46.77,46.12,46.43,107225500,40.5325436923639
2008-08-27,46.45,47.09,46.29,46.73,108489900,40.7944382240828
2008-08-28,46.92,47.28,46.83,47.11,112808600,41.1261712975935
2008-08-29,46.5208,47.1217,45.92,46.12,133184300,40.261919342921
2008-09-02,46.12,47.08,45.34,45.55,162277500,39.7643197326551
2008-09-03,45.445,45.6381,44.79,45.12,161682900,39.3889375705247
2008-09-04,44.85,44.91,43.66,43.66,219004700,38.114384182826
2008-09-05,43.3,43.78,42.81,43.45,247977500,37.9310580106227
2008-09-08,44.04,44.22,42.68,43.31,311065100,37.8088405624872
2008-09-09,43.35,43.79,42.35,42.45,214180600,37.0580762382263
2008-09-10,42.87,43.18,42.45,42.8,160658100,37.3636198585651
2008-09-11,42.17,43.69,42.17,43.6,203398200,38.0620052764822
2008-09-12,43.23,43.71,42.9,43.43,172094300,37.9135983751748
2008-09-15,42.4,43.29,42.03,42.08,616772300,36.7350729824397
2008-09-16,41.47,42.84,41.43,42.41,349506500,37.0231569673305
2008-09-17,41.84,42.4219,40.19,40.21,340088000,35.1025970680584
2008-09-18,41.12,41.97,39.5,41.57,423934000,36.2898522785175
2008-09-19,43.82,43.83,42.1,42.9,263394000,37.4754226341559
2008-09-22,42.75,42.84,40.8,40.88,164698200,35.7108456243425
2008-09-23,41.18,41.75,40.44,40.57,184011200,35.4400442020444
2008-09-24,40.85,41.26,40.52,40.85,159270800,35.6846390350878
2008-09-25,41.2112,42.02,41.03,41.5,148586800,36.2524484689387
2008-09-26,40.3,41.4902,40.22,41.08,182678600,35.8855562193735
2008-09-29,40.26,40.38,37.18,37.82,307954400,33.0377735203677
2008-09-30,37.74,39.3,37.6,38.91,195436700,33.9899462632868
2008-10-01,38.83,38.97,38.03,38.5,174033300,33.6317895434732
2008-10-02,38.25,38.25,36.64,36.75,192124000,32.1030718369517
2008-10-03,37.26,38.18,36.1,36.18,272116100,31.6051466411133
2008-10-06,35.26,35.53,32.91,34.86,394046600,30.4520567139085
2008-10-07,35.14,35.2,32.27,32.65,329365700,28.5215046388156
2008-10-08,31.95,34.12,31.84,32.39,452066500,28.2943808652753
2008-10-09,33.15,33.68,30.97,31.52,352433900,27.5343897768903
2008-10-10,30.52,32.48,29.38,31.32,472339100,27.3596791818593
2008-10-13,32.86,35.25,32.4,35.13,276998700,30.6879160172004
2008-10-14,36.1,36.15,33.19,33.61,341595900,29.3601154949645
2008-10-15,33.23,33.35,30.54,30.6,312088500,26.7307210397475
2008-10-16,30.76,32.27,29.25,32.26,494783500,28.1808189785051
2008-10-17,31.62,33.65,31.41,32.3,326571300,28.2157610975113
2008-10-20,32.79,33.26,31.7,33.2,232783400,29.0019587751509
2008-10-21,32.66,33.2572,31.48,31.48,239932400,27.4994476578841
2008-10-22,31.39,31.6,29.71,30.61,289993600,26.7394565694991
2008-10-23,30.46,31.09,28.9,30.49,377966900,26.6346302124805
2008-10-24,28.13,30.25,28.09,29.51,322129500,25.7785482968284
2008-10-27,29.14,30.2,28.66,28.69,239302300,25.0622348572012
2008-10-28,29.68,31.88,28.85,31.86,327239500,27.831397788443
2008-10-29,31.95,33.08,31.25,31.78,341316000,27.7615135504306
2008-10-30,32.67,33.06,31.98,32.84,255292100,28.6874797040951
2008-10-31,32.36,33.43,32.09,32.89,224261000,28.7311573528528
2008-11-03,32.81,33.2941,32.51,32.82,128455500,28.670008644592
2008-11-04,33.49,34.01,32.98,33.75,182487600,29.4824129114863
2008-11-05,33.49,33.6,31.92,31.99,183893900,27.9449596752132
2008-11-06,31.5,31.87,30.3999,30.56,220677200,26.6957789207413
2008-11-07,30.92,31.48,30.59,31.19,176946200,27.2461172950891
2008-11-10,31.94,31.97,30.4,30.77,142584500,26.8792250455239
2008-11-11,30.47,30.76,29.72,30.1,162869800,26.29394455217
2008-11-12,29.65,29.8,28.65,28.71,184946400,25.0797059167043
2008-11-13,28.63,30.53,27.28,30.46,317943900,26.6084236232258
2008-11-14,29.8,30.42,28.87,28.98,259407000,25.3155652199962
2008-11-17,28.49,29.23,28.26,28.37,202835200,24.7826979051516
2008-11-18,28.56,28.75,27.39,28.34,252661800,24.7564913158969
2008-11-19,28.4,28.78,26.79,26.86,244180600,23.4636329126673
2008-11-20,26.54,27.45,25.47,25.56,342472400,22.3280140449656
2008-11-21,25.96,26.68,25.05,26.67,282746800,23.2976578473878
2008-11-24,27.22,28.64,26.98,28.3,225058200,24.7215491968907
2008-11-25,28.62,28.64,27.52,28.17,202968700,24.6079873101205
2008-11-26,27.88,29.36,27.81,29.35,164912000,25.6387798208036
2008-11-28,29.04,29.19,28.83,29.12,41238200,25.4378626365179
2008-12-01,28.5,28.51,26.89,26.93,149161500,23.5247816209281
2008-12-02,27.28,27.89,26.8404,27.83,181743000,24.3109792985678
2008-12-03,27.13,28.71,27.07,28.62,230944900,25.0010861489404
2008-12-04,28.15,28.78,27.32,27.81,188868700,24.2935082390647
2008-12-05,27.5,29.07,26.95,28.94,212283700,25.28062310099
2008-12-08,29.55,30.46,29.44,30.08,185782500,26.2764734926669
2008-12-09,29.68,30.83,29.57,30.01,178148300,26.215324784406
2008-12-10,30.09,30.46,29.62,29.91,162335100,26.1279694868905
2008-12-11,29.8,30.27,28.94,29.09,167161400,25.4116560472633
2008-12-12,28.69,29.86,28.47,29.68,158600100,25.9270523026048
2008-12-15,29.73,29.76,28.74,29.16,107887000,25.4728047555241
2008-12-16,29.42,30.66,29.0993,30.56,169300100,26.6957789207413
2008-12-17,30.23,30.6,29.82,30.19,159813500,26.3725643199339
2008-12-18,30.19,30.4,29.36,29.66,142656400,25.9095812431017
2008-12-19,30.33,30.37,29.66,29.86,118308900,26.122256450433
2008-12-22,29.86,29.92,28.74,29.21,95379600,25.5536205933405
2008-12-23,29.28,29.62,28.89,29.06,68764800,25.4223969340115
2008-12-24,29.2,29.21,28.98,29.14,27194700,25.4923828856536
2008-12-26,29.19,29.23,28.97,29.13,20937000,25.4836346416983
2008-12-29,29.23,29.24,28.46,28.89,52688300,25.2736767867719
2008-12-30,28.98,29.59,28.94,29.49,77089500,25.798571424088
2008-12-31,29.48,30.08,29.45,29.74,89189700,26.0172775229697
2009-01-02,29.77,31.13,29.69,31.03,107891500,27.1458009931994
2009-01-05,30.82,31.33,30.59,31.02,91751900,27.1370527492442
2009-01-06,31.28,31.63,31.11,31.33,136791700,27.4082483118575
2009-01-07,30.81,30.9,30.19,30.44,133879800,26.6296545998386
2009-01-08,30.34,30.8,30.08,30.76,131926600,26.9095984064072
2009-01-09,30.79,30.79,29.92,30.07,117137900,26.3059695734936
2009-01-12,30.12,30.15,29.2,29.52,102726200,25.8248161559538
2009-01-13,29.52,29.98,29.18,29.53,186266700,25.8335643999091
2009-01-14,29.17,29.28,28.47,28.63,136294000,25.0462224439349
2009-01-15,28.56,29.34,28.07,29.099,192567200,25.456515085437
2009-01-16,29.52,29.6,28.7,29.42,175478100,25.7373337164011
2009-01-20,29.3,29.43,27.96,27.96,135105800,24.4600900989319
2009-01-21,28.428,29.19,28.1,29.15,149179600,25.5011311296089
2009-01-22,28.52,29.23,28.26,28.76,200602700,25.1599496153534
2009-01-23,28.32,29.35,28.14,28.9,170164100,25.2824250307272
2009-01-26,28.97,29.59,28.75,29.11,140398700,25.4661381537878
2009-01-27,29.14,29.57,29.12,29.32,110591300,25.6498512768485
2009-01-28,29.83,30.65,29.81,30.35,139722800,26.5509204042412
2009-01-29,29.97,30.4008,29.48,29.58,130731800,25.8773056196854
2009-01-30,29.81,29.93,28.94,29.06,140334200,25.4223969340115
2009-02-02,28.78,29.61,28.74,29.41,126796100,25.7285854724459
2009-02-03,29.45,30.4271,29.03,29.87,120541100,26.1310046943882
2009-02-04,29.9275,30.8667,29.79,29.91,175780900,26.1659976702093
2009-02-05,29.48,30.77,29.46,30.57,217578900,26.7433817712571
2009-02-06,30.68,31.51,30.58,31.37,164513200,27.4432412876786
2009-02-09,31.39,31.67,31.19,31.5,98856900,27.5569684590971
2009-02-10,31.3,31.68,30.1,30.34,232795200,26.5421721602859
2009-02-11,30.35,30.53,29.73,30.2,169117200,26.4196967449121
2009-02-12,29.83,30.61,29.64,30.57,201151400,26.7433817712571
2009-02-13,30.46,30.78,30.29,30.43,145066700,26.6209063558833
2009-02-17,29.47,29.67,29.06,29.22,157783300,25.5623688372958
2009-02-18,29.41,29.6699,28.87,29.24,161271900,25.5798653252063
2009-02-19,29.43,29.61,28.72,28.79,155322400,25.1861943472192
2009-02-20,28.4505,29.15,28.39,28.87,210752400,25.2561802988614
2009-02-23,29.03,29.05,27.73,27.86,169473500,24.3726076593792
2009-02-24,28.0,28.98,27.96,28.78,181337300,25.1774461032639
2009-02-25,28.62,29.17,28.14,28.59,220224700,25.0112294681138
2009-02-26,28.77,28.95,27.7,27.79,211218500,24.3113699516923
2009-02-27,27.49,27.98,27.39,27.53,204492600,24.0839156088553
2009-03-02,27.1,27.51,26.47,26.64,188180400,23.3053218968364
2009-03-03,26.86,27.16,26.42,26.62,158758800,23.2878254089258
2009-03-04,26.98,27.71,26.92,27.33,164911000,23.9089507297499
2009-03-05,27.03,27.24,26.42,26.51,199626900,23.1915947254179
2009-03-06,26.63,26.81,25.71,26.3,218421600,23.0078816023572
2009-03-09,26.04,26.81,25.6301,25.74,181098800,22.5179799408622
2009-03-10,26.25,27.39,26.16,27.33,175068200,23.9089507297499
2009-03-11,27.62,27.99,27.26,27.75,173094900,24.2763769758712
2009-03-12,27.72,28.76,27.44,28.67,184395100,25.081215419756
2009-03-13,28.68,28.84,28.32,28.74,156783500,25.1424531274429
2009-03-16,28.89,28.98,28.19,28.26,190269800,24.72253741759
2009-03-17,28.42,29.33,28.3,29.33,169773800,25.6585995208037
2009-03-18,29.23,30.2,29.08,29.7,208033900,25.9822845471487
2009-03-19,30.12,30.13,29.46,29.68,146753400,25.9647880592381
2009-03-20,29.66,30.03,28.98,29.18,149410800,25.570137277928
2009-03-23,29.86,30.94,29.1984,30.9,179499000,27.0773557877991
2009-03-24,30.65,30.88,30.31,30.33,118757600,26.5778705839465
2009-03-25,30.58,31.05,29.66,30.47,190555200,26.7005511603313
2009-03-26,30.88,31.46,30.417,31.41,182459500,27.5242636017724
2009-03-27,31.07,31.18,30.71,30.82,156108100,27.0072526012934
2009-03-30,30.29,30.32,29.62,30.06,162919700,26.34127232949
2009-03-31,30.31,30.95,30.27,30.32,150243800,26.5691076856333
2009-04-01,29.94,30.88,29.79,30.77,137950000,26.9634381097274
2009-04-02,31.34,32.27,31.23,31.76,212272400,27.8309650427346
2009-04-03,32.05,32.4,31.83,32.35,134577300,28.3479760432136
2009-04-06,31.97,32.33,31.65,32.27,160413700,28.277872856708
2009-04-07,31.9,31.92,31.21,31.42,147531200,27.5330265000856
2009-04-08,31.72,32.15,31.49,31.95,126126000,27.9974601106854
2009-04-09,32.53,33.01,32.43,32.94,131871500,28.8649870436926
2009-04-13,32.8,33.07,32.53,32.89,119310500,28.8211725521266
2009-04-14,32.69,32.88,32.27,32.49,124069000,28.4706566195984
2009-04-15,32.24,32.43,31.85,32.4,124808200,28.3917905347796
2009-04-16,32.83,33.43,32.51,33.24,171168000,29.1278739930887
2009-04-17,33.16,33.5,32.93,33.31,129835400,29.1892142812811
2009-04-20,32.7,32.82,32.06,32.24,123080500,28.2515841617683
2009-04-21,32.09,32.74,32.08,32.69,145490200,28.6459145858625
2009-04-22,32.5,33.53,32.39,32.79,165040500,28.7335435689945
2009-04-23,33.01,33.14,32.49,33.11,181666600,29.0139563150171
2009-04-24,33.35,33.93,33.07,33.69,141170000,29.5222044171829
2009-04-27,33.42,34.06,33.35,33.73,120749100,29.5572560104357
2009-04-28,33.52,33.91,33.36,33.48,108968000,29.3381835526056
2009-04-29,33.75,34.4,33.64,33.94,141413600,29.7412768750129
2009-04-30,34.37,34.9,34.04,34.28,144120400,30.0392154176619
2009-05-01,34.28,34.54,34.01,34.37,100112000,30.1180815024807
2009-05-04,34.67,35.09,34.52,35.05,119317400,30.7139585877785
2009-05-05,34.99,35.06,34.63,35.02,113569500,30.6876698928389
2009-05-06,35.32,35.34,34.46,35.03,178840500,30.6964327911521
2009-05-07,35.25,35.27,33.88,34.21,216484700,29.9778751294694
2009-05-08,34.35,34.74,33.88,34.23,183507300,29.9954009260958
2009-05-11,33.78,34.72,33.68,34.35,142775900,30.1005557058543
2009-05-12,34.42,34.48,33.52,33.93,147842200,29.7325139766997
2009-05-13,33.63,33.65,32.96,33.02,175548300,28.9350902301982
2009-05-14,33.1,33.7,33.08,33.39,140021700,29.2593174677868
2009-05-15,33.36,33.82,33.23,33.37,121326400,29.2417916711603
2009-05-18,33.59,34.28,33.3901,34.24,114333400,30.0041638244091
2009-05-19,34.14,34.74,33.95,34.4,129086400,30.1443701974203
2009-05-20,34.54,35.04,34.18,34.28,131873700,30.0392154176619
2009-05-21,34.02,34.26,33.31,33.65,139253200,29.48715282393
2009-05-22,33.78,33.97,33.32,33.54,83510600,29.3907609424848
2009-05-26,33.19,34.83,33.18,34.79,144857200,30.4861232316353
2009-05-27,34.68,35.19,34.43,34.55,121348800,30.2758136721184
2009-05-28,34.77,35.07,34.21,34.95,118931300,30.6263296046465
2009-05-29,34.98,35.5,34.76,35.38,111535700,31.0031342321143
2009-06-01,35.73,36.5,35.61,36.39,119126200,31.8881869617478
2009-06-02,36.19,36.79,36.11,36.44,126858600,31.9320014533138
2009-06-03,36.28,36.37,35.93,36.33,93329800,31.8356095718686
2009-06-04,36.4,36.79,36.34,36.74,89280600,32.1948884027099
2009-06-05,36.96,37.08,36.42,36.78,121958800,32.2299399959628
2009-06-08,36.53,36.95,36.12,36.67,89194100,32.1335481145175
2009-06-09,36.84,37.17,36.67,36.95,109187800,32.3789092672872
2009-06-10,37.17,37.18,36.29,36.82,133404700,32.2649915892156
2009-06-11,36.76,37.23,36.75,36.82,147909800,32.2649915892156
2009-06-12,36.67,36.719,36.2,36.65,109452500,32.1160223178911
2009-06-15,36.28,36.33,35.58,35.9,112152900,31.4588049444008
2009-06-16,36.06,36.19,35.52,35.55,110550300,31.1521035034387
2009-06-17,35.67,36.21,35.45,35.889,153421800,31.4491657562563
2009-06-18,35.83,36.06,35.57,35.82,126266700,31.3887017578952
2009-06-19,36.04,36.36,35.9101,36.16,122044700,31.7251444757324
2009-06-22,35.8,35.89,35.02,35.08,137714900,30.7776014438244
2009-06-23,35.2,35.26,34.77,35.0,114903100,30.7074130710905
2009-06-24,35.3,35.87,35.28,35.59,103314600,31.2250523200032
2009-06-25,35.38,36.36,35.28,36.29,112538200,31.839200581425
2009-06-26,36.13,36.5,36.05,36.37,87677300,31.9093889541589
2009-06-29,36.32,36.75,36.12,36.45,93817600,31.9795773268928
2009-06-30,36.55,36.73,36.11,36.38,97843000,31.9181625007506
2009-07-01,36.54,36.84,36.39,36.4,85976000,31.9357095939341
2009-07-02,36.09,36.1,35.5,35.6,113309800,31.2338258665949
2009-07-06,35.38,35.54,35.04,35.41,107632500,31.0671284813518
2009-07-07,35.42,35.49,34.51,34.53,149773000,30.2950563812787
2009-07-08,34.73,34.87,34.3,34.71,152776400,30.45298021993
2009-07-09,34.84,35.01,34.65,34.77,97851500,30.5056214994805
2009-07-10,34.66,35.14,34.5626,34.92,108482000,30.6372246983566
2009-07-13,34.95,35.6,34.48,35.59,127140300,31.2250523200032
2009-07-14,35.52,35.79,35.4,35.72,115631700,31.3391084256958
2009-07-15,36.31,36.93,36.14,36.92,160869700,32.3919340167046
2009-07-16,36.74,37.44,36.72,37.01,120142500,32.4708959360303
2009-07-17,37.36,37.57,37.17,37.56,104906500,32.953440998576
2009-07-20,37.75,38.0,37.61,37.92,97168800,33.2692886758786
2009-07-21,38.07,38.18,37.64,38.18,130587600,33.4974008872639
2009-07-22,38.2,38.69,38.13,38.5,113808600,33.7781543781996
2009-07-23,38.45,39.49,38.39,39.35,160239300,34.5239058384975
2009-07-24,38.93,39.37,38.7799,39.05,109312300,34.2606994407453
2009-07-27,39.29,39.41,38.87,39.35,94718600,34.5239058384975
2009-07-28,39.18,39.59,38.93,39.08,111564300,34.2870200805205
2009-07-29,39.32,39.43,39.0,39.34,126538200,34.5151322919057
2009-07-30,39.74,40.18,39.51,39.57,108969900,34.7169238635157
2009-07-31,39.56,39.8522,39.41,39.45,78208300,34.6116413044149
2009-08-03,39.85,40.06,39.64,40.04,111722800,35.1292805533275
2009-08-04,39.86,40.19,39.77,40.04,100690800,35.1292805533275
2009-08-05,40.13,40.14,39.46,39.73,118093000,34.8573006089836
2009-08-06,39.79,39.93,39.24,39.38,116937500,34.5502264782727
2009-08-07,39.91,40.07,39.59,39.88,107442100,34.9889038078597
2009-08-10,39.73,39.85,39.34,39.6,87163200,34.743244503291
2009-08-11,39.42,39.5,39.05,39.26,91922700,34.4449439191718
2009-08-12,39.21,40.22,39.2,39.87,147240000,34.9801302612679
2009-08-13,40.1,40.16,39.64,40.09,110107000,35.1731482862862
2009-08-14,39.89,39.96,39.28,39.63,124480200,34.7695651430662
2009-08-17,38.97,39.01,38.46,38.48,131797200,33.7606072850161
2009-08-18,38.72,39.98,38.61,39.03,84496200,34.2431523475618
2009-08-19,38.59,39.4,38.54,39.3,88036300,34.4800381055388
2009-08-20,39.28,39.84,39.2,39.76,81473500,34.8836212487588
2009-08-21,40.01,40.36,39.74,40.29,114660200,35.348619218121
2009-08-24,40.36,40.57,40.1,40.25,109904900,35.3135250317541
2009-08-25,40.34,40.76,40.25,40.37,92900400,35.418807590855
2009-08-26,40.29,40.601,40.08,40.3,96407500,35.3573927647128
2009-08-27,40.32,40.47,39.67,40.4,121957800,35.4451282306302
2009-08-28,40.89,41.08,40.16,40.44,114300900,35.4802224169971
2009-08-31,40.16,40.2,39.79,40.03,96415300,35.1205070067358
2009-09-01,39.87,40.59,39.16,39.28,162958900,34.4624910123553
2009-09-02,39.09,39.47,39.04,39.25,92757200,34.4361703725801
2009-09-03,39.44,39.5702,39.02,39.51,76783100,34.6642825839653
2009-09-04,39.58,40.38,39.52,40.36,74866600,35.4100340442632
2009-09-08,40.65,40.78,40.46,40.74,71024400,35.7434288147493
2009-09-09,40.76,41.29,40.59,41.09,99280800,36.0505029454603
2009-09-10,41.11,41.53,41.0,41.48,99289100,36.3926712625381
2009-09-11,41.495,41.62,41.22,41.52,93868400,36.4277654489051
2009-09-14,41.23,41.71,41.21,41.68,90435600,36.5681421943729
2009-09-15,41.66,41.95,41.57,41.81,91594600,36.6821983000655
2009-09-16,41.98,42.48,41.84,42.42,96888500,37.2173846421617
2009-09-17,42.32,42.66,42.21,42.41,102169600,37.2086110955699
2009-09-18,42.56,42.62,42.21,42.44,87444200,37.2706927112531
2009-09-21,42.22,42.7,42.16,42.57,71351400,37.3848583581066
2009-09-22,42.82,42.83,42.4398,42.65,75638400,37.4551141407857
2009-09-23,42.83,43.17,42.377,42.45,143924100,37.279474684088
2009-09-24,42.61,42.69,41.77,42.07,111016400,36.9457597163623
2009-09-25,41.78,42.09,41.58,41.7,109216000,36.6208267214716
2009-09-28,41.92,42.66,41.89,42.41,84478500,37.2443467927484
2009-09-29,42.41,42.6201,42.03,42.22,106686400,37.0774893088856
2009-09-30,42.39,42.6024,41.6,42.25,173102700,37.1038352273903
2009-10-01,42.11,42.13,41.0,41.0,140119100,36.0060886230296
2009-10-02,40.72,41.25,40.72,40.88,145286400,35.900704949011
2009-10-05,41.09,41.4,40.83,41.21,97054200,36.1905100525622
2009-10-06,41.43,42.14,41.2206,41.94,124628000,36.8315940695088
2009-10-07,41.88,42.08,41.77,42.06,93787600,36.9369777435275
2009-10-08,42.31,42.62,42.14,42.24,107850400,37.0950532545554
2009-10-09,42.15,42.55,42.06,42.48,62828000,37.3058206025926
2009-10-12,42.63,42.87,42.28,42.57,53221900,37.3848583581066
2009-10-13,42.54,42.75,42.37,42.58,70939300,37.3936403309415
2009-10-14,43.1,43.293,42.85,43.16,91004900,37.9029947553648
2009-10-15,42.93,43.12,42.87,43.06,85772800,37.815175027016
2009-10-16,42.92,42.99,42.48,42.78,111859300,37.5692797876392
2009-10-19,42.81,43.27,42.59,43.21,83512000,37.9469046195393
2009-10-20,43.45,43.46,42.94,43.22,89847900,37.9556865923741
2009-10-21,43.2,43.82,43.06,43.14,110397400,37.8854308096951
2009-10-22,43.07,43.49,42.79,43.31,85871800,38.0347243478881
2009-10-23,43.69,43.73,43.02,43.13,117020400,37.8766488368602
2009-10-26,43.17,43.76,42.79,42.99,107068600,37.7537012171718
2009-10-27,42.95,43.11,42.18,42.34,121438200,37.1828729829043
2009-10-28,42.19,42.32,41.3,41.39,143553600,36.3485855635901
2009-10-29,41.68,42.19,41.54,42.09,85207600,36.9633236620321
2009-10-30,42.06,42.15,40.92,40.96,162796500,35.9709607316901
2009-11-02,41.01,41.57,40.64,41.13,142456600,36.1202542698831
2009-11-03,40.97,41.32,40.84,41.26,95107000,36.2344199167366
2009-11-04,41.51,41.87,41.28,41.33,107970600,36.2958937265808
2009-11-05,41.81,42.4,41.78,42.35,135204800,37.1916549557391
2009-11-06,42.16,42.65,42.08,42.6,96312300,37.4112042766113
2009-11-09,42.92,43.52,42.88,43.51,101620800,38.2103638045858
2009-11-10,43.45,43.7714,43.4,43.62,72846500,38.3069655057696
2009-11-11,43.94,44.14,43.61,43.9,84676200,38.5528607451463
2009-11-12,43.92,44.16,43.55,43.65,92426100,38.3333114242742
2009-11-13,43.78,44.14,43.63,44.01,87959500,38.6494624463301
2009-11-16,44.19,44.65,44.12,44.46,87776100,39.0446512238999
2009-11-17,44.34,44.6,44.25,44.6,81884000,39.1675988435883
2009-11-18,44.47,44.49,44.05,44.353,100240800,38.9506841145666
2009-11-19,44.06,44.08,43.35,43.66,114558000,38.3420933971091
2009-11-20,43.41,43.55,43.28,43.44,70912100,38.1488899947416
2009-11-23,43.87,44.4,43.86,44.14,91621500,38.7636280931836
2009-11-24,44.14,44.15,43.73,43.99,60670000,38.6318985006603
2009-11-25,44.14,44.22,44.01,44.18,37630100,38.7987559845231
2009-11-27,43.0,43.83,42.9,43.51,61230000,38.2103638045858
2009-11-30,43.41,43.62,43.11,43.56,84819400,38.2542736687602
2009-12-01,43.88,44.3,43.88,44.01,81817800,38.6494624463301
2009-12-02,44.16,44.49,43.98,44.07,81653600,38.7021542833394
2009-12-03,44.24,44.5,43.88,43.89,72460400,38.5440787723115
2009-12-04,44.45,44.73,43.66,44.12,125062600,38.7460641475138
2009-12-07,44.08,44.29,43.82,43.91,67471900,38.5616427179812
2009-12-08,43.68,44.0,43.36,43.642,86621400,38.3262858460063
2009-12-09,43.61,44.12,43.32,44.08,78820500,38.7109362561743
2009-12-10,44.25,44.54,44.24,44.3,76722400,38.9041396585418
2009-12-11,44.52,44.59,43.95,44.13,66643700,38.7548461203487
2009-12-14,44.43,44.6,44.19,44.55,47965500,39.1236889794139
2009-12-15,44.41,44.67,44.17,44.3,61171100,38.9041396585418
2009-12-16,44.47,44.7,44.29,44.36,61629700,38.9568314955511
2009-12-17,44.17,44.21,43.76,43.82,90440900,38.4826049624673
2009-12-18,44.14,44.48,44.0,44.46,96442600,39.1127993330986
2009-12-21,44.67,45.13,44.67,44.96,82357400,39.5526643728321
2009-12-22,45.08,45.29,45.03,45.23,51569100,39.7901914942881
2009-12-23,45.34,45.57,45.21,45.56,73932200,40.0805024205122
2009-12-24,45.61,45.98,45.6,45.98,31770400,40.4499890538883
2009-12-28,46.08,46.3,45.94,46.22,49381400,40.6611242729604
2009-12-29,46.22,46.25,45.99,46.03,32410200,40.4939755578617
2009-12-30,46.0,46.26,45.96,46.17,57612700,40.617137768987
2009-12-31,46.25,46.275,45.75,45.75,50079200,40.2476511356109
2010-01-04,46.32,46.485,46.27,46.42,62822800,40.8370702888538
2010-01-05,46.38,46.5,46.16,46.42,62935600,40.8370702888538
2010-01-06,46.39,46.55,46.07,46.14,96033000,40.590745866603
2010-01-07,46.2,46.27,45.92,46.17,77094100,40.617137768987
2010-01-08,46.04,46.55,45.93,46.55,88886600,40.9514351991845
2010-01-11,46.6,46.64,46.12,46.36,104673400,40.7842864840858
2010-01-12,46.08,46.14,45.53,45.78,90673900,40.274043037995
2010-01-13,45.93,46.49,45.61,46.35,100661000,40.7754891832911
2010-01-14,46.26,46.52,46.22,46.39,75209000,40.8106783864698
2010-01-15,46.46,46.55,45.65,45.85,126849300,40.3356241435576
2010-01-19,45.96,46.64,45.95,46.59,84388200,40.9866244023631
2010-01-20,46.27,46.604,45.43,45.92,145680000,40.3972052491203
2010-01-21,46.06,46.35,45.3,45.49,204939600,40.0189213149495
2010-01-22,45.34,45.48,44.04,44.16,171098700,38.8488803092586
2010-01-25,44.39,44.6,44.12,44.31,154218700,38.9808398211786
2010-01-26,44.28,44.89,44.05,44.35,140816500,39.0160290243573
2010-01-27,44.29,44.85,44.01,44.7,161632700,39.3239345521707
2010-01-28,44.4,44.43,43.32,43.55,221439800,38.3122449607837
2010-01-29,43.9,44.02,42.63,42.79,212099600,37.6436501003889
2010-02-01,42.91,43.2807,42.88,43.26,136827100,38.0571232377383
2010-02-02,43.31,43.78,43.03,43.65,110727700,38.4002179687304
2010-02-03,43.45,43.97,43.42,43.89,93581600,38.6113531878025
2010-02-04,43.58,43.66,42.62,42.62,151652500,37.4940959868795
2010-02-05,42.75,43.02,42.12,42.98,213618600,37.8107988154876
2010-02-08,42.92,43.18,42.64,42.67,94354400,37.5380824908529
2010-02-09,43.17,43.51,42.76,43.11,118956000,37.9251637258183
2010-02-10,43.1,43.31,42.75,43.02,94102900,37.8459880186663
2010-02-11,43.01,43.79,42.76,43.67,93050800,38.4178125703198
2010-02-12,43.27,43.88,43.16,43.76,93938500,38.4969882774718
2010-02-16,44.08,44.35,43.85,44.32,83861400,38.9896371219733
2010-02-17,44.5,44.57,44.26,44.57,82691700,39.20956964184
2010-02-18,44.54,44.93,44.45,44.85,65752600,39.4558940640907
2010-02-19,44.76,45.05,44.62,44.83,80416500,39.4382994625014
2010-02-22,45.01,45.03,44.56,44.74,72055000,39.3591237553494
2010-02-23,44.69,44.74,43.95,44.16,95814400,38.8488803092586
2010-02-24,44.4099,44.79,44.32,44.61,86591000,39.2447588450187
2010-02-25,44.11,44.7,43.83,44.6,97961300,39.235961544224
2010-02-26,44.6,44.86,44.4,44.76,66222400,39.3767183569387
2010-03-01,44.95,45.49,44.95,45.41,77290100,39.9485429085922
2010-03-02,45.54,45.85,45.45,45.55,76368500,40.0717051197176
2010-03-03,45.67,45.82,45.43,45.6,65735500,40.1156916236909
2010-03-04,45.64,45.81,45.4,45.75,54470900,40.2476511356109
2010-03-05,46.1,46.54,45.99,46.44,68136300,40.8546648904431
2010-03-08,46.46,46.64,46.44,46.53,58712400,40.9338405975951
2010-03-09,46.4,47.05,46.4,46.79,98002800,41.1625704182565
2010-03-10,46.8,47.28,46.8,47.17,102578900,41.4968678484539
2010-03-11,47.07,47.35,46.98,47.35,67510300,41.655219262758
2010-03-12,47.5,47.53,47.1,47.36,64068300,41.6640165635527
2010-03-15,47.26,47.38,46.91,47.24,60150500,41.5584489540166
2010-03-16,47.39,47.61,47.23,47.54,74950600,41.8223679778567
2010-03-17,47.6,47.9,47.53,47.67,75643500,41.9367328881874
2010-03-18,47.72,47.88,47.6,47.83,77829400,42.0774897009021
2010-03-19,47.95,47.95,47.32,47.49,86337100,41.8236523837727
2010-03-22,47.31,48.11,47.25,47.92,71902800,42.2023462251082
2010-03-23,48.0,48.3,47.77,48.2525,59182600,42.4951734396292
2010-03-24,48.14,48.17,47.91,48.02,62995700,42.2904145603025
2010-03-25,48.37,48.6,47.9,47.95,76294800,42.2287667256665
2010-03-26,48.14,48.33,47.74,48.0,78067900,42.2728008932636
2010-03-29,48.23,48.4,48.1,48.23,57993300,42.4753580642105
2010-03-30,48.36,48.55,48.06,48.39,49437300,42.6162674005214
2010-03-31,48.23,48.45,48.07,48.16,59947400,42.4137102295745
2010-04-01,48.34,48.7,47.79,48.16,83728600,42.4137102295745
2010-04-05,48.26,48.72,48.14,48.61,56220300,42.8100177379489
2010-04-06,48.49,48.9,48.39,48.75,54097100,42.9333134072209
2010-04-07,48.69,48.87,48.37,48.63,77211500,42.8276314049877
2010-04-08,48.51,48.82,48.24,48.74,68314300,42.9245065737015
2010-04-09,48.77,49.05,48.635,49.03,54227300,43.1799047457649
2010-04-12,49.05,49.2,48.94,49.07,44280600,43.2151320798426
2010-04-13,49.02,49.35,48.86,49.32,59376000,43.4353029178284
2010-04-14,49.57,49.92,49.5,49.91,69004800,43.9549060954748
2010-04-15,49.88,50.19,49.87,50.13,72254200,44.1486564329022
2010-04-16,49.95,50.12,49.2,49.53,127388000,43.6202464217364
2010-04-19,49.36,49.66,48.9,49.5,98251700,43.5938259211781
2010-04-20,49.755,49.88,49.43,49.75,69543700,43.8139967591639
2010-04-21,50.09,50.19,49.725,50.03,74748700,44.0605880977079
2010-04-22,49.5697,50.36,49.26,50.31,110477200,44.307179436252
2010-04-23,50.29,50.57,50.09,50.52,77205200,44.49212294016
2010-04-26,50.53,50.65,50.3,50.41,67361000,44.3952477714463
2010-04-27,50.22,50.43,49.21,49.34,112608000,43.4529165848673
2010-04-28,49.6,49.63,48.98,49.37,130082100,43.4793370854255
2010-04-29,49.61,50.33,49.61,50.23,84180200,44.2367247680965
2010-04-30,50.21,50.29,49.2,49.2375,110897000,43.3626465412931
2010-05-03,49.43,50.17,49.43,49.93,74169700,43.9725197625136
2010-05-04,49.31,49.32,48.08,48.43,141136500,42.6514947345991
2010-05-05,47.98,48.5,47.64,48.18,128560200,42.4313238966134
2010-05-06,47.85,48.3201,41.55,46.57,274356800,41.0134236999852
2010-05-07,46.22,46.8,44.2833,45.41,288200400,39.9918310117313
2010-05-10,47.42,47.8,47.31,47.77,136041600,42.0702437223168
2010-05-11,47.31,48.39,47.2,47.72,113016100,42.0262095547196
2010-05-12,47.98,48.66,47.9,48.62,85462400,42.8188245714683
2010-05-13,48.43,48.79,47.7301,47.85,102844300,42.1406983904722
2010-05-14,47.49,47.52,46.38,46.93,147386100,41.3304697066846
2010-05-17,47.04,47.27,46.07,47.08,120969600,41.4625722094761
2010-05-18,47.47,47.58,46.22,46.43,153072100,40.8901280307131
2010-05-19,46.26,46.63,45.55,46.06,159000300,40.5642751904942
2010-05-20,45.17,45.28,44.25,44.35,189289800,39.0583066586717
2010-05-21,43.64,45.64,43.49,44.84,190631100,39.4898415011238
2010-05-24,44.81,45.325,44.64,44.66,113038000,39.331318497774
2010-05-25,43.67,44.76,43.23,44.7,155643000,39.3665458318518
2010-05-26,44.93,45.57,44.12,44.2,140203200,38.9262041558803
2010-05-27,45.22,45.89,45.09,45.87,110671600,40.3969453536251
2010-05-28,45.94,45.99,45.2,45.6,128535300,40.1591608486005
2010-06-01,45.45,46.25,45.13,45.18,104242700,39.7892738407844
2010-06-02,45.45,46.28,45.13,46.25,97249300,40.7316050273634
2010-06-03,46.36,46.77,46.08,46.69,98928400,41.1191057022183
2010-06-04,45.71,46.29,44.9375,45.0925,112849900,39.7122140474894
2010-06-07,45.34,45.46,44.22,44.27,88436600,38.9878519905163
2010-06-08,44.37,44.48,43.59,44.19,133030100,38.9173973223608
2010-06-09,44.48,44.91,43.69,43.82,101949200,38.5915444821419
2010-06-10,44.39,45.12,44.24,45.07,76892300,39.6923986720707
2010-06-11,44.63,45.54,44.61,45.5,74346800,40.0710925134062
2010-06-14,45.91,46.24,45.41,45.49,68085000,40.0622856798867
2010-06-15,45.71,46.77,45.4532,46.71,76332600,41.1367193692572
2010-06-16,46.58,47.14,46.5,46.9,78399700,41.3040492061264
2010-06-17,47.16,47.18,46.64,47.05,77111900,41.4361517089178
2010-06-18,47.06,47.34,46.86,47.0,75921400,41.4707625646492
2010-06-21,47.6,47.68,46.33,46.6,95488100,41.1178199045245
2010-06-22,46.79,47.14,46.15,46.24,94493400,40.8001715104123
2010-06-23,46.29,46.47,45.69,46.05,92397600,40.6325237468531
2010-06-24,45.84,45.99,45.2,45.35,114145900,40.0148740916349
2010-06-25,45.51,45.66,44.95,45.27,88740300,39.9442855596099
2010-06-28,45.29,45.55,44.81,45.11,71350000,39.8031084955601
2010-06-29,44.42,44.46,43.07,43.37,136384200,38.2678079240177
2010-06-30,43.23,43.67,42.64,42.71,101313200,37.685452534812
2010-07-01,42.82,42.96,41.77,42.59,158695000,37.5795697367746
2010-07-02,42.67,42.8215,42.09,42.47,78565300,37.4736869387372
2010-07-06,43.09,43.37,42.25,42.6,88591900,37.5883933032777
2010-07-07,42.74,44.01,42.7,43.96,72448400,38.7883983477016
2010-07-08,44.3097,44.38,43.68,44.2,78264600,39.0001639437764
2010-07-09,44.18,44.63,44.08,44.62,47851200,39.3707537369073
2010-07-12,44.58,45.03,44.46,44.75,60927500,39.4854601014479
2010-07-13,45.13,45.5,44.8,45.33,93310500,39.9972269586286
2010-07-14,45.42,45.81,45.24,45.56,87687100,40.2001689882003
2010-07-15,45.46,45.74,44.99,45.6,95992500,40.2354632542128
2010-07-16,45.44,45.6281,44.3,44.34,98831900,39.1236938748201
2010-07-19,44.48,44.81,44.1,44.72,81800800,39.4589894019385
2010-07-20,43.99,45.26,43.86,45.26,89061200,39.9354619931068
2010-07-21,45.75,45.76,44.56,44.64,83577000,39.3884008699136
2010-07-22,45.26,45.98,45.24,45.77,82890300,40.3854638847658
2010-07-23,45.46,46.1,45.38,46.06,81056100,40.6413473133562
2010-07-26,46.12,46.46,45.91,46.44,64850900,40.9766428404746
2010-07-27,46.69,46.72,46.21,46.42,67655600,40.9589957074684
2010-07-28,46.38,46.58,45.88,46.05,51988200,40.6325237468531
2010-07-29,46.3,46.41,45.25,45.71,85669500,40.3325224857471
2010-07-30,45.36,46.09,45.07,45.81,98958100,40.4207581507783
2010-08-02,46.38,46.79,46.2101,46.67,68706800,41.1795848700463
2010-08-03,46.63,46.7,46.25,46.47,60856600,41.003113539984
2010-08-04,46.69,46.99,46.5,46.938,43820600,41.4160564523298
2010-08-05,46.72,46.92,46.52,46.83,39150200,41.3207619340962
2010-08-06,46.32,46.85,46.05,46.76,71339200,41.2589969685744
2010-08-09,47.01,47.19,46.79,47.08,26927600,41.5413510966741
2010-08-10,46.63,46.95,46.28,46.6725,86694500,41.1817907616721
2010-08-11,45.91,45.92,45.21,45.4,92219700,40.0589919241505
2010-08-12,44.56,45.24,44.45,45.04,66000200,39.7413435300383
2010-08-13,44.87,45.06,44.71,44.72,46387300,39.4589894019385
2010-08-16,44.72,45.11,44.3,44.8,55472900,39.5295779339635
2010-08-17,45.11,45.78,45.03,45.372,56927100,40.0342859379417
2010-08-18,45.29,45.82,45.11,45.55,61835400,40.1913454216972
2010-08-19,45.29,45.46,44.56,44.86,82969500,39.5825193329822
2010-08-20,44.79,45.03,44.54,44.92,65806700,39.6354607320009
2010-08-23,45.25,45.34,44.46,44.48,69612200,39.2472238058637
2010-08-24,44.01,44.12,43.465,43.65,79095800,38.514867786105
2010-08-25,43.35,44.26,43.27,44.07,87247900,38.8854575792359
2010-08-26,44.24,44.32,43.5,43.54,91199000,38.4178085545707
2010-08-27,43.86,44.16,42.97,44.07,109568800,38.8854575792359
2010-08-30,43.87,44.25,43.6,43.61,49373200,38.4795735200926
2010-08-31,43.39,43.85,43.18,43.46,72066900,38.3472200225458
2010-09-01,44.1,44.91,44.07,44.76,83523100,39.494283667951
2010-09-02,44.84,45.28,44.73,45.26,41816800,39.9354619931068
2010-09-03,45.73,46.02,45.55,46.01,64041100,40.5972294808406
2010-09-07,45.82,46.03,45.625,45.7,51195200,40.323698919244
2010-09-08,45.84,46.45,45.82,46.25,66879800,40.8089950769154
2010-09-09,46.6076,46.7,46.32,46.43,61476400,40.9678192739715
2010-09-10,46.49,46.67,46.25,46.6,66995700,41.1178199045245
2010-09-13,46.95,47.37,46.94,47.25,64523400,41.6913517272271
2010-09-14,47.17,47.7,47.08,47.45,91405800,41.8678230572894
2010-09-15,47.35,47.8,47.19,47.75,67108200,42.1325300523829
2010-09-16,47.68,47.98,47.54,47.94,66885800,42.3001778159421
2010-09-17,48.14,48.14,47.75,47.995,76372600,42.4471343160516
2010-09-20,48.18,48.93,48.1101,48.8299,84475000,43.1855260743695
2010-09-21,48.84,49.17,48.61,48.82,82272000,43.1767704408717
2010-09-22,48.64,49.021,48.42,48.69,88315900,43.0617974757485
2010-09-23,48.39,49.16,48.32,48.67,85040000,43.044109327268
2010-09-24,49.22,49.69,49.15,49.66,79495900,43.9196726770522
2010-09-27,49.65,49.75,49.35,49.39,43859800,43.6808826725656
2010-09-28,49.51,49.54,48.59,49.37,104922900,43.6631945240851
2010-09-29,49.3,49.53,49.11,49.29,81679200,43.5924419301632
2010-09-30,49.54,49.84,48.75,49.07,122458600,43.3978722968778
2010-10-01,49.46,49.53,48.781,49.01,77675400,43.3448078514363
2010-10-04,48.86,49.05,48.2,48.48,71359900,42.8760719167034
2010-10-05,49.03,49.76,49.0,49.66,99301300,43.9196726770522
2010-10-06,49.59,49.71,48.91,49.23,81831200,43.5393774847217
2010-10-07,49.52,49.54,49.0,49.41,75693300,43.6985708210461
2010-10-08,49.49,49.87,49.08,49.75,83223900,43.9992693452144
2010-10-11,49.78,50.02,49.62,49.77,46880000,44.0169574936949
2010-10-12,49.69,50.21,49.26,50.11,88571700,44.3176560178632
2010-10-13,50.4,50.75,50.28,50.52,71122900,44.6802630617132
2010-10-14,50.54,50.64,50.17,50.42,68464000,44.5918223193108
2010-10-15,51.04,51.5,50.63,51.49,104654000,45.5381382630169
2010-10-18,51.52,51.72,51.3,51.3,72399400,45.3701008524522
2010-10-19,50.74,51.3,50.42,50.82,105739800,44.9455852889205
2010-10-20,50.96,51.57,50.87,51.19,80861400,45.2728160358095
2010-10-21,51.51,51.7101,50.79,51.29,85885400,45.361256778212
2010-10-22,51.3,51.69,51.21,51.64,47406900,45.6707993766205
2010-10-25,51.85,52.23,51.85,51.89,51413900,45.8919012326266
2010-10-26,51.62,52.15,51.42,52.03,60498300,46.0157182719901
2010-10-27,51.8589,52.23,51.66,52.19,57483400,46.157223459834
2010-10-28,52.42,52.45,51.84,52.3,61220000,46.2545082764766
2010-10-29,52.29,52.49,52.1698,52.18,46668700,46.1483793855937
2010-11-01,52.38,52.75,51.98,52.22,60555600,46.1837556825547
2010-11-02,52.66,52.93,52.575,52.78,48137500,46.6790238400084
2010-11-03,52.84,53.04,52.36,53.02,126225800,46.8912816217742
2010-11-04,53.63,53.8614,53.5,53.67,84201000,47.4661464473901
2010-11-05,53.67,53.81,53.51,53.67,77937100,47.4661464473901
2010-11-08,53.57,53.83,53.4499,53.7375,39623500,47.5258439485117
2010-11-09,53.97,54.0401,53.21,53.45,66828700,47.2715768141047
2010-11-10,53.53,53.77,53.1,53.715,83553700,47.5059447814712
2010-11-11,52.9,53.48,52.66,53.385,85163600,47.2140903315431
2010-11-12,53.1,53.3672,52.11,52.51,99164300,46.4402338355218
2010-11-15,52.78,52.88,52.29,52.315,56723400,46.267774387837
2010-11-16,51.93,52.2462,50.85,51.45,101097000,45.5027619660559
2010-11-17,51.49,51.87,51.35,51.6,77836200,45.6354230796596
2010-11-18,52.15,52.79,52.13,52.43,71488300,46.3694812415998
2010-11-19,52.34,52.59,52.14,52.47,54506100,46.4048575385608
2010-11-22,52.25,52.91,52.17,52.91,69918900,46.7939968051315
2010-11-23,52.39,52.45,51.77,52.07,76818300,46.051094568951
2010-11-24,52.58,53.25,52.56,53.12,53444200,46.9797223641767
2010-11-26,52.8,53.13,52.67,52.77,23640300,46.6701797657681
2010-11-29,52.7,52.9,52.1,52.73,89269100,46.6348034688071
2010-11-30,52.18,52.7355,51.88,52.085,118862100,46.0643606803114
2010-12-01,52.87,53.46,52.84,53.19,81758800,47.0416308838584
2010-12-02,53.27,53.81,53.21,53.73,56844600,47.5192108928316
2010-12-03,53.5,53.94,53.5,53.87,38014200,47.643027932195
2010-12-06,53.86,53.95,53.68,53.845,39312000,47.6209177465944
2010-12-07,54.49,54.52,53.82,53.88,59067300,47.6518720064352
2010-12-08,54.02,54.15,53.6899,54.08,48066900,47.8287534912401
2010-12-09,54.41,54.44,53.95,54.135,51679800,47.8773958995614
2010-12-10,54.29,54.55,54.09,54.495,44696200,48.1957825722102
2010-12-13,54.71,54.74,54.27,54.3,53110200,48.0233231245255
2010-12-14,54.42,54.62,54.23,54.395,69884800,48.1073418298078
2010-12-15,54.37,54.7,54.03,54.16,76951900,47.899506085162
2010-12-16,54.21,54.66,54.06,54.58,65519400,48.2709572032523
2010-12-17,54.54,54.68,54.41,54.52,36844200,48.3136917699812
2010-12-20,54.59,54.76,54.16,54.56,48159600,48.3491383523509
2010-12-21,54.7602,54.89,54.62,54.89,35775400,48.6415726569014
2010-12-22,54.86,54.96,54.79,54.885,35766500,48.6371418341052
2010-12-23,54.78,54.87,54.61,54.742,21664800,48.5104203021333
2010-12-27,54.62,54.86,54.21,54.77,29263700,48.5352329097922
2010-12-28,54.88,54.92,54.55,54.67,24160500,48.4466164538678
2010-12-29,54.82,54.9,54.73,54.79,24132700,48.552956200977
2010-12-30,54.79,54.8,54.55,54.66,27553300,48.4377548082753
2010-12-31,54.6,54.62,54.21,54.46,38540100,48.2605218964265
2011-01-03,54.959,55.69,54.95,55.31,90994300,49.0137617717839
2011-01-04,55.53,55.55,54.92,55.265,43851500,48.9738843666179
2011-01-05,55.11,55.76,55.07,55.74,43787400,49.3948125322588
2011-01-06,55.79,55.96,55.68,55.92,46139600,49.5543221529227
2011-01-07,56.02,56.05,55.32,55.87,72261700,49.5100139249605
2011-01-10,55.72,56.18,55.58,56.08,55551800,49.6961084824018
2011-01-11,56.29,56.36,55.95,56.16,56663800,49.7670016471413
2011-01-12,56.42,56.56,56.2,56.555,51979300,50.1170366480426
2011-01-13,56.59,56.73,56.41,56.575,47364500,50.1347599392275
2011-01-14,56.59,57.02,56.46,57.0,43867400,50.5113798769062
2011-01-18,56.52,57.23,56.49,57.16,65805600,50.6531662063852
2011-01-19,57.24,57.26,56.32,56.51,67767200,50.0771592428767
2011-01-20,56.3,56.35,55.68,56.11,92357800,49.7226934191791
2011-01-21,56.39,56.49,55.65,55.68,59673300,49.3416426587042
2011-01-24,55.79,56.46,55.68,56.45,64103300,50.023989369322
2011-01-25,56.18,56.55,56.05,56.5325,55305100,50.0970979454597
2011-01-26,56.63,56.98,56.45,56.83,60547700,50.3607319018347
2011-01-27,57.01,57.35,56.92,57.18,53656100,50.6708894975701
2011-01-28,57.16,57.22,55.47,55.73,123359900,49.3859508866664
2011-01-31,55.81,56.16,55.39,56.0,70571300,49.6252153176622
2011-02-01,56.4194,57.18,56.36,57.05,76952900,50.5556881048684
2011-02-02,56.92,57.17,56.84,56.955,48661000,50.4715024717402
2011-02-03,56.85,57.14,56.4,57.0575,45341900,50.5623343390627
2011-02-04,57.05,57.42,56.9,57.375,47647800,50.8436915866227
2011-02-07,57.49,57.97,57.4,57.65,45627100,51.0873868404148
2011-02-08,57.65,58.07,57.56,58.025,38099900,51.4196985501313
2011-02-09,57.94,58.12,57.75,57.93,62540800,51.3355129170031
2011-02-10,57.61,58.1,57.49,58.021,70194700,51.4161538918943
2011-02-11,57.87,58.48,57.77,58.44,47853500,51.7874568422175
2011-02-14,58.43,58.66,58.38,58.58,48506100,51.9115198805117
2011-02-15,58.44,58.57,58.23,58.5,39723800,51.8406267157722
2011-02-16,58.64,59.04,58.63,58.881,53061700,52.1782554128441
2011-02-17,58.6,58.975,58.55,58.86,38361900,52.1596459571
2011-02-18,58.88,58.97,58.51,58.73,44334300,52.0444445643983
2011-02-22,58.0,58.13,56.94,57.03,92598100,50.5379648136835
2011-02-23,57.0,57.23,56.13,56.56,97842900,50.1214674708389
2011-02-24,56.7,57.03,56.14,56.855,98716100,50.3828860158158
2011-02-25,57.16,57.72,57.12,57.65,54094600,51.0873868404148
2011-02-28,57.87,58.05,57.43,57.7689,51402800,51.1927518065089
2011-03-01,57.99,58.02,56.695,56.84,91993900,50.3695935474272
2011-03-02,56.82,57.511,56.79,57.14,61552900,50.6354429152004
2011-03-03,57.68,58.365,57.67,58.265,64146600,51.6323780443498
2011-03-04,58.25,58.26,57.59,57.9675,62328400,51.3687440879747
2011-03-07,58.21,58.2599,56.67,57.19,98470000,50.6797511431626
2011-03-08,57.1,57.68,56.77,57.42,62399100,50.8835689917887
2011-03-09,57.21,57.27,56.72,57.03,84764200,50.5379648136835
2011-03-10,56.39,56.52,55.91,56.14,102894400,49.7492783559564
2011-03-11,55.83,56.66,55.82,56.49,81679400,50.0594359516918
2011-03-14,56.18,56.59,55.86,56.29,73565800,49.882203039843
2011-03-15,54.64,55.82,54.47,55.49,101276500,49.1732713924478
2011-03-16,55.03,55.34,53.77,54.15,176507700,47.9858108830609
2011-03-17,55.01,55.24,54.1294,54.65,94434500,48.4288931626829
2011-03-18,55.2,55.22,54.41,54.45,94887200,48.3197797205032
2011-03-21,55.29,55.78,54.4956,55.5,57423000,49.251566106298
2011-03-22,55.57,55.61,55.28,55.395,36162100,49.1583874677185
2011-03-23,55.19,55.87,54.82,55.71,60365100,49.437923383457
2011-03-24,56.12,56.82,55.82,56.7,69502400,50.3164648329207
2011-03-25,56.89,57.22,56.7299,56.84,74131100,50.4407030176933
2011-03-28,57.09,57.1,56.5,56.53,37824000,50.1656041799824
2011-03-29,56.4,57.08,56.23,57.08,47994800,50.6536827630178
2011-03-30,57.36,57.43,57.08,57.35,44935900,50.8932849765079
2011-03-31,57.25,57.48,57.15,57.43,50004300,50.9642782249494
2011-04-01,57.72,57.9,57.29,57.46,68031800,50.990900693115
2011-04-04,57.62,57.68,57.02,57.27,48659100,50.8222917280664
2011-04-05,57.16,57.49,57.0,57.12,55349400,50.6891793872386
2011-04-06,57.54,57.73,56.93,57.26,49532100,50.8134175720112
2011-04-07,57.23,57.6,56.81,57.22,60697000,50.7779209477905
2011-04-08,57.48,57.57,56.65,56.95,42782200,50.5383187343004
2011-04-11,57.16,57.29,56.56,56.76,42451700,50.3697097692518
2011-04-12,56.52,56.64,56.15,56.37,50422800,50.0236176830994
2011-04-13,56.77,57.0,56.4,56.85,49979800,50.4495771737485
2011-04-14,56.45,56.83,56.23,56.75,53544100,50.3608356131966
2011-04-15,56.53,56.87,56.28,56.65,68530000,50.2720940526447
2011-04-18,56.09,56.27,55.32,56.25,69065000,49.9171278104372
2011-04-19,56.39,56.6,56.1,56.6,38608400,50.2277232723688
2011-04-20,57.59,57.94,56.6051,57.875,67397500,51.3591781694053
2011-04-21,58.47,58.47,58.16,58.34,43666800,51.7718264259716
2011-04-25,58.4,58.52,58.28,58.49,25376800,51.9049387667995
2011-04-26,58.65,59.03,58.51,58.82,49400000,52.1977859166207
2011-04-27,58.9,59.29,58.66,59.22,56465500,52.5527521588282
2011-04-28,59.06,59.23,58.88,59.13,48100000,52.4728847543315
2011-04-29,59.04,59.29,58.98,59.08,44831200,52.4285139740556
2011-05-02,59.19,59.34,58.82,58.97,48149400,52.3308982574485
2011-05-03,58.95,59.0,58.33,58.69,38100000,52.0824218879032
2011-05-04,58.72,58.87,58.11,58.6,53097200,52.0025544834065
2011-05-05,58.32,58.97,58.08,58.28,72200000,51.7185814896405
2011-05-06,58.86,59.2,58.31,58.47,72507000,51.8871904546891
2011-05-09,58.56,58.92,58.34,58.69,40022000,52.0824218879032
2011-05-10,58.87,59.28,58.775,59.19,38053600,52.5261296906627
2011-05-11,59.1,59.31,58.36,58.755,61900000,52.140103902262
2011-05-12,58.56,59.19,58.24,59.11,66100000,52.4551364422212
2011-05-13,58.98,59.07,58.39,58.41,63506600,51.8339455183579
2011-05-16,58.16,58.32,57.27,57.399,73115300,50.9367683411784
2011-05-17,57.12,57.57,56.98,57.56,63136000,51.0796422536669
2011-05-18,57.48,58.14,57.41,58.04,42351100,51.505601744316
2011-05-19,58.23,58.34,57.85,58.21,35015800,51.6564623972542
2011-05-20,58.15,58.21,57.69,57.765,44703300,51.2615624527983
2011-05-23,56.99,57.15,56.65,56.92,43700000,50.5116962661348
2011-05-24,57.07,57.07,56.56,56.57,39314800,50.2011008042032
2011-05-25,56.49,57.06,56.47,56.79,41369000,50.3963322374174
2011-05-26,56.62,57.3,56.61,57.1415,40564100,50.7082588227572
2011-05-27,57.24,57.49,57.19,57.43,30127200,50.9642782249494
2011-05-31,57.97,58.36,57.67,58.36,47590100,51.789574738082
2011-06-01,58.22,58.36,57.04,57.09,51795000,50.662556919073
2011-06-02,57.21,57.41,56.89,57.21,50198100,50.7690467917353
2011-06-03,56.56,56.99,56.27,56.35,57773700,50.005869370989
2011-06-06,56.35,56.53,55.86,55.89,50175600,49.5976581924504
2011-06-07,56.05,56.26,55.75,55.79,46311100,49.5089166318985
2011-06-08,55.67,55.77,55.23,55.39,46426400,49.1539503896909
2011-06-09,55.37,55.76,55.23,55.485,45307500,49.2382548722152
2011-06-10,55.23,55.34,54.59,54.64,53740600,48.4883886855518
2011-06-13,54.71,54.93,54.45,54.64,37736800,48.4883886855518
2011-06-14,55.05,55.47,55.03,55.34,40565300,49.109579609415
2011-06-15,54.83,55.15,54.18,54.29,59022400,48.1777932236201
2011-06-16,54.33,54.5,53.615,54.08,66316200,47.9914359464612
2011-06-17,54.45,54.598,53.631,53.79,70337000,47.8412763518513
2011-06-20,53.66,54.23,53.64,54.07,37402900,48.0903106961257
2011-06-21,54.26,55.29,54.03,55.23,55892800,49.1220244081195
2011-06-22,55.0,55.32,54.82,54.831,36833300,48.7671504675286
2011-06-23,54.28,55.37,54.06,55.34,80743300,49.2198593290845
2011-06-24,55.07,55.13,54.27,54.38,56298300,48.3660272915723
2011-06-27,54.43,55.53,54.32,55.245,49968900,49.1353655337057
2011-06-28,55.38,56.08,55.29,56.07,47028800,49.8691274409426
2011-06-29,56.23,56.41,55.9,56.3,65407300,50.0736913665966
2011-06-30,56.5,57.09,56.47,57.05,50347200,50.7407476459029
2011-07-01,57.1,57.985,56.92,57.91,53203900,51.5056388461742
2011-07-05,57.95,58.26,57.83,58.2,43128800,51.7635672741727
2011-07-06,58.14,58.49,57.94,58.39,49282700,51.9325548649303
2011-07-07,58.82,59.36,58.74,59.19,54799800,52.644081562857
2011-07-08,58.7,59.04,58.37,59.03,69519500,52.5017762232717
2011-07-11,58.41,58.71,57.76,57.96,52080800,51.5501092647946
2011-07-12,57.94,58.07,57.46,57.52,84000700,51.1587695809349
2011-07-13,57.94,58.34,57.55,57.76,82378100,51.3722275903129
2011-07-14,57.93,58.18,56.87,57.09,98774200,50.7763239807993
2011-07-15,57.72,57.85,57.31,57.85,68281500,51.4522743438297
2011-07-18,57.535,57.79,56.98,57.54,59512200,51.1765577483831
2011-07-19,58.13,58.9,58.09,58.85,73904600,52.3416827162382
2011-07-20,59.18,59.19,58.5,58.6,57085500,52.1193306231361
2011-07-21,58.65,59.32,58.34,58.99,70148800,52.4661998883754
2011-07-22,58.97,59.7,58.92,59.6,43620400,53.0087389955445
2011-07-25,59.13,59.81,59.02,59.48,48916100,52.9020099908555
2011-07-26,59.44,59.83,59.32,59.625,40918900,53.0309742048547
2011-07-27,59.25,59.29,57.94,58.09,83969500,51.6657323532077
2011-07-28,58.1,58.93,57.89,58.19,61031900,51.7546731904486
2011-07-29,57.73,58.61,57.44,58.0,82860500,51.585685599691
2011-08-01,58.67,58.82,57.03,57.73,85421100,51.3455453391407
2011-08-02,57.46,57.72,56.21,56.27,90853300,50.0470091154243
2011-08-03,56.37,56.88,55.35,56.81,103612300,50.5272896365249
2011-08-04,55.98,56.09,54.17,54.17,132830000,48.1792515333666
2011-08-05,54.79,55.03,52.32,53.83,214111800,47.8768526867477
2011-08-08,52.21,53.12,50.59,50.59,204804500,44.9951695601442
2011-08-09,51.31,53.08,49.93,53.03,193707100,47.1653259888209
2011-08-10,51.82,53.0438,50.8,50.86,205917900,45.2353098206945
2011-08-11,51.58,53.69,51.34,53.1,143825300,47.2275845748895
2011-08-12,53.42,53.9,52.88,53.57,90483300,47.6456065099215
2011-08-15,53.77,54.36,53.53,54.36,73554300,48.3482391241242
2011-08-16,53.82,54.35,53.18,53.9,89219200,47.9391112728163
2011-08-17,53.98,54.42,53.02,53.58,84416600,47.6545005936456
2011-08-18,52.13,52.14,50.48,50.95,130019400,45.3153565742113
2011-08-19,50.43,51.67,49.99,50.03,96674600,44.4971008715955
2011-08-22,51.21,51.24,50.06,50.21,77107700,44.657194378629
2011-08-23,50.56,52.28,50.34,52.28,75688400,46.4982697095146
2011-08-24,52.18,53.42,51.71,52.69,80197700,46.862927142202
2011-08-25,52.64,52.905,51.65,51.83,93623700,46.0980359419307
2011-08-26,51.68,53.31,51.15,53.13,91573300,47.2542668260618
2011-08-29,53.64,54.67,53.64,54.61,45985800,48.5705912172263
2011-08-30,54.39,55.3,54.11,54.97,61617900,48.8907782312933
2011-08-31,55.29,55.74,54.6,55.06,60900400,48.9708249848101
2011-09-01,55.21,55.64,54.46,54.56,57158400,48.5261207986059
2011-09-02,53.58,54.6143,52.99,53.28,58185700,47.387678081923
2011-09-06,52.04,53.366,51.91,53.29,52992200,47.3965721656471
2011-09-07,54.03,54.65,53.9,54.64,48952200,48.5972734683985
2011-09-08,54.37,55.1684,54.21,54.39,61422800,48.3749213752964
2011-09-09,54.01,54.2399,52.85,53.18,63663500,47.2987372446822
2011-09-12,52.89,53.9,52.57,53.86,65973000,47.9035349379199
2011-09-13,54.08,54.69,53.8,54.58,59020000,48.543908966054
2011-09-14,54.85,55.98,54.32,55.36,90757300,49.2376474965326
2011-09-15,55.97,56.28,55.39,56.18,83536100,49.9669623619076
2011-09-16,56.25,56.65,56.09,56.59,91902100,50.4244206641721
2011-09-19,55.9,56.91,55.43,56.61,73042900,50.4422416292416
2011-09-20,56.9,57.35,56.23,56.36,66570100,50.2194795658728
2011-09-21,56.65,56.93,55.37,55.38,79938000,49.3462522774669
2011-09-22,53.93,54.46,52.75,53.58,151885500,47.7423654212112
2011-09-23,53.14,54.38,53.091,54.15,85940600,48.2502629256922
2011-09-26,54.42,54.88,53.21,54.78,96261400,48.8116233253817
2011-09-27,55.7,56.2,54.98,55.35,81148600,49.3195208298627
2011-09-28,55.57,55.97,54.4,54.53,76757100,48.5888612620128
2011-09-29,55.36,55.43,52.97,53.88,116900200,48.0096798972538
2011-09-30,53.18,53.61,52.46,52.49,104870100,46.7711228249231
2011-10-03,52.04,52.85,51.11,51.14,99149500,45.5682076827313
2011-10-04,50.595,52.29,50.095,52.19,137013700,46.5038083488804
2011-10-05,52.07,53.6787,51.66,53.53,108825700,47.6978130085375
2011-10-06,53.47,54.44,53.21,54.43,71939200,48.4997564366653
2011-10-07,54.41,54.66,53.72,54.07,72525200,48.1789790654142
2011-10-10,54.98,55.94,54.89,55.94,48230200,49.8452392994131
2011-10-11,55.81,56.46,55.7,56.32,66449100,50.1838376357338
2011-10-12,56.87,57.23,56.56,56.6,85627600,50.4333311467069
2011-10-13,56.49,57.19,56.43,57.12,63443700,50.8966762385141
2011-10-14,57.84,58.19,57.51,58.18,65643600,51.841187387198
2011-10-17,57.9,58.09,56.9716,57.28,65161300,51.0392439590702
2011-10-18,57.19,58.29,56.66,57.99,91434600,51.6718882190377
2011-10-19,57.71,57.85,56.68,56.87,67639400,50.6739141751452
2011-10-20,56.81,56.92,55.79,56.59,80378300,50.4244206641721
2011-10-21,57.17,57.66,56.78,57.3,60455800,51.0570649241397
2011-10-24,57.52,58.65,57.3105,58.49,61449500,52.1174123457754
2011-10-25,58.27,58.32,57.22,57.34,65299200,51.0927068542787
2011-10-26,57.65,57.78,56.2126,57.27,98193800,51.0303334765354
2011-10-27,58.64,59.2,58.03,58.85,104455500,52.4381897170265
2011-10-28,58.5,59.01,58.5,58.94,42950000,52.5183840598393
2011-10-31,58.41,58.64,57.91,57.95,60520200,51.6362462888987
2011-11-01,56.56,57.9064,56.12,56.44,99933000,50.2907634261508
2011-11-02,57.01,57.16,56.385,56.92,65003800,50.718466587819
2011-11-03,57.36,58.175,56.71,58.1,78994200,51.76990352692
2011-11-04,57.79,58.05,57.22,57.8,61527800,51.5025890508774
2011-11-07,57.75,58.25,57.17,58.21,65559000,51.8679188348023
2011-11-08,58.63,58.98,57.97,58.88,62906900,52.4649211646308
2011-11-09,57.72,57.83,56.63,56.81,69539000,50.6204512799367
2011-11-10,57.4,57.42,56.23,56.78,66052400,50.5937198323325
2011-11-11,57.28,58.02,57.2,57.85,54471000,51.5471414635511
2011-11-14,57.69,58.01,57.28,57.49,44617600,51.2263640923
2011-11-15,57.34,58.36,57.26,58.13,52203900,51.7966349745242
2011-11-16,57.73,58.1574,57.06,57.17,68342800,50.9412286511879
2011-11-17,57.02,57.04,55.48,55.83,101706900,49.7472239915308
2011-11-18,55.85,55.9,55.3,55.4,60417000,49.3640732425364
2011-11-21,54.68,54.73,53.78,54.34,52283700,48.4195620938525
2011-11-22,54.2,54.68,53.87,54.52,51940100,48.5799507794781
2011-11-23,54.11,54.17,53.26,53.29,48437300,47.4839614277034
2011-11-25,53.09,53.67,52.87,52.88,25448100,47.1186316437785
2011-11-28,54.16,54.79,54.14,54.72,46710700,48.7581604301732
2011-11-29,54.65,55.1,54.22,54.38,52056700,48.4552040239915
2011-11-30,55.84,56.44,55.67,56.39,66918600,50.2462110134771
2011-12-01,56.37,56.925,56.35,56.78,45362200,50.5937198323325
2011-12-02,57.33,57.34,56.57,56.62,36938900,50.4511521117764
2011-12-05,57.49,57.62,56.915,57.24,40492200,51.0036020289311
2011-12-06,57.29,57.45,56.89,57.08,38670000,50.8610343083751
2011-12-07,56.9,57.34,56.35,57.08,44576200,50.8610343083751
2011-12-08,56.74,57.15,56.01,56.12,51692600,50.0056279850387
2011-12-09,56.26,57.19,56.24,57.02,55757900,50.8075714131666
2011-12-12,56.42,57.0087,55.9,56.38,55411700,50.2373005309423
2011-12-13,56.76,56.98,55.53,55.76,68557700,49.6848506137876
2011-12-14,55.52,55.59,54.58,54.89,63682800,48.909638633264
2011-12-15,55.36,55.42,54.66,54.74,58732900,48.7759813952427
2011-12-16,54.88,55.61,54.77,54.86,60978900,49.0259382513076
2011-12-19,55.06,55.2,54.17,54.32,46733900,48.5433643057059
2011-12-20,55.2,56.0,55.17,55.93,81758800,49.9821495879627
2011-12-21,55.64,55.64,54.4875,55.13,78552300,49.2672252241084
2011-12-22,55.22,55.6261,55.17,55.6,40334100,49.6872432878728
2011-12-23,55.68,56.08,55.581,56.08,26594600,50.1161979061854
2011-12-27,56.01,56.42,55.93,56.24,21443500,50.2591827789562
2011-12-28,56.17,56.26,55.44,55.59,38180100,49.6783067333246
2011-12-29,55.68,56.03,55.5,55.99,28077900,50.0357689152518
2011-12-30,55.86,56.12,55.82,55.83,21832400,49.8927840424809
2012-01-03,56.91,57.19,56.75,56.9,39514100,50.848995379136
2012-01-04,56.8,57.22,56.56,57.14,29403400,51.0634726882923
2012-01-05,57.02,57.66,56.8,57.61,41260600,51.4834907520567
2012-01-06,57.65,57.94,57.4,57.81,46325200,51.6622218430203
2012-01-09,57.95,57.98,57.431,57.62,39195500,51.4924273066049
2012-01-10,58.26,58.405,57.6398,58.04,35949900,51.8677625976284
2012-01-11,58.02,58.29,57.81,58.16,37144100,51.9750012522065
2012-01-12,58.29,58.47,57.86,58.39,26188300,52.1805420068146
2012-01-13,58.1,58.2,57.68,58.18,35980400,51.9928743613029
2012-01-17,58.71,58.96,58.49,58.71,41790800,52.4665117523563
2012-01-18,58.84,59.49,58.6822,59.49,48692700,53.1635630071143
2012-01-19,59.76,59.97,59.65,59.86,47774500,53.4942155253969
2012-01-20,59.61,59.8,59.56,59.77,41041700,53.4137865344633
2012-01-23,59.8,60.21,59.44,59.79,40958300,53.4316596435596
2012-01-24,59.54,59.84,59.41,59.68,38440200,53.3333575435297
2012-01-25,60.28,60.58,59.8335,60.43,61591800,54.003599134643
2012-01-26,60.67,60.8,59.93,60.22,37852700,53.8159314891313
2012-01-27,60.09,60.51,60.06,60.4,45532300,53.9767894709985
2012-01-30,59.88,60.54,59.66,60.45,42797800,54.0214722437394
2012-01-31,60.75,60.86,60.14,60.53,51449600,54.0929646801248
2012-02-01,60.85,61.24,60.66,61.02,46146700,54.5308558529856
2012-02-02,61.2,61.41,60.97,61.21,46373600,54.700650389401
2012-02-03,61.78,62.12,61.6799,62.05,36453800,55.451320971448
2012-02-06,61.82,62.02,61.66,62.0,28541300,55.4066381987071
2012-02-07,61.95,62.25,61.67,62.13,37935700,55.5228134078334
2012-02-08,62.14,62.46,61.91,62.46,41171100,55.8177197079233
2012-02-09,62.67,62.98,62.32,62.91,46856400,56.2198646625913
2012-02-10,62.47,62.64,62.25,62.475,58090500,55.8311245397456
2012-02-13,62.93,63.13,62.65,63.05,36810200,56.3449764262658
2012-02-14,62.9,63.22,62.69,63.21,51648200,56.4879612990367
2012-02-15,63.52,63.86,62.67,62.77,105709100,56.0947528989168
2012-02-16,62.79,63.7,62.63,63.63,83642300,56.8632965900602
2012-02-17,63.64,63.69,63.15,63.43,76112300,56.6845654990966
2012-02-21,63.51,63.89,63.21,63.61,38141300,56.8454234809638
2012-02-22,63.49,63.68,63.23,63.32,43174700,56.5862633990667
2012-02-23,63.4,63.81,63.09,63.74,54250000,56.9615986900902
2012-02-24,63.92,64.07,63.8,63.96,41364900,57.1582028901501
2012-02-27,63.6,64.26,63.33,64.05,42678500,57.2386318810837
2012-02-28,64.1,64.7,64.03,64.7,43717500,57.8195079267153
2012-02-29,64.74,64.96,64.2,64.41,59784400,57.5603478448181
2012-03-01,64.66,64.98,64.46,64.92,67558900,58.0161121267752
2012-03-02,64.83,65.0784,64.66,64.87,33358200,57.9714293540343
2012-03-05,64.83,64.91,63.99,64.2,45788800,57.3726801993064
2012-03-06,63.59,63.72,63.23,63.57,54638600,56.8096772627711
2012-03-07,63.86,64.21,63.77,64.06,42741800,57.2475684356319
2012-03-08,64.42,64.94,64.3,64.75,43711100,57.8641906994562
2012-03-09,64.85,65.14,64.82,65.02,43117200,58.105477672257
2012-03-12,64.97,65.11,64.72,65.05,32687300,58.1322873359015
2012-03-13,65.42,66.26,65.27,66.26,61559100,59.2136104362311
2012-03-14,66.31,66.74,66.08,66.49,59926900,59.4191511908393
2012-03-15,66.69,66.82,66.35,66.68,65531200,59.5889457272547
2012-03-16,66.65,66.67,66.36,66.52,53023100,59.5467919994509
2012-03-19,66.62,67.15,66.45,66.99,60966200,59.9675224901265
2012-03-20,66.66,67.185,66.46,67.11,47290600,60.0749430409373
2012-03-21,67.13,67.49,67.03,67.12,39648100,60.0838947535049
2012-03-22,66.71,67.14,66.68,66.98,56953900,59.9585707775589
2012-03-23,67.06,67.08,66.56,66.939,45541700,59.9218687560319
2012-03-26,67.37,68.11,67.33,68.11,40855300,60.9701142976939
2012-03-27,68.145,68.49,68.13,68.21,37278200,61.0596314233696
2012-03-28,68.25,68.51,67.54,67.938,44421900,60.8161448415318
2012-03-29,67.61,67.93,67.2,67.68,53975300,60.5851906572886
2012-03-30,67.99,68.02,67.28,67.55,39480900,60.4688183939102
2012-04-02,67.46,68.34,67.36,68.25,40031600,61.0954382736399
2012-04-03,68.31,68.55,67.85,68.23,45539900,61.0775348485047
2012-04-04,67.73,67.76,66.91,67.3,54088100,60.2450255797211
2012-04-05,67.19,67.78,67.13,67.72,42979900,60.6209975075588
2012-04-09,66.88,67.48,66.76,67.21,36908200,60.164460166613
2012-04-10,67.19,67.44,65.92,66.13,69254200,59.1976752093158
2012-04-11,66.705,66.89,66.28,66.45,62950000,59.4841300114779
2012-04-12,66.58,67.28,66.4807,67.205,57407400,60.1599843103292
2012-04-13,66.96,67.2022,66.16,66.19,55227500,59.2513854847212
2012-04-16,66.53,66.56,65.24,65.45,57588000,58.5889587547213
2012-04-17,65.75,66.99,65.63,66.78,47362400,59.7795365262076
2012-04-18,66.59,67.0,66.41,66.61,42536100,59.627357412559
2012-04-19,66.38,67.17,65.62,65.86,81110900,58.9559789699915
2012-04-20,66.22,66.51,65.58,65.68,59906900,58.7948481437753
2012-04-23,65.08,65.18,64.49,65.08,70514400,58.2577453897213
2012-04-24,64.97,65.23,64.45,64.73,49661500,57.9444354498565
2012-04-25,66.06,66.49,65.97,66.45,57526900,59.4841300114779
2012-04-26,66.42,66.99,66.35,66.84,41799500,59.833246801613
2012-04-27,67.12,67.45,66.77,67.24,46003800,60.1913153043157
2012-04-30,67.02,67.17,66.71,66.76,37787700,59.7616331010725
2012-05-01,66.68,67.63,66.59,66.87,37643800,59.8601019393157
2012-05-02,66.5,67.11,66.38,67.06,38299300,60.0301844780995
2012-05-03,67.1,67.15,66.175,66.35,51297600,59.3946128858023
2012-05-04,65.75,66.3524,64.69,64.7,107554000,57.9175803121538
2012-05-07,64.31,65.07,64.29,64.76,50267800,57.9712905875592
2012-05-08,64.34,64.74,63.48,64.52,72659700,57.7564494859376
2012-05-09,63.77,64.68,63.51,64.321,85715300,57.5783104058431
2012-05-10,64.61,64.63,63.95,64.19,49448900,57.4610429712079
2012-05-11,63.94,64.86,63.91,64.18,47099900,57.4520912586404
2012-05-14,63.63,64.08,63.48,63.58,46360000,56.9149885045864
2012-05-15,63.79,64.27,63.26,63.37,66908600,56.7270025406675
2012-05-16,63.62,63.78,62.81,62.94,52825900,56.3420789002622
2012-05-17,62.94,63.06,61.6,61.61,62253900,55.1515011287758
2012-05-18,61.79,61.96,60.76,60.81,79496500,54.4353641233705
2012-05-21,60.92,62.57,60.85,62.51,61473000,55.9571552598568
2012-05-22,62.66,62.95,61.989,62.44,62954800,55.8944932718838
2012-05-23,61.93,62.71,61.37,62.56,56951100,56.0019138226946
2012-05-24,62.66,62.71,61.69,62.15,83131200,55.6348936074244
2012-05-25,62.21,62.3201,61.8899,62.07,32078900,55.5632799068839
2012-05-29,62.63,63.15,62.28,62.86,44216700,56.2704651997216
2012-05-30,62.29,62.55,61.6773,62.33,56431800,55.7960244336406
2012-05-31,62.25,62.41,61.59,62.06,55260100,55.5543281943163
2012-06-01,60.97,61.32,60.39,60.409,71430800,54.0764004494111
2012-06-04,60.57,60.96,60.04,60.87,74119500,54.4890743987759
2012-06-05,60.65,61.24,60.63,61.12,47916900,54.7128672129651
2012-06-06,61.6,62.57,61.52,62.52,58781800,55.9661069724244
2012-06-07,63.16,63.18,62.22,62.27,38414800,55.7423141582352
2012-06-08,62.16,62.95,61.96,62.87,39730800,56.2794169122892
2012-06-11,63.35,63.38,61.77,61.805,51008900,55.3260595238434
2012-06-12,62.09,62.59,61.68,62.56,48802600,56.0019138226946
2012-06-13,62.38,62.85,61.92,62.13,50840100,55.6169901822893
2012-06-14,62.14,62.61,61.8,62.36,65170600,55.8228795713433
2012-06-15,62.37,63.08,62.36,62.99,41536100,56.514954373367
2012-06-18,62.75,63.74,62.63,63.58,32191200,57.0443054303647
2012-06-19,63.9,64.51,63.85,64.239,36476500,57.6355636448757
2012-06-20,64.36,64.57,63.81,64.29,51389700,57.6813211091247
2012-06-21,64.21,64.31,62.62,62.69,42492700,56.2457928189614
2012-06-22,62.88,63.43,62.731,63.35,29504200,56.8379482386538
2012-06-25,62.84,62.85,61.95,62.13,33136400,55.7433579174042
2012-06-26,62.33,62.7,62.0575,62.52,30611100,56.0932679381315
2012-06-27,62.76,63.18,62.6899,62.9,35705800,56.4342059070453
2012-06-28,62.42,62.47,61.54,62.2,49793400,55.8061622800989
2012-06-29,63.37,64.16,63.21,64.16,44761300,57.5646844355489
2012-07-02,64.23,64.38,63.87,64.35,33425600,57.7351534200058
2012-07-03,64.38,64.89,64.29,64.89,15895100,58.2196442179359
2012-07-05,64.78,65.25,64.48,64.93,37016200,58.25553242519
2012-07-06,64.65,64.69,63.65,64.12,40684100,57.5287962282948
2012-07-09,64.03,64.26,63.68,64.0,35628300,57.4211316065326
2012-07-10,64.33,64.51,63.12,63.37,47365700,56.8558923422808
2012-07-11,63.29,63.46,62.5,63.02,43432000,56.5418705288076
2012-07-12,62.55,62.69,61.86,62.43,57680400,56.0125194718098
2012-07-13,62.56,63.52,62.56,63.38,32357200,56.8648643940943
2012-07-16,63.24,63.52,62.95,63.2,27621400,56.7033674614509
2012-07-17,63.58,63.74,62.63,63.53,42467800,56.9994451712971
2012-07-18,63.4,64.58,63.39,64.39,44489700,57.7710416272599
2012-07-19,64.84,65.31,64.72,65.1,53017800,58.4080573060199
2012-07-20,65.09,65.1,64.21,64.235,40573100,57.6319748241503
2012-07-23,63.0,63.68,62.51,63.46,48657800,56.9366408086025
2012-07-24,63.58,63.66,62.55,62.96,57269700,56.4880382179264
2012-07-25,62.49,62.95,62.15,62.54,46264400,56.1112120417586
2012-07-26,63.44,63.73,62.97,63.37,41928200,56.8558923422808
2012-07-27,63.83,64.99,63.64,64.87,42621000,58.2017001143089
2012-07-30,65.01,65.31,64.6,64.82,37821300,58.1568398552413
2012-07-31,64.91,65.18,64.74,64.8,34588300,58.1388957516142
2012-08-01,65.25,65.2799,64.35,64.61,30920200,57.9684267671574
2012-08-02,64.1,65.02,63.91,64.38,40534900,57.7620695754464
2012-08-03,65.38,65.88,65.19,65.6,42117400,58.8566598966959
2012-08-06,65.94,66.39,65.8,66.1,23523600,59.3052624873719
2012-08-07,66.38,66.92,66.28,66.65,28223300,59.7987253371156
2012-08-08,66.48,66.762,66.37,66.62,20723500,59.771809181675
2012-08-09,66.62,66.91,66.49,66.82,20726200,59.9512502179454
2012-08-10,66.59,66.88,66.41,66.86,20312000,59.9871384251995
2012-08-13,66.84,67.03,66.5,67.02,19890300,60.1306912542158
2012-08-14,67.28,67.41,66.86,67.05,24218700,60.1576074096564
2012-08-15,67.0,67.3199,66.99,67.22,29100400,60.3101322904863
2012-08-16,67.47,68.17,67.39,68.02,35699900,61.0278964355679
2012-08-17,68.17,68.33,68.01,68.32,22584800,61.2970579899735
2012-08-20,68.27,68.43,68.0,68.42,26924000,61.3867785081088
2012-08-21,68.63,68.88,67.88,68.15,41391000,61.1445331091437
2012-08-22,67.99,68.5601,67.81,68.43,44555700,61.3957505599223
2012-08-23,68.14,68.34,67.6905,67.87,28800400,60.8933156583651
2012-08-24,67.72,68.45,67.6,68.29,38384800,61.270141834533
2012-08-27,68.6,68.67,68.25,68.4,20671400,61.3688344044817
2012-08-28,68.34,68.585,68.11,68.4,27337900,61.3688344044817
2012-08-29,68.41,68.57,68.11,68.4,26672400,61.3688344044817
2012-08-30,68.11,68.13,67.6,67.71,24425400,60.7497628293488
2012-08-31,68.2,68.45,67.47,68.16,42128000,61.1535051609572
2012-09-04,68.03,68.35,67.42,68.09,32017200,61.0907007982626
2012-09-05,68.04,68.35,67.84,68.02,26129300,61.0278964355679
2012-09-06,68.42,69.55,68.42,69.53,43100000,62.3826762594095
2012-09-07,69.37,69.55,69.23,69.43,32958600,62.2929557412743
2012-09-10,69.26,69.4,68.49,68.54,25490000,61.494443129871
2012-09-11,68.54,68.82,68.32,68.43,29810100,61.3957505599223
2012-09-12,68.68,68.81,68.21,68.632,42203400,61.5769860065554
2012-09-13,68.71,69.86,68.62,69.56,45417800,62.4095924148501
2012-09-14,69.84,70.43,69.79,70.18,38880300,62.9658596272884
2012-09-17,70.2,70.24,69.96,70.21,31798400,62.992775782729
2012-09-18,70.04,70.3,70.02,70.27,27169800,63.0466080936101
2012-09-19,70.29,70.58,70.06,70.4,36484600,63.1632447671859
2012-09-20,70.07,70.4,69.87,70.33,42520200,63.1004404044912
2012-09-21,70.47,70.54,70.08,70.15,23678500,63.1185639491545
2012-09-24,69.56,69.86,69.42,69.735,32341600,62.7451611830975
2012-09-25,69.92,70.08,68.73,68.76,41299600,61.8678896242889
2012-09-26,68.67,68.71,67.85,68.2,32770400,61.3640208315373
2012-09-27,68.35,69.3,68.25,69.14,25339500,62.2098005907989
2012-09-28,68.92,69.12,68.51,68.57,30112600,61.6969341410339
2012-10-01,68.9,69.33,68.25,68.47,37715300,61.6069575708996
2012-10-02,68.79,68.98,68.13,68.67,33254300,61.7869107111681
2012-10-03,68.88,69.24,68.59,69.11,38236000,62.1828076197586
2012-10-04,69.24,69.54,69.0,69.35,26128600,62.3987513880808
2012-10-05,69.68,69.8,68.8,68.98,25207900,62.0658380785842
2012-10-08,68.58,68.72,68.19,68.35,30911500,61.4989856867386
2012-10-09,68.17,68.3395,67.1,67.2592,67974000,60.5175212597145
2012-10-10,67.25,67.43,66.8,66.92,45134300,60.2123207338193
2012-10-11,67.44,67.47,66.67,66.71,30469400,60.0233699365374
2012-10-12,66.73,67.06,66.55,66.68,24891200,59.9963769654971
2012-10-15,66.94,67.26,66.53,67.17,22220100,60.4372621591548
2012-10-16,67.29,68.2,67.25,68.12,33960600,61.2920395754299
2012-10-17,67.75,68.3,67.68,68.08,33439400,61.2560489473762
2012-10-18,67.87,68.08,67.04,67.29,61707600,60.5452340433159
2012-10-19,67.21,67.27,65.6,65.68,75362600,59.0966112641549
2012-10-22,65.62,66.19,65.5,66.02,38621500,59.4025316026113
2012-10-23,65.49,65.95,65.19,65.39,52591200,58.8356792107657
2012-10-24,65.76,65.87,65.06,65.164,39872400,58.6323321622624
2012-10-25,65.61,65.72,64.97,65.16,52688700,58.628733099457
2012-10-26,65.18,65.623,64.65,65.35,54213100,58.799688582712
2012-10-31,65.31,65.39,64.73,64.95,38524500,58.4397823021751
2012-11-01,65.32,66.0,65.17,65.8729,26945000,59.2701760679438
2012-11-02,66.21,66.21,65.11,65.17,44083000,58.6377307564704
2012-11-05,65.195,65.73,65.04,65.6,28094700,59.0246300080476
2012-11-06,65.71,66.17,65.46,65.72,29608400,59.1326018922086
2012-11-07,65.04,65.1,63.9,64.17,70737800,57.7379650551282
2012-11-08,64.33,64.495,63.16,63.16,58585800,56.8292016967726
2012-11-09,63.19,64.11,63.16,63.43,51542100,57.072138436135
2012-11-12,63.79,63.87,63.25,63.42,32663700,57.0631407791216
2012-11-13,62.92,63.58,62.7801,62.98,43288300,56.667243870531
2012-11-14,63.27,63.36,62.14,62.24,82655300,56.0014172515378
2012-11-15,62.29,62.49,61.8,62.0299,55124200,55.8123764776858
2012-11-16,62.08,62.48,61.31,62.3,70873100,56.0554031936183
2012-11-19,62.97,63.83,62.96,63.7806,55306400,57.3875962910256
2012-11-20,63.77,63.89,63.19,63.8,52012700,57.4050517456316
2012-11-21,63.83,64.02,63.6,63.93,19611700,57.5220212868061
2012-11-23,64.32,64.92,64.2501,64.9,16462900,58.394794017108
2012-11-26,64.77,65.22,64.54,65.181,26430900,58.6476281791852
2012-11-27,65.16,65.4,64.85,64.96,25828600,58.4487799591886
2012-11-28,64.66,65.57,64.25,65.52,37295800,58.9526487519402
2012-11-29,65.82,66.135,65.58,65.91,41136100,59.3035573754636
2012-11-30,65.92,65.97,65.61,65.8,33497400,59.204583148316
2012-12-03,66.32,66.37,65.64,65.67,28240000,59.0876136071415
2012-12-04,65.69,65.77,65.2,65.63,49584500,59.0516229790878
2012-12-05,65.53,65.54,64.55,64.9032,54076200,58.3976732673523
2012-12-06,64.71,65.4801,64.53,65.32,47512300,58.7726956116717
2012-12-07,65.65,65.71,64.71,64.93,30089400,58.4217869881483
2012-12-10,64.75,65.455,64.75,65.12,33219600,58.5927424714033
2012-12-11,65.58,66.34,65.515,65.97,40750800,59.3575433175442
2012-12-12,66.29,66.32,65.65,65.83,45917700,59.2315761193563
2012-12-13,65.71,66.16,65.03,65.3111,45467700,58.7646876969298
2012-12-14,64.9,65.08,64.47,64.69,39630300,58.2058432198262
2012-12-17,64.73,65.57,64.66,65.55,42302900,58.9796417229805
2012-12-18,65.85,66.65,65.7,66.5472,55596000,59.8768880803589
2012-12-19,66.72,66.76,66.22,66.2605,34832500,59.6189252537841
2012-12-20,66.38,66.41,65.93,66.26,40754300,59.6184753709334
2012-12-21,64.89,65.28,64.6,65.2,51152900,58.9946048265938
2012-12-24,65.06,65.14,64.92,65.07,11418300,58.8769775470315
2012-12-26,65.08,65.18,64.29,64.5,21751300,58.3612271674126
2012-12-27,64.56,64.64,63.6,64.4,52933200,58.2707446446724
2012-12-28,63.93,64.43,63.75,63.78,33082100,57.7097530036833
2012-12-31,63.68,65.2521,63.58,65.1301,57544000,58.9313575431984
2013-01-02,66.69,67.23,66.48,67.2,70695900,60.8042552813973
2013-01-03,67.2,67.34,66.65,66.8521,47366500,60.4894665847842
2013-01-04,66.87,66.88,66.47,66.63,33972500,60.2885049017783
2013-01-07,66.46,66.76,66.25,66.6504,26766200,60.3069633364173
2013-01-08,66.64,66.815,66.17,66.52,28734900,60.1889741267641
2013-01-09,66.62,66.95,66.55,66.77,25600300,60.4151804336145
2013-01-10,67.21,67.27,66.55,67.17,37528000,60.7771105245752
2013-01-11,67.14,67.29,67.0,67.26,21158600,60.8585447950414
2013-01-14,66.9,67.15,66.67,66.96,36768500,60.5870972268208
2013-01-15,66.63,66.729,66.3321,66.63,31675300,60.2885049017783
2013-01-16,66.75,67.13,66.6,66.9,33822300,60.5328077131767
2013-01-17,67.18,67.48,67.06,67.22,32024200,60.8223517859453
2013-01-18,67.01,67.14,66.77,67.07,31992000,60.686628001835
2013-01-22,67.15,67.23,66.73,67.18,32123100,60.7861587768492
2013-01-23,67.56,67.79,67.46,67.59,31975700,61.1571371200839
2013-01-24,66.69,67.28,66.56,66.66,42596300,60.3156496586003
2013-01-25,66.89,67.19,66.74,67.0,39240100,60.6232902359169
2013-01-28,67.01,67.38,66.93,67.15,32926100,60.7590140200272
2013-01-29,67.06,67.31,66.63,67.16,35554700,60.7680622723012
2013-01-30,67.28,67.48,66.87,67.02,34445000,60.6413867404649
2013-01-31,66.99,67.35,66.81,66.87,34870500,60.5056629563547
2013-02-01,67.34,67.78,67.07,67.66,53120800,61.2204748860021
2013-02-04,67.25,67.4599,66.46,66.48,48483700,60.152781117668
2013-02-05,66.76,67.67,66.61,67.46,35120300,61.0395098405217
2013-02-06,67.22,67.55,67.04,67.24,43593200,60.8404482904933
2013-02-07,67.33,67.371,66.56,67.3,46017900,60.8947378041374
2013-02-08,67.64,68.13,67.63,67.99,39837200,61.5190672110446
2013-02-11,68.02,68.06,67.78,68.01,17650400,61.5371637155927
2013-02-12,67.92,68.05,67.66,67.73,22057900,61.2838126519202
2013-02-13,67.93,68.23,67.765,67.97,23494700,61.5009707064966
2013-02-14,67.64,68.05,67.62,67.95,24478800,61.4828742019486
2013-02-15,67.95,68.11,67.56,67.75,25333600,61.3019091564682
2013-02-19,67.89,68.26,67.86,68.24,23436500,61.7452735178951
2013-02-20,68.24,68.25,67.18,67.19,38200300,60.7952070291232
2013-02-21,66.96,67.01,66.23,66.47,45855600,60.143732865394
2013-02-22,66.84,67.15,66.59,67.139,21968000,60.7490609425258
2013-02-25,67.6,67.81,66.25,66.31,40927600,59.9989608290097
2013-02-26,66.42,66.68,65.96,66.56,42088800,60.2251671358601
2013-02-27,66.57,67.65,66.47,67.239,36339500,60.8395434652659
2013-02-28,67.24,67.74,67.09,67.1,28557300,60.7137727586571
2013-03-01,66.86,67.5,66.54,67.38,31617200,60.9671238223296
2013-03-04,67.19,67.69,67.07,67.68,19380500,61.2385713905501
2013-03-05,68.1,68.77,68.08,68.68,35581900,62.1433966179519
2013-03-06,68.8899,68.908,68.42,68.51,29071100,61.9895763292936
2013-03-07,68.57,68.8,68.45,68.69,21775900,62.1524448702259
2013-03-08,68.93,69.02,68.5,68.77,26159900,62.224830888418
2013-03-11,68.68,68.99,68.47,68.97,23187900,62.4057959338984
2013-03-12,68.79,68.9299,68.39,68.72,27575400,62.1795896270479
2013-03-13,68.8,68.89,68.39,68.63,34297300,62.0981553565818
2013-03-14,68.87,69.01,68.711,68.86,31530800,62.3062651588842
2013-03-15,68.75,68.79,68.34,68.51,30752600,62.1337240362709
2013-03-18,67.885,68.6367,67.73,68.36,36163000,61.9976846463214
2013-03-19,68.54,68.7,67.62,68.23,33125100,61.8797838416985
2013-03-20,68.74,68.86,68.39,68.709,28035400,62.3142029602706
2013-03-21,68.09,68.25,67.77,67.93,30050800,61.6077050617995
2013-03-22,68.21,68.64,68.13,68.59,28837200,62.2062783775773
2013-03-25,68.81,68.96,68.01,68.34,24909800,61.9795460609948
2013-03-26,68.6,68.73,68.45,68.71,19725200,62.3151098895369
2013-03-27,68.25,68.85,68.14,68.801,22539500,62.397640452773
2013-03-28,68.81,69.06,68.64,68.97,23662800,62.5509114987827
2013-04-01,69.01,69.09,68.31,68.5,28112800,62.1246547436076
2013-04-02,68.81,69.27,68.77,69.04,29431900,62.6143965474258
2013-04-03,69.08,69.18,68.24,68.41,35131200,62.0430311096379
2013-04-04,68.41,68.6,68.06,68.43,32287400,62.0611696949645
2013-04-05,67.35,67.96,67.19,67.861,55610800,61.5451269424227
2013-04-08,67.88,68.24,67.69,68.22,17891600,61.8707145490352
2013-04-09,68.42,68.96,68.09,68.68,30931400,62.287902011547
2013-04-10,68.89,70.17,68.88,70.015,55271300,63.4986525820976
2013-04-11,69.84,70.15,69.77,69.99,37233600,63.4759793504394
2013-04-12,69.85,69.99,69.41,69.94,32783700,63.4306328871229
2013-04-15,69.68,69.79,68.48,68.56,48795800,62.1790704995874
2013-04-16,68.99,69.55,68.81,69.47,27682600,63.0043761319478
2013-04-17,68.84,68.889,67.71,68.115,60204800,61.7754869760705
2013-04-18,68.33,68.33,66.88,67.169,56798200,60.9175318901223
2013-04-19,67.31,68.231,67.2,68.09,43062800,61.7528137444123
2013-04-22,68.33,69.04,68.08,68.79,34412100,62.3876642308433
2013-04-23,69.2,69.7,68.82,69.45,53078300,62.9862375466212
2013-04-24,69.26,69.67,69.12,69.42,44500700,62.9590296686313
2013-04-25,69.63,70.05,69.59,69.79,26437100,63.2945934971734
2013-04-26,69.62,69.77,69.27,69.57,24079800,63.0950690585808
2013-04-29,69.78,70.48,69.76,70.21,31664000,63.675503789032
2013-04-30,70.29,70.73,70.04,70.72,30135800,64.1380377148603
2013-05-01,70.71,70.85,70.25,70.39,28537200,63.8387510569714
2013-05-02,70.51,71.43,70.45,71.28,31744200,64.6459181040051
2013-05-03,71.94,72.34,71.91,72.12,34061700,65.4077386877224
2013-05-06,72.25,72.51,72.19,72.4,19244300,65.6616788822948
2013-05-07,72.5,72.57,72.09,72.36,25838100,65.6254017116416
2013-05-08,72.31,72.77,72.2,72.71,24252100,65.9428269548571
2013-05-09,72.55,73.099,72.47,72.6065,29337200,65.8489597757919
2013-05-10,72.73,73.08,72.63,73.05,20663700,66.2511829054093
2013-05-13,72.93,73.32,72.86,73.14,29730100,66.332806539379
2013-05-14,73.13,73.74,73.13,73.52,36009800,66.6774396605844
2013-05-15,73.38,73.74,73.2,73.67,27214400,66.8134790505339
2013-05-16,73.77,74.095,73.55,73.59,27253400,66.7409247092275
2013-05-17,73.95,74.33,73.7301,74.3,31114500,67.3848444883218
2013-05-20,74.09,74.425,73.89,74.19,25132400,67.2850822690255
2013-05-21,74.18,74.54,73.89,74.27,25900000,67.3576366103319
2013-05-22,74.36,74.95,73.24,73.619,59843200,66.7672256579511
2013-05-23,72.95,73.7,72.83,73.45,48222100,66.6139546119413
2013-05-24,72.96,73.43,72.76,73.41,26430300,66.5776774412881
2013-05-28,74.25,74.54,73.66,73.89,27057100,67.0130034891265
2013-05-29,73.59,73.8,73.12,73.54,32090300,66.695578245911
2013-05-30,73.57,74.275,73.55,73.93,32390500,67.0492806597797
2013-05-31,73.65,74.21,73.17,73.25,38347600,66.4325687586753
2013-06-03,73.31,73.4,72.43,73.38,47613100,66.5504695632982
2013-06-04,73.52,73.82,72.7,73.0,35251900,66.2058364420928
2013-06-05,72.77,73.04,71.99,72.05,48654200,65.3442536390793
2013-06-06,72.15,72.41,71.47,72.4,62524100,65.6616788822948
2013-06-07,72.73,73.47,72.52,73.39,31969800,66.5595388559615
2013-06-10,73.55,73.76,73.26,73.42,25390000,66.5867467339514
2013-06-11,72.67,73.34,72.44,72.69,40278900,65.9246883695305
2013-06-12,73.12,73.14,71.74,71.85,42081900,65.1628677858132
2013-06-13,71.76,72.92,71.55,72.76,28221500,65.9881734181736
2013-06-14,72.76,72.84,72.171,72.28,27690700,65.5528473703352
2013-06-17,72.88,73.4,72.6,72.98,32441900,66.1876978567662
2013-06-18,73.07,73.72,73.06,73.58,24853100,66.7318554165642
2013-06-19,73.57,73.68,72.68,72.76,43145100,65.9881734181736
2013-06-20,71.92,72.16,70.79,71.025,60908400,64.414651141091
2013-06-21,70.78,70.97,69.84,70.43,51558900,64.0778266808687
2013-06-24,69.84,70.27,69.15,69.73,41492300,63.4409605914663
2013-06-25,70.41,70.52,69.81,70.24,28897400,63.9049630280309
2013-06-26,70.82,71.0,70.59,70.87,23742300,64.478142508493
2013-06-27,71.22,71.62,71.13,71.17,23545000,64.7510851182369
2013-06-28,70.92,71.69,70.79,71.27,28301100,64.8420659881515
2013-07-01,71.76,72.3,71.64,71.71,24942800,65.2423818157758
2013-07-02,71.68,72.1796,71.35,71.74,23067900,65.2696760767502
2013-07-03,71.48,72.37,71.42,72.031,18847500,65.5344304082018
2013-07-05,72.45,72.61,71.86,72.58,28795900,66.033915384033
2013-07-08,72.94,72.99,72.38,72.65,20558500,66.0976019929733
2013-07-09,72.98,73.25,72.65,73.09,26108600,66.4979178205976
2013-07-10,73.0,73.62,72.98,73.51,25598900,66.880037474239
2013-07-11,74.29,75.03,74.25,74.97,47768900,68.2083581749925
2013-07-12,75.02,75.35,74.82,75.3,31412600,68.5085950457108
2013-07-15,75.36,75.52,75.17,75.47,19783600,68.6632625245656
2013-07-16,75.54,75.59,75.18,75.37,31747100,68.572281654651
2013-07-17,75.6,75.74,75.35,75.56,24631500,68.7451453074888
2013-07-18,75.54,75.74,75.25,75.37,36278800,68.572281654651
2013-07-19,74.72,74.74,74.37,74.59,37732400,67.8626308693169
2013-07-22,74.87,74.98,74.58,74.81,21135900,68.0627887831291
2013-07-23,74.95,74.96,74.2,74.26,24739500,67.5623939985987
2013-07-24,74.99,75.02,74.33,74.5,24426900,67.7807480863938
2013-07-25,74.89,75.06,74.46,74.97,23162200,68.2083581749925
2013-07-26,74.67,75.38,74.55,75.37,20885600,68.572281654651
2013-07-29,75.22,75.54,75.0299,75.23,20958400,68.4449084367705
2013-07-30,75.5,75.95,75.35,75.63,24104600,68.808831916429
2013-07-31,75.77,76.2099,75.63,75.77,25007600,68.9362051343095
2013-08-01,76.3,76.65,76.21,76.54,16880000,69.6367578326521
2013-08-02,76.56,76.99,76.3801,76.97,18105300,70.027975573285
2013-08-05,76.89,77.08,76.78,77.02,15462800,70.0734660082423
2013-08-06,76.92,76.99,76.25,76.56,23675400,69.654954006635
2013-08-07,76.36,76.568,75.87,76.42,20281200,69.5275807887545
2013-08-08,76.84,76.98,76.3,76.8,19994000,69.8733080944301
2013-08-09,76.7,76.94,76.27,76.49,18558500,69.5912673976948
2013-08-12,76.2,76.8099,76.19,76.67,20515900,69.7550329635411
2013-08-13,76.77,77.27,76.22,77.1,23917000,70.146250704174
2013-08-14,77.07,77.18,76.7,76.81,29921000,69.8824061814216
2013-08-15,75.98,75.99,75.29,75.51,39406600,68.6996548725315
2013-08-16,75.54,75.87,75.35,75.485,23825000,68.6769096550528
2013-08-19,75.5,76.13,75.33,75.35,29586900,68.5540854806681
2013-08-20,75.49,76.03,75.43,75.68,18842800,68.8543223513863
2013-08-21,75.46,76.09,75.14,75.42,30705100,68.6177720896083
2013-08-22,75.73,76.21,75.71,76.16,17269500,69.2910305269765
2013-08-23,76.73,76.77,76.4,76.67,20697300,69.7550329635411
2013-08-26,76.72,77.28,76.55,76.71,27525500,69.7914253115069
2013-08-27,75.82,76.18,74.96,75.14,40068900,68.3630256538474
2013-08-28,75.08,75.75,75.05,75.43,20490400,68.6268701765998
2013-08-29,75.4,76.34,75.3,75.96,27287900,69.1090687871473
2013-08-30,76.04,76.04,75.2,75.47,26228500,68.6632625245656
2013-09-03,76.1,76.44,75.54,75.9,27241500,69.0544802651985
2013-09-04,76.14,76.84,75.93,76.71,27142900,69.7914253115069
2013-09-05,76.75,77.055,76.73,76.84,17809700,69.909700442396
2013-09-06,77.09,77.34,76.05,76.93,27715100,69.9915832253191
2013-09-09,77.23,77.96,77.23,77.83,25161900,70.8104110545507
2013-09-10,78.27,78.32,77.92,78.21,27619400,71.1561383602263
2013-09-11,77.69,78.11,77.59,78.06,28132900,71.0196670553543
2013-09-12,78.06,78.25,77.85,78.01,18332700,70.974176620397
2013-09-13,78.11,78.145,77.64,78.06,16932500,71.0196670553543
2013-09-16,78.69,78.72,77.67,77.85,25704300,70.8286072285336
2013-09-17,77.99,78.47,77.98,78.37,27174300,71.3017077520897
2013-09-18,78.49,79.47,78.33,79.31,31714700,72.1569279292871
2013-09-19,79.54,79.685,79.36,79.5,26435700,72.3297915821249
2013-09-20,79.47,79.54,78.95,78.985,26328900,72.0775107279387
2013-09-23,79.34,79.41,78.455,78.83,30319400,71.9360659705438
2013-09-24,79.0,79.25,78.57,78.83,21871300,71.9360659705438
2013-09-25,78.88,79.0,78.4,78.56,22746400,71.6896783286303
2013-09-26,78.87,79.36,78.85,79.17,22421700,72.2463318899906
2013-09-27,78.74,79.21,78.59,79.07,25151600,72.1550772078003
2013-09-30,78.27,79.09,78.0,78.88,28031900,71.9816933116389
2013-10-01,78.87,79.72,78.8456,79.68,33129700,72.7117307691607
2013-10-02,79.13,79.76,79.06,79.65,25503800,72.6843543645036
2013-10-03,79.55,79.72,78.3,78.72,42998200,71.8356858201346
2013-10-04,78.72,79.51,78.65,79.4,22852700,72.4562176590281
2013-10-07,78.72,79.35,78.67,78.74,20227100,71.8539367565727
2013-10-08,78.76,78.81,77.19,77.22,43660700,70.4668655872814
2013-10-09,77.4,77.44,76.35,76.98,64526700,70.2478543500249
2013-10-10,77.81,78.79,77.79,78.61,48062700,71.7353056697254
2013-10-11,78.63,79.29,78.4,79.21,25214100,72.2828337628666
2013-10-14,78.71,79.79,78.68,79.75,31471900,72.7756090466938
2013-10-15,79.74,80.11,79.38,79.47,38684000,72.5200959365612
2013-10-16,79.85,80.42,79.79,80.38,46735900,73.3505135444921
2013-10-17,80.0,80.87,79.95,80.86,32193500,73.7885360190051
2013-10-18,81.6,82.18,81.35,82.14,39628200,74.9565959510398
2013-10-21,82.32,82.54,82.07,82.32,31176900,75.1208543789822
2013-10-22,82.33,82.9,81.93,82.46,43944800,75.2486109340485
2013-10-23,82.0,82.2,81.55,81.95,38021300,74.7832120548784
2013-10-24,82.02,82.48,81.88,82.35,23155100,75.1482307836393
2013-10-25,83.08,83.28,82.5,82.9,35824500,75.6501315356855
2013-10-28,82.82,83.05,82.55,82.85,28618400,75.6045041945903
2013-10-29,83.01,83.26,82.7,83.08,36878100,75.8143899636278
2013-10-30,83.11,83.485,82.58,82.92,33535500,75.6683824721235
2013-10-31,82.92,83.3,82.48,82.74,31309900,75.5041240441811
2013-11-01,83.02,83.169,82.4,82.78,30867800,75.5406259170572
2013-11-04,82.99,83.07,82.64,82.91,16834000,75.6592570039045
2013-11-05,82.88,83.22,82.37,83.03,27975600,75.7687626225327
2013-11-06,83.11,83.4,82.73,83.01,25576800,75.7505116860947
2013-11-07,82.98,83.13,81.37,81.45,52173200,74.3269386439274
2013-11-08,81.62,82.56,81.51,82.56,31470500,75.3398656162387
2013-11-11,82.56,82.64,82.14,82.46,24822900,75.2486109340485
2013-11-12,82.17,82.66,82.1199,82.53,20108500,75.3124892115817
2013-11-13,82.21,83.55,82.0,83.52,31345900,76.2159105652648
2013-11-14,83.25,83.86,83.14,83.77,31101200,76.4440472707403
2013-11-15,83.8,83.96,83.61,83.96,20511300,76.6174311669017
2013-11-18,83.95,84.105,82.98,83.14,31679600,75.869142772942
2013-11-19,83.19,83.49,82.76,82.9,25545300,75.6501315356855
2013-11-20,82.94,83.4301,82.455,82.7,32177400,75.467622171305
2013-11-21,83.05,83.61,82.98,83.54,28125000,76.2341615017028
2013-11-22,83.68,84.02,83.62,83.99,25361300,76.6448075715588
2013-11-25,84.02,84.38,83.98,84.19,21695100,76.8273169359392
2013-11-26,84.15,84.84,84.025,84.63,26621000,77.2288375375761
2013-11-27,84.8,85.24,84.73,85.22,21638100,77.7672401624984
2013-11-29,85.54,85.84,85.4737,85.73,16708900,78.2326390416684
2013-12-02,85.83,85.96,85.35,85.48,26354600,78.0045023361929
2013-12-03,85.42,85.64,85.08,85.41,37147000,77.9406240586598
2013-12-04,85.06,85.77,84.78,85.49,37193200,78.0136278044119
2013-12-05,85.57,85.66,85.17,85.38,39829300,77.9132476540027
2013-12-06,86.105,86.18,85.59,86.0,36842900,78.479026683582
2013-12-09,86.35,86.53,86.2,86.35,22590000,78.7984180712478
2013-12-10,86.19,86.45,86.12,86.29,26965900,78.7436652619336
2013-12-11,86.27,86.401,85.06,85.18,36830600,77.7307382896223
2013-12-12,85.24,85.4201,84.9,84.96,33662600,77.5299779888038
2013-12-13,85.36,85.4,84.709,84.85,34072000,77.4295978383946
2013-12-16,85.27,85.81,85.21,85.32,24902500,77.8584948446886
2013-12-17,85.32,85.53,84.99,85.15,24454900,77.7033618849652
2013-12-18,85.22,86.22,84.05,86.14,68387200,78.6067832386483
2013-12-19,86.0,86.01,85.52,85.9,44964100,78.3877720013918
2013-12-20,85.75,86.68,85.73,86.5,40475400,79.1838869742874
2013-12-23,87.19,87.41,86.95,87.41,28181800,80.0169197736701
2013-12-24,87.43,87.51,87.27,87.45,13852500,80.0535366000166
2013-12-26,87.6,87.81,87.44,87.74,15241100,80.3190085910286
2013-12-27,87.83,87.9,87.412,87.52,15827400,80.1176160461229
2013-12-30,87.4,87.51,87.14,87.39,18983700,79.9986113604969
2013-12-31,87.54,87.96,87.52,87.96,24890500,80.5204011359343
2014-01-02,87.55,87.58,87.02,87.27,29177500,79.8887608814574
2014-01-03,87.27,87.35,86.62,86.64,35723700,79.3120458665001
2014-01-06,86.65,86.76,86.0,86.32,32073100,79.0191112557282
2014-01-07,86.7,87.25,86.56,87.12,25860600,79.751447782658
2014-01-08,87.11,87.55,86.945,87.31,27197400,79.9253777078039
2014-01-09,87.62,87.64,86.72,87.02,23674700,79.6599057167918
2014-01-10,87.24,87.4,86.58,87.3,38008900,79.9162235012172
2014-01-13,87.18,87.48,85.675,86.01,48842300,78.7353308515429
2014-01-14,86.3,87.72,86.3,87.65,37178900,80.236620731749
2014-01-15,88.0,88.54,87.94,88.37,39835600,80.8957236059859
2014-01-16,88.28,88.51,88.16,88.38,31630100,80.9048778125725
2014-01-17,88.12,88.3701,87.67,87.88,36895800,80.4471674832414
2014-01-21,88.43,88.59,87.81,88.55,26412700,81.0604993245451
2014-01-22,88.75,89.0,88.52,88.78,29376900,81.2710460760374
2014-01-23,88.5,88.52,87.86,88.48,35011900,80.9964198784387
2014-01-24,88.06,88.18,86.71,86.74,63974600,79.4035879323664
2014-01-27,86.77,86.89,85.25,85.9,63519300,78.63463457909
2014-01-28,85.42,85.94,85.31,85.85,44378800,78.5888635461569
2014-01-29,85.1,85.74,84.76,84.93,51939300,77.7466765401876
2014-01-30,85.99,86.8,85.88,86.5,65833600,79.1838869742874
2014-01-31,85.54,86.68,85.45,86.27,45187000,78.9733402227951
2014-02-03,86.14,86.5,84.07,84.29,65596900,77.1608073186438
2014-02-04,84.7,85.25,84.46,84.91,37675500,77.7283681270144
2014-02-05,84.64,84.9901,83.74,84.69,41721800,77.5269755821087
2014-02-06,84.94,85.88,84.92,85.77,32308600,78.515629893464
2014-02-07,86.27,87.359,86.0,87.3,38359400,79.9162235012172
2014-02-10,87.23,87.84,87.21,87.8,30205400,80.3739338305484
2014-02-11,87.94,88.97,87.89,88.8,38635500,81.2893544892107
2014-02-12,88.97,89.1695,88.7,88.97,32507200,81.4449760011832
2014-02-13,88.31,89.7,88.3,89.63,40454500,82.0491536359004
2014-02-14,89.56,90.01,89.33,89.81,33212400,82.2139293544596
2014-02-18,89.93,90.4172,89.74,90.25,29546600,82.616714444271
2014-02-19,90.07,90.285,89.45,89.63,41749900,82.0491536359004
2014-02-20,89.7,90.22,89.31,90.05,41814800,82.4336303125385
2014-02-21,90.33,90.465,89.82,89.93,31192200,82.323779833499
2014-02-24,90.1,90.82,90.04,90.41,31500400,82.7631817496569
2014-02-25,90.52,90.72,90.02,90.31,26771700,82.6716396837907
2014-02-26,90.57,90.84,89.87,90.23,42953700,82.5984060310977
2014-02-27,89.87,90.53,89.73,90.44,28742400,83.1322152797835
2014-02-28,90.41,90.96,89.54,90.34,48609800,83.0402955371035
2014-03-03,89.48,89.91,88.87,89.67,38885700,82.4244332611476
2014-03-04,90.63,90.98,90.56,90.81,33189000,83.4723183276995
2014-03-05,90.9698,91.22,90.77,91.06,27203300,83.7021176843994
2014-03-06,91.25,91.335,90.65,90.98,24063900,83.6285818902554
2014-03-07,91.27,91.36,90.071,90.53,31167800,83.2149430481955
2014-03-10,90.48,90.655,90.03,90.61,18131700,83.2884788423395
2014-03-11,90.83,91.055,89.95,90.22,27484300,82.9299918458875
2014-03-12,89.82,90.61,89.48,90.56,27977200,83.2425189709995
2014-03-13,90.9,90.93,88.87,89.28,48542000,82.0659462646956
2014-03-14,88.99,89.38,88.63,88.67,38732300,81.5052358343476
2014-03-17,89.24,89.91,89.19,89.45,28467200,82.2222098272516
2014-03-18,89.55,90.64,89.53,90.53,31250200,83.2149430481955
2014-03-19,90.56,90.66,89.45,90.04,40869400,82.7645363090635
2014-03-20,89.78,90.56,89.58,90.29,31634500,82.9943356657635
2014-03-21,90.61,90.65,88.825,89.0,62754000,81.997980806958
2014-03-24,89.32,89.39,87.41,88.22,77735300,81.2793468178633
2014-03-25,88.69,89.25,87.7701,88.51,41723300,81.5465312497062
2014-03-26,88.96,89.15,87.36,87.37,40930400,80.4962200348755
2014-03-27,87.27,87.64,86.4,86.879,64784500,80.0438491519967
2014-03-28,87.15,88.01,86.81,87.05,39895100,80.2013958342213
2014-03-31,87.73,88.26,87.62,87.67,33924300,80.7726177229889
2014-04-01,88.1,89.27,87.7106,89.21,38683800,82.1914591886373
2014-04-02,89.59,89.68,89.035,89.44,34631600,82.4033640828576
2014-04-03,89.55,89.679,88.22,88.73,30319100,81.749222887656
2014-04-04,89.29,89.41,86.14,86.37,131213200,79.574894407831
2014-04-07,85.84,86.63,84.951,85.55,83995800,78.8194073936546
2014-04-08,85.65,86.46,85.35,86.34,51495700,79.5472546390197
2014-04-09,86.67,87.87,86.43,87.82,45685200,80.9108165670455
2014-04-10,87.87,87.88,84.86,85.1,73616700,78.4048108614845
2014-04-11,84.34,85.44,83.91,84.11,93657400,77.4926984907105
2014-04-14,84.85,85.22,83.99,84.77,46500700,78.1007734045599
2014-04-15,85.06,85.54,83.28,85.0501,84631500,78.358836712695
2014-04-16,85.83,86.18,85.091,86.18,46970900,79.3998425386926
2014-04-17,85.89,86.63,85.63,86.2,53719500,79.4182690512335
2014-04-21,86.41,86.84,86.0,86.84,25947900,80.0079174525419
2014-04-22,87.1,87.745,86.9898,87.53,38593400,80.6436321352026
2014-04-23,87.55,87.56,86.71,86.76,34376700,79.9342114023784
2014-04-24,88.2,88.21,86.65,87.59,48926300,80.6989116728253
2014-04-25,87.08,87.17,85.98,86.19,44334000,79.409055794963
2014-04-28,86.58,87.11,85.11,86.47,58623800,79.6670269705355
2014-04-29,86.75,87.32,86.31,87.16,36742700,80.3027416531962
2014-04-30,86.79,87.48,86.54,87.39,38689400,80.5146465474164
2014-05-01,87.53,88.15,87.31,87.65,37127200,80.754191210448
2014-05-02,87.94,88.11,87.28,87.49,40074200,80.6067791101208
2014-05-05,86.98,87.97,86.76,87.95,27924400,81.0305888985613
2014-05-06,87.83,87.86,86.77,86.81,33698500,79.9802776837306
2014-05-07,87.0,87.08,85.53,86.56,67489100,79.7499462769695
2014-05-08,86.26,87.53,86.05,86.48,46556900,79.6762402268059
2014-05-09,86.41,86.86,85.85,86.8,35081500,79.9710644274601
2014-05-12,87.31,88.26,87.24,88.23,38951100,81.2885600741338
2014-05-13,88.32,88.61,88.12,88.29,30311900,81.3438396117564
2014-05-14,88.03,88.35,87.62,87.83,26483600,80.920029823316
2014-05-15,87.81,87.96,86.58,87.135,59680300,80.2797085125201
2014-05-16,87.24,87.76,86.64,87.71,66804100,80.8094707480706
2014-05-19,87.47,88.46,87.3,88.32,32017000,81.3714793805677
2014-05-20,88.28,88.6,87.64,88.0,33716000,81.0766551799135
2014-05-21,88.16,88.89,88.11,88.84,36837700,81.8505687066309
2014-05-22,88.94,89.48,88.8,89.23,30617100,82.2098857011782
2014-05-23,89.33,89.9,89.12,89.88,22687300,82.8087473587571
2014-05-27,90.28,91.02,90.2,91.001,29725200,83.841553386674
2014-05-28,90.97,91.1,90.645,90.72,30468100,83.5826608854745
2014-05-29,91.05,91.31,90.86,91.3,33036100,84.1170297491603
2014-05-30,91.33,91.45,90.83,91.31,29906400,84.1262430054307
2014-06-02,91.43,91.44,90.64,91.22,30409900,84.0433236989967
2014-06-03,90.91,91.33,90.8,91.18,21774500,84.0064706739149
2014-06-04,90.96,91.67,90.81,91.52,20118300,84.3197213871101
2014-06-05,91.61,92.46,91.29,92.29,35583100,85.0291421199343
2014-06-06,92.66,92.82,92.45,92.82,22680600,85.5174447022679
2014-06-09,92.85,92.98,92.495,92.75,23399500,85.4529519083748
2014-06-10,92.67,92.96,92.56,92.91,20626000,85.6003640087019
2014-06-11,92.59,93.02,92.5,92.89,22878200,85.581937496161
2014-06-12,92.69,92.79,91.73,92.05,35275900,84.8080239694436
2014-06-13,92.47,92.55,91.92,92.32,39447100,85.0567818887456
2014-06-16,92.16,92.67,91.96,92.4,25212300,85.1304879389092
2014-06-17,92.34,92.7,92.18,92.45,19977900,85.1765542202614
2014-06-18,92.55,93.1,91.98,92.97,34514000,85.6556435463246
2014-06-19,93.1,93.17,92.49,92.91,38422200,85.6003640087019
2014-06-20,92.7,92.87,92.53,92.77,25897500,85.7008806346124
2014-06-23,92.735,92.82,92.51,92.79,20837900,85.7193566248322
2014-06-24,92.79,93.57,92.43,92.7,31945800,85.6362146688431
2014-06-25,92.49,93.45,92.48,93.29,32818600,86.1812563803276
2014-06-26,93.35,93.36,92.62,93.34,22563900,86.2274463558772
2014-06-27,93.21,93.765,93.19,93.75,22877800,86.6062041553834
2014-06-30,93.71,94.14,93.67,93.91,19764900,86.7540120771419
2014-07-01,94.21,95.19,94.2,94.94,31862500,87.7055255734624
2014-07-02,94.98,95.24,94.91,95.1,18777300,87.8533334952209
2014-07-03,95.41,95.7,95.15,95.7,15291700,88.4076132018153
2014-07-07,95.59,95.71,95.23,95.41,23266400,88.139711343628
2014-07-08,95.24,95.3,93.87,94.26,40612400,87.0773419059887
2014-07-09,94.51,95.065,94.24,94.96,29919000,87.7240015636822
2014-07-10,93.78,95.05,93.63,94.66,44245300,87.446861710385
2014-07-11,94.87,95.27,94.61,95.27,19566300,88.0103794120893
2014-07-14,95.7,96.055,95.535,95.84,19579000,88.5369451333541
2014-07-15,95.98,96.13,94.83,95.51,39467500,88.2320912947271
2014-07-16,96.19,96.3,95.785,95.89,22052600,88.5831351089036
2014-07-17,95.64,95.97,94.32,94.619,43111500,87.4089859304343
2014-07-18,95.14,96.17,95.0,96.12,36682200,88.7956089964315
2014-07-21,95.92,96.16,95.55,96.0,29750700,88.6847530551126
2014-07-22,96.44,96.76,96.345,96.61,25770400,89.2482707568169
2014-07-23,96.94,97.34,96.77,97.227,28947500,89.8182550550982
2014-07-24,97.4,97.51,96.98,97.12,24707200,89.7194085074222
2014-07-25,96.65,96.87,96.23,96.74,29898900,89.3683646932457
2014-07-28,96.8,97.02,96.02,96.77,25603400,89.3960786785754
2014-07-29,96.97,97.2,96.52,96.6,27022200,89.239032761707
2014-07-30,97.13,97.32,96.6,96.98,35348500,89.5900765758835
2014-07-31,96.2,96.34,94.88,95.02,50047900,87.7794295343416
2014-08-01,94.83,95.34,94.04,94.67,60708000,87.4560997054949
2014-08-04,94.9,95.69,94.52,95.32,33230500,88.0565693876388
2014-08-05,94.94,95.21,94.15,94.59,50331100,87.3821957446156
2014-08-06,93.99,95.11,93.92,94.52,34431900,87.3175297788462
2014-08-07,94.95,95.139,93.885,94.22,33274700,87.040389925549
2014-08-08,94.38,95.01,93.97,94.9,40236900,87.6685735930227
2014-08-11,95.25,95.76,95.2,95.46,28277500,88.1859013191775
2014-08-12,95.38,95.67,94.93,95.42,28152300,88.1489493387379
2014-08-13,95.81,96.47,95.76,96.43,27996500,89.0819868448386
2014-08-14,96.54,96.95,96.43,96.93,25006600,89.543886600334
2014-08-15,97.46,97.63,96.48,97.4,55205500,89.9780723704996
2014-08-18,97.89,98.24,97.77,98.15,38938300,90.6709220037427
2014-08-19,98.38,98.76,98.32,98.7,21363400,91.1790117347876
2014-08-20,98.61,98.9,98.53,98.7,23435600,91.1790117347876
2014-08-21,98.76,98.95,98.6,98.9,19339500,91.3637716369858
2014-08-22,98.94,99.25,98.72,99.05,24692000,91.5023415636344
2014-08-25,99.52,99.68,99.16,99.4,24124700,91.8256713924811
2014-08-26,99.53,99.61,99.27,99.5,20100400,91.9180513435802
2014-08-27,99.53,99.64,99.31,99.52,15589100,91.9365273338
2014-08-28,99.2,99.53,99.08,99.41,23563900,91.834909387591
2014-08-29,99.65,99.9141,99.2701,99.78,17906300,92.1767152066576
2014-09-02,100.04,100.1,99.6601,100.07,18326800,92.4446170648449
2014-09-03,100.32,100.34,99.3,99.48,25950700,91.8995753533604
2014-09-04,99.73,100.22,99.14,99.39,24663500,91.8164333973712
2014-09-05,99.58,99.95,99.03,99.89,30798200,92.2783331528666
2014-09-08,99.89,100.33,99.62,100.08,25571300,92.4538550599548
2014-09-09,100.06,100.46,99.0645,99.25,36449200,91.6871014658325
2014-09-10,99.38,100.11,99.1,100.07,31080100,92.4446170648449
2014-09-11,99.65,100.04,99.24,99.99,28691900,92.3707131039657
2014-09-12,99.9,99.93,99.17,99.48,30444400,91.8995753533604
2014-09-15,99.59,99.6,98.215,98.52,32972200,91.0127278228093
2014-09-16,98.16,99.57,98.05,99.38,38166900,91.8071954022613
2014-09-17,99.37,100.0,98.93,99.53,37196500,91.9457653289099
2014-09-18,99.83,100.29,99.73,100.28,30196700,92.638614962153
2014-09-19,100.46,100.5646,99.58,99.98,46918000,92.5811546325694
2014-09-22,99.74,99.75,98.62,99.05,48658000,91.7199776590918
2014-09-23,98.67,99.22,98.58,98.78,33989600,91.4699585377596
2014-09-24,98.87,99.8868,98.54,99.84,35869250,92.4515150881749
2014-09-25,99.53,99.65,97.7,97.74,65321846,90.5069219222578
2014-09-26,98.05,98.96,97.89,98.78,56109106,91.4699585377596
2014-09-29,97.8,98.92,97.75,98.65,33342673,91.3495789608219
2014-09-30,98.92,99.3,98.32,98.79,41834324,91.4792185052163
2014-10-01,98.54,98.61,96.9,97.21,58164861,90.0161436470501
2014-10-02,97.19,97.51,95.97,97.21,54501347,90.0161436470501
2014-10-03,97.76,98.57,97.44,98.17,41627772,90.9051005228979
2014-10-06,98.47,98.72,97.6587,97.96,36038687,90.7106412063062
2014-10-07,97.485,97.7799,96.56,96.57,45153968,89.4235057298182
2014-10-08,96.66,98.76,96.06,98.45,64931636,91.1643796116869
2014-10-09,98.33,98.57,96.71,96.86,62497086,89.6920447860639
2014-10-10,96.29,96.83,94.42,94.44,77579425,87.4511326615308
2014-10-13,94.29,94.99,92.88,92.96,80835922,86.0806574779321
2014-10-14,93.6,94.1699,92.71,92.97,71814456,86.0899174453888
2014-10-15,91.55,92.76,90.24,92.37,108847755,85.5343193979839
2014-10-16,90.43,92.58,90.39,91.79,93165782,84.9972412854925
2014-10-17,92.99,93.89,92.46,93.0,69546720,86.1176973477591
2014-10-20,92.96,94.47,92.8,94.39,41479253,87.4048328242471
2014-10-21,95.54,96.87,95.32,96.87,53609758,89.7013047535207
2014-10-22,97.16,97.3,96.305,96.37,39178048,89.2383063806833
2014-10-23,97.32,98.36,97.17,97.82,48123778,90.5810016619117
2014-10-24,97.965,98.69,97.64,98.62,43161724,91.3217990584516
2014-10-27,98.4,98.87,98.02,98.69,29545673,91.3866188306488
2014-10-28,99.1,100.2,99.08,100.18,34495077,92.7663539817044
2014-10-29,99.84,100.12,99.1,99.81,40552803,92.4237351858047
2014-10-30,99.37,100.26,99.14,100.02,35935794,92.6181945023964
2014-10-31,101.67,101.75,101.07,101.4,54254141,93.8960700114276
2014-11-03,101.53,101.9701,101.43,101.7,33480951,94.1738690351301
2014-11-04,101.36,101.6244,100.67,101.36,22773298,93.8590301416006
2014-11-05,102.01,102.03,101.015,101.37,25818604,93.8682901090574
2014-11-06,101.32,101.72,100.921,101.69,24671900,94.1646090676733
2014-11-07,101.87,101.91,101.07,101.6,20931734,94.0812693605626
2014-11-10,101.65,102.09,101.38,101.96,20360007,94.4146281890055
2014-11-11,101.98,102.28,101.7,102.28,15454012,94.7109471476215
2014-11-12,101.87,102.57,101.87,102.46,22050317,94.8776265618429
2014-11-13,102.65,103.28,102.42,102.9,28027776,95.2850651299399
2014-11-14,102.87,103.22,102.53,103.22,19251346,95.5813840885558
2014-11-17,102.98,103.21,102.42,102.91,23361634,95.2943250973966
2014-11-18,103.0,103.82,102.991,103.68,26336812,96.0073425915663
2014-11-19,103.57,103.57,102.73,103.21,23760243,95.5721241210991
2014-11-20,102.77,103.76,102.69,103.67,22874018,95.9980826241095
2014-11-21,104.59,104.69,103.54,103.87,34049128,96.1832819732445
2014-11-24,104.15,104.73,104.06,104.68,17928289,96.9333393372411
2014-11-25,104.84,105.15,104.57,104.84,17525991,97.081498816549
2014-11-26,104.94,105.58,104.834,105.52,18973804,97.7111766036079
2014-11-28,105.795,106.245,105.73,106.01,17360420,98.1649150089886
2014-12-01,105.72,105.9199,104.42,104.81,35969494,97.0537189141788
2014-12-02,104.92,105.4168,104.7,105.23,26031291,97.4426375473622
2014-12-03,105.39,105.565,104.7626,105.42,32974322,97.6185769290404
2014-12-04,105.32,105.78,104.93,105.37,31008791,97.5722770917567
2014-12-05,105.54,105.7,105.145,105.38,25622236,97.5815370592134
2014-12-08,105.11,105.57,104.075,104.63,32685756,96.8870394999573
2014-12-09,103.41,105.04,103.0401,104.96,46035139,97.19261842603
2014-12-10,104.77,105.03,103.12,103.31,39330116,95.6647237956666
2014-12-11,103.61,105.04,103.59,103.8,47576022,96.1184622010472
2014-12-12,102.81,103.99,102.66,102.67,46889391,95.0720858784347
2014-12-15,103.2,103.58,101.315,101.61,52968448,94.0905293280193
2014-12-16,100.97,102.47,99.96,99.98,65348626,92.5811546325694
2014-12-17,100.05,102.09,99.92,101.8,79715318,94.2664687096976
2014-12-18,103.26,104.26,102.98,104.25,49840942,96.5351607366009
2014-12-19,103.97,104.74,103.71,104.32,51419912,96.9581653099926
2014-12-22,104.15,104.61,104.0999,104.58,33869167,97.1998171790551
2014-12-23,104.96,104.97,104.09,104.21,30156929,96.8559279807739
2014-12-24,104.34,104.7,104.2699,104.3,14291333,96.9395767046801
2014-12-26,104.6,105.26,104.57,105.04,13924332,97.6273551012426
2014-12-29,104.94,105.25,104.875,105.02,17073772,97.6087664959301
2014-12-30,104.72,104.96,104.175,104.32,18603989,96.9581653099926
2014-12-31,104.5,104.91,103.1,103.25,24367121,95.9636749257739
2015-01-02,103.76,104.2,102.44,102.94,31314599,95.6755515434302
2015-01-05,102.49,102.61,101.14,101.43,36521270,94.2721118423366
2015-01-06,101.58,101.75,99.62,100.07,66205451,93.0080866810867
2015-01-07,100.73,101.6,100.485,101.36,37577361,94.2070517237428
2015-01-08,102.22,103.5,102.111,103.3,40212640,96.0101464390552
2015-01-09,103.62,103.65,102.02,102.62,40835602,95.3781338584302
2015-01-12,102.82,102.93,101.285,101.55,34129751,94.3836434742116
2015-01-13,102.54,103.62,100.7,101.52,56162334,94.3557605662428
2015-01-14,100.5,101.4829,100.07,100.96,51354217,93.8352796174928
2015-01-15,101.43,101.59,99.525,99.65,51005416,92.6177259695242
2015-01-16,99.52,100.95,99.36,100.82,35362210,93.7051593803054
2015-01-20,101.43,101.88,100.29,101.62,30964056,94.4487035928053
2015-01-21,101.32,102.619,100.9648,102.14,40128772,94.9320073309303
2015-01-22,102.54,104.14,101.64,104.03,40887168,96.6886305329614
2015-01-23,104.02,104.58,103.72,104.26,34782992,96.9023994940551
2015-01-26,104.14,104.33,103.61,104.14,19960870,96.7908678621801
2015-01-27,102.5,102.56,101.1,101.44,45253205,94.2814061449928
2015-01-28,103.07,103.18,100.9,100.92,43591675,93.7981024068679
2015-01-29,100.84,102.0779,99.96,101.89,46539734,94.699649764524
2015-01-30,101.8,102.58,100.96,101.1,42927638,93.9653998546803
2015-02-02,101.33,102.07,99.75,101.98,43624654,94.7832984884303
2015-02-03,102.35,103.03,101.68,102.96,30750360,95.6941401487427
2015-02-04,102.54,103.55,102.31,102.87,34073211,95.6104914248365
2015-02-05,103.13,103.83,102.87,103.76,23605516,96.4376843612427
2015-02-06,103.92,104.17,102.76,103.13,34169256,95.8521432938989
2015-02-09,102.73,103.285,102.55,102.8,22604655,95.5454313062427
2015-02-10,103.37,104.54,103.21,104.4,23686531,97.0325197312426
2015-02-11,104.52,105.02,104.32,104.78,20303617,97.3857032321801
2015-02-12,105.46,106.04,105.3,106.0,22520295,98.5196081562425
2015-02-13,106.3,106.93,106.101,106.91,29030249,99.3653896979612
2015-02-17,106.91,107.08,106.6432,107.01,17675344,99.4583327245237
2015-02-18,106.88,107.2199,106.74,107.16,15149619,99.5977472643674
2015-02-19,107.09,107.76,107.06,107.69,19828113,100.090345305149
2015-02-20,107.62,108.47,107.28,108.41,28336710,100.759535096399
2015-02-23,108.35,108.55,108.11,108.52,17867968,100.861772425617
2015-02-24,108.38,108.73,108.05,108.6,19745011,100.936126846867
2015-02-25,108.44,108.86,108.09,108.33,19472341,100.685180675149
2015-02-26,108.44,108.94,108.135,108.88,22255476,101.196367321242
2015-02-27,108.84,108.91,108.23,108.4,27757584,100.750240793742
2015-03-02,108.61,109.42,108.59,109.38,22988645,101.661082454055
2015-03-03,109.05,109.16,108.18,108.87,20788924,101.187073018586
2015-03-04,108.51,108.67,107.86,108.45,21007420,100.796712307024
2015-03-05,108.73,108.965,108.19,108.64,15381039,100.973304057492
2015-03-06,108.5,108.71,107.14,107.41,30990366,99.8301048307736
2015-03-09,107.63,107.9857,107.19,107.72,26237101,100.118228213117
2015-03-10,106.95,106.98,105.72,105.72,34234496,98.2593676818675
2015-03-11,105.875,106.01,105.07,105.11,25459733,97.6924152198363
2015-03-12,105.03,105.92,104.96,105.8,21473171,98.3337221031175
2015-03-13,105.7,106.12,104.68,105.34,42021103,97.9061841809301
2015-03-16,105.73,106.74,105.62,106.7,25674085,99.17020934218
2015-03-17,106.405,107.04,106.16,106.87,19603813,99.3282124873362
2015-03-18,106.58,108.41,106.03,107.92,40622188,100.304114266242
2015-03-19,108.03,108.38,107.87,108.08,31314035,100.452823108742
2015-03-20,108.72,109.07,108.51,108.53,31761404,101.101621199964
2015-03-23,108.47,108.77,108.28,108.32,17268507,100.905994733071
2015-03-24,108.31,108.81,107.91,107.93,22445280,100.542688437411
2015-03-25,108.1,108.2,105.42,105.46,41581435,98.2417485648969
2015-03-26,104.59,105.7,104.24,105.1,47846276,97.9063889073645
2015-03-27,105.08,105.77,104.92,105.52,33878385,98.2976418411522
2015-03-30,106.16,106.82,106.16,106.73,30570196,99.4248229123027
2015-03-31,106.43,106.65,105.57,105.6,30488101,98.3721662094928
2015-04-01,105.6,105.62,104.37,105.05,32970452,97.8598111771517
2015-04-02,105.15,105.46,104.78,105.12,19164241,97.9250199994496
2015-04-06,104.5,106.27,104.34,105.98,24451142,98.7261569591103
2015-04-07,105.92,106.7,105.8,105.8,19379381,98.5584771303441
2015-04-08,105.84,106.79,105.83,106.64,25866907,99.3409829979196
2015-04-09,106.59,107.35,106.23,107.31,23114727,99.9651245827715
2015-04-10,107.27,107.76,107.03,107.75,17164343,100.375008608644
2015-04-13,107.83,108.38,107.36,107.48,17783465,100.123488865495
2015-04-14,107.37,107.68,106.56,107.17,23755747,99.8347069381756
2015-04-15,107.45,108.07,107.321,107.84,21128576,100.458848523027
2015-04-16,107.55,107.88,107.4,107.69,16195279,100.319115332389
2015-04-17,106.66,106.95,105.55,106.01,46513964,98.754103597238
2015-04-20,106.54,107.79,106.5,107.6,28945909,100.235275418006
2015-04-21,108.22,108.41,107.93,108.06,22759772,100.663790535964
2015-04-22,108.34,108.83,107.64,108.65,21429190,101.213407752475
2015-04-23,108.28,109.55,108.26,109.06,29473221,101.59534514022
2015-04-24,110.21,110.69,110.03,110.54,32508127,102.97404595452
2015-04-27,110.95,111.16,110.02,110.26,31121321,102.713210665328
2015-04-28,110.34,110.55,109.11,110.04,36849221,102.508268652392
2015-04-29,109.43,110.07,108.75,109.35,34043905,101.865495975455
2015-04-30,108.73,109.17,107.06,107.63,44080546,100.263222056134
2015-05-01,108.05,109.12,108.03,109.05,32874307,101.586029594178
2015-05-04,109.4,109.91,109.17,109.23,23507259,101.753709422944
2015-05-05,108.8,109.0,107.4,107.45,47843265,100.095542227367
2015-05-06,107.64,107.95,105.995,106.71,42687150,99.4061918202175
2015-05-07,106.68,107.65,106.6,107.35,29335806,100.002386766942
2015-05-08,108.46,108.92,108.3,108.69,33023337,101.250669936646
2015-05-11,108.76,108.98,108.19,108.27,19679255,100.859417002858
2015-05-12,107.63,108.33,106.8,107.78,33665017,100.402955246772
2015-05-13,108.25,108.81,107.84,108.0,20738434,100.607897259709
2015-05-14,108.88,109.67,108.48,109.58,23904233,102.079753534434
2015-05-15,109.86,110.01,109.31,109.58,23937442,102.079753534434
2015-05-18,109.4,110.28,109.32,110.06,17631135,102.526899744477
2015-05-19,110.18,110.35,109.76,109.94,14212896,102.415113191966
2015-05-20,110.02,110.67,109.425,110.01,21131892,102.480322014264
2015-05-21,109.82,110.73,109.66,110.58,16771801,103.01130813869
2015-05-22,110.45,110.87,110.38,110.47,13543774,102.908837132222
2015-05-26,110.23,110.38,108.76,109.2,25488437,101.725762784816
2015-05-27,109.53,111.08,109.29,110.96,30572695,103.365298888308
2015-05-28,110.75,111.01,110.37,110.71,17302408,103.132410237244
2015-05-29,110.64,110.79,109.79,110.05,30382987,102.517584198434
2015-06-01,110.64,110.72,109.52,110.42,24570186,102.862259402009
2015-06-02,110.01,110.61,109.47,110.07,19449634,102.53621529052
2015-06-03,110.57,110.81,110.13,110.4,20507208,102.843628309924
2015-06-04,109.78,110.48,109.21,109.56,31374588,102.061122442349
2015-06-05,109.43,109.69,108.63,109.3,22641732,101.818918245242
2015-06-08,109.25,109.33,107.97,108.19,24549204,100.784892634517
2015-06-09,107.93,108.4,107.2,108.01,27554599,100.617212805751
2015-06-10,108.38,109.81,108.26,109.49,30297862,101.995913620051
2015-06-11,109.86,110.15,109.46,109.65,17593463,102.144962356732
2015-06-12,109.07,109.3,108.6,108.75,27201768,101.306563212901
2015-06-15,107.94,108.38,107.31,108.21,31238798,100.803523726602
2015-06-16,108.1,108.9799,108.05,108.8,16456867,101.353140943114
2015-06-17,108.98,109.45,108.43,109.1,23296738,101.632607324391
2015-06-18,109.5,110.88,109.44,110.69,43032384,103.113779145159
2015-06-19,110.49,110.575,109.81,109.89,27877574,102.605299379971
2015-06-22,110.7,111.03,110.45,110.7,19120898,103.361603798005
2015-06-23,110.82,110.89,110.33,110.79,18127916,103.445637622231
2015-06-24,110.66,111.13,110.19,110.22,15815914,102.913423402133
2015-06-25,110.65,110.76,109.815,110.0,18326654,102.708007387359
2015-06-26,109.98,110.23,108.86,109.27,32311679,102.02639970197
2015-06-29,108.06,108.66,106.64,106.69,50874901,99.6174300741572
2015-06-30,107.49,107.72,106.74,107.07,34809920,99.9722395542226
2015-07-01,108.13,108.3464,107.42,107.92,21292958,100.765892338579
2015-07-02,108.23,108.32,107.62,107.95,20499447,100.793903613321
2015-07-06,107.27,108.32,107.04,107.7,24311020,100.560476323805
2015-07-07,107.82,108.07,105.83,107.97,44230772,100.812577796483
2015-07-08,107.2,107.33,105.8942,106.09,39691475,99.0572045793171
2015-07-09,107.5,107.5955,106.02,106.03,28381041,99.001182029833
2015-07-10,107.44,108.05,107.05,107.65,26415825,100.513790865901
2015-07-13,108.58,109.63,108.57,109.54,25780733,102.278501174648
2015-07-14,109.69,110.56,109.63,110.26,21977167,102.950771768456
2015-07-15,110.47,110.81,110.07,110.38,28631537,103.062816867424
2015-07-16,111.29,111.96,111.07,111.94,29838948,104.519403154008
2015-07-17,112.84,113.59,112.65,113.59,35926804,106.060023264819
2015-07-20,113.83,114.39,113.48,113.98,26539045,106.424169836465
2015-07-21,114.02,114.2,113.58,113.91,35468865,106.3588101954
2015-07-22,112.17,113.169,112.165,112.62,35574962,105.154325381494
2015-07-23,112.73,113.1,111.91,112.2,25698255,104.762167535106
2015-07-24,112.8,113.003,110.93,111.1,30844714,103.735087461232
2015-07-27,110.47,110.946,109.94,110.18,35994837,102.876075035811
2015-07-28,110.67,111.35,109.785,111.13,33553494,103.763098735974
2015-07-29,111.37,111.79,110.94,111.55,26714068,104.155256582362
2015-07-30,111.29,112.2663,110.621,112.08,25438057,104.650122436138
2015-07-31,112.43,112.49,111.72,111.95,22081731,104.528740245589
2015-08-03,111.97,112.28,110.861,111.6,25001780,104.201942040266
2015-08-04,111.55,111.745,110.93,111.39,22132319,104.005863117072
2015-08-05,112.01,113.0,111.88,112.24,27626277,104.799515901428
2015-08-06,112.35,112.5,109.95,110.45,42125401,103.128176508489
2015-08-07,110.18,110.57,109.4,110.31,30006846,102.997457226359
2015-08-10,111.01,111.81,111.0,111.57,21500780,104.173930765524
2015-08-11,110.98,111.4101,109.53,110.14,36123270,102.838726669488
2015-08-12,109.38,110.735,108.22,110.52,41888960,103.193536149553
2015-08-13,110.63,111.16,110.1,110.34,22510520,103.025468501101
2015-08-14,110.08,110.67,109.86,110.51,17924931,103.184199057973
2015-08-17,110.24,111.46,109.96,111.43,21224913,104.043211483394
2015-08-18,111.275,111.37,110.71,110.86,13984363,103.510997263296
2015-08-19,110.52,111.105,109.49,110.13,42511384,102.829389577907
2015-08-20,109.11,109.46,107.07,107.08,57747349,99.9815766458033
2015-08-21,105.57,106.47,102.4,102.4,97763445,95.6118177860502
2015-08-24,94.23,102.53,84.74,98.46,150829863,91.9330037032666
2015-08-25,102.07,102.74,98.01,98.09,75088278,91.5875313147819
2015-08-26,100.96,103.23,98.93,103.03,104103817,96.2000545556323
2015-08-27,104.53,105.71,103.2799,105.64,69377690,98.637035458187
2015-08-28,105.08,106.0,104.85,105.62,49919628,98.6183612750256
2015-08-31,105.03,105.61,104.05,104.31,39549380,97.395202277958
2015-09-01,101.68,103.29,100.63,101.05,73155538,94.3513104226599
2015-09-02,102.89,103.92,101.7,103.9,43963563,97.0123815231506
2015-09-03,104.31,105.02,103.1,103.39,45131794,96.5361898525364
2015-09-04,101.97,102.845,101.59,102.16,49379643,95.3877275881141
2015-09-08,104.12,105.165,103.69,105.04,37343527,98.0768099633468
2015-09-09,106.28,106.31,103.59,103.86,47146743,96.9750331568279
2015-09-10,103.74,105.68,103.62,104.99,47686714,98.0301245054435
2015-09-11,104.51,105.57,104.21,105.57,29106088,98.5716758171223
2015-09-14,105.96,105.98,104.85,105.25,19718804,98.2728888865409
2015-09-15,105.5,106.82,105.11,106.49,30020216,99.4306882425438
2015-09-16,106.51,107.19,106.14,107.09,31329146,99.9909137373839
2015-09-17,106.98,108.725,106.64,107.13,56139806,100.028262103707
2015-09-18,105.23,106.6,105.17,105.35,48383995,98.6090428576281
2015-09-21,105.93,106.55,104.73,105.68,35772624,98.9179273772581
2015-09-22,104.06,104.4225,103.13,104.1,47359654,97.4390257378176
2015-09-23,104.38,104.66,103.64,104.18,21775134,97.5139068334855
2015-09-24,103.17,104.19,102.27,103.8,38284331,97.1582216290631
2015-09-25,104.91,105.01,102.28,102.92,44700006,96.3345295767165
2015-09-28,102.48,102.55,99.69,99.98,42914867,93.5826493109222
2015-09-29,100.24,101.26,98.75,99.47,49315527,93.1052823260396
2015-09-30,100.89,101.87,100.5,101.74,40236970,95.2300334156154
2015-10-01,101.94,102.23,100.59,102.22,39339134,95.6793199896226
2015-10-02,100.8,104.01,100.48,104.01,59370859,97.3547845051913
2015-10-05,104.78,105.78,104.55,105.5,32853533,98.7494449120054
2015-10-06,105.25,105.6,104.18,105.0,33051534,98.2814380640812
2015-10-07,105.66,105.86,104.29,105.63,37389334,98.8711266924657
2015-10-08,105.23,106.23,104.21,106.05,50188873,99.264252444722
2015-10-09,106.1,106.73,105.81,106.53,23916227,99.7135390187292
2015-10-12,106.73,106.9899,106.35,106.79,16161955,99.9569025796498
2015-10-13,106.18,107.26,106.0,106.1,26999613,99.3110531295144
2015-10-14,106.1,106.63,105.49,105.93,30902637,99.1519308012202
2015-10-15,106.32,107.675,106.18,107.67,38393838,100.780594631996
2015-10-16,107.9,108.18,107.3794,108.12,27091100,101.201800795128
2015-10-19,107.98,108.81,107.74,108.74,23776270,101.782129286554
2015-10-20,108.545,108.78,107.81,108.18,23404691,101.257961616879
2015-10-21,108.73,108.84,107.48,107.52,30195241,100.640192577619
2015-10-22,108.48,109.8,108.171,109.71,42778702,102.690062571527
2015-10-23,112.66,113.24,112.07,112.78,53170910,105.563624617782
2015-10-26,112.7,113.07,112.27,112.85,25918004,105.629145576491
2015-10-27,112.55,113.24,112.52,113.08,31390511,105.844428726536
2015-10-28,113.25,114.02,112.34,114.02,42221867,106.724281600634
2015-10-29,113.5,114.03,113.38,113.84,24913340,106.555799135381
2015-10-30,113.89,114.08,113.3,113.33,27199231,106.078432150498
2015-11-02,113.63,114.745,113.39,114.61,22176916,107.276529681184
2015-11-03,114.38,115.42,114.21,115.01,20418387,107.650935159524
2015-11-04,115.39,115.47,114.54,115.02,28633048,107.660295296482
2015-11-05,115.12,115.395,114.11,114.71,25004080,107.370131050769
2015-11-06,114.49,114.92,113.76,114.79,29924901,107.445012146437
2015-11-09,114.36,114.51,112.865,113.57,33479755,106.303075437502
2015-11-10,112.97,113.39,112.63,113.28,35452127,106.031631465706
2015-11-11,113.59,114.14,112.95,113.14,22748808,105.900589548287
2015-11-12,112.65,113.23,111.96,112.04,31196876,104.870974482854
2015-11-13,111.57,111.69,109.78,109.84,52836036,102.811744351987
2015-11-16,109.74,111.44,109.48,111.42,33980633,104.290645991428
2015-11-17,111.61,112.29,111.2099,111.49,30488641,104.356166950137
2015-11-18,111.94,113.74,111.83,113.63,32966463,106.359236259253
2015-11-19,113.68,114.23,113.49,113.71,26188119,106.434117354921
2015-11-20,114.24,114.57,114.14,114.48,22727591,107.154847900724
2015-11-23,114.53,114.94,113.66,114.15,20696175,106.845963381094
2015-11-24,113.42,114.32,112.8377,114.05,26374412,106.752362011509
2015-11-25,114.19,114.36,113.91,114.15,14159935,106.845963381094
2015-11-27,114.395,114.541,113.92,114.31,8827991,106.99572557243
2015-11-30,114.6,114.65,113.65,114.02,25041649,106.724281600634
2015-12-01,114.475,115.16,114.34,115.16,28639445,107.791337213901
2015-12-02,115.23,115.75,114.28,114.45,22395483,107.126767489848
2015-12-03,114.76,114.96,111.8432,112.51,42754345,105.310900919903
2015-12-04,112.84,115.33,112.62,115.14,40037322,107.772616939984
2015-12-07,115.22,115.29,114.07,114.62,25892101,107.285889818143
2015-12-08,113.44,114.995,113.38,114.63,30792648,107.295249955101
2015-12-09,114.11,114.76,112.2,112.89,48509199,105.666586124325
2015-12-10,113.15,114.16,112.811,113.4,30154621,106.143953109208
2015-12-11,112.09,112.39,110.72,110.79,56022221,103.700957363043
2015-12-14,110.98,111.68,109.38,111.63,53098514,104.487208867556
2015-12-15,112.6,113.28,112.17,112.31,48428014,105.123698180733
2015-12-16,113.07,114.17,111.89,113.98,44944106,106.6868410528
2015-12-17,114.46,114.48,112.3,112.32,45668795,105.133058317691
2015-12-18,111.58,111.88,109.83,109.83,53746061,103.122809783529
2015-12-21,110.87,111.07,110.05,111.05,26432807,104.268305804069
2015-12-22,111.65,111.94,111.05,111.78,26540310,104.953725554064
2015-12-23,112.34,112.69,112.16,112.61,25656928,105.733038420497
2015-12-24,112.57,112.9,112.54,112.59,11480244,105.714259797209
2015-12-28,112.32,112.55,111.51,112.53,19183637,105.657923927347
2015-12-29,113.215,114.545,113.13,114.3,27725673,107.319832088294
2015-12-30,114.16,114.24,113.25,113.27,19520081,106.352732988986
2015-12-31,112.87,113.08,111.84,111.86,29886849,105.028840047214
2016-01-04,109.43,109.6,108.12,109.5,50807643,102.812962499284
2016-01-05,110.04,110.18,108.8,109.31,38795182,102.634565578053
2016-01-06,107.43,108.89,107.41,108.26,41891091,101.648687855457
2016-01-07,105.96,107.29,104.81,104.87,61386300,98.4657112082186
2016-01-08,105.67,106.29,103.9,104.01,69344012,97.6582304068544
2016-01-11,104.79,105.06,102.73,104.33,50024094,97.958688379455
2016-01-12,105.31,106.08,104.08,105.54,46734241,99.0947950883512
2016-01-13,106.0,106.23,101.74,101.9,69870673,95.6770856500189
2016-01-14,102.3,104.98,100.67,104.07,78445735,97.714566276717
2016-01-15,100.57,101.94,99.51,100.84,91443918,94.6818186157792
2016-01-19,102.2,102.37,99.88,101.06,56563845,94.8883834719422
2016-01-20,99.48,101.83,97.25,100.75,86674981,94.5973148109853
2016-01-21,101.19,102.349,99.82,100.85,61660101,94.691207927423
2016-01-22,102.84,103.81,102.5305,103.77,42229803,97.4328869274039
2016-01-25,103.46,103.99,102.14,102.23,38881485,95.9869329342633
2016-01-26,102.65,103.59,101.76,103.15,36143916,96.8507496054902
2016-01-27,102.55,102.99,100.15,100.58,54524736,94.4376965130412
2016-01-28,102.19,102.29,100.26,102.0,47641532,95.7709787664566
2016-01-29,102.0,104.17,101.94,104.13,54245067,97.7709021465796
2016-02-01,103.62,104.8,103.23,104.41,32750348,98.0338028726052
2016-02-02,103.97,103.97,101.84,102.15,44928088,95.9118184411131
2016-02-03,102.8,102.83,99.88,101.66,61572882,95.4517421705684
2016-02-04,101.35,102.455,100.44,101.65,49321638,95.4423528589246
2016-02-05,101.29,101.33,97.72,98.12,70749932,92.1279258486737
2016-02-08,96.33,97.05,94.84,96.62,91673063,90.7195291021082
2016-02-09,95.36,97.78,95.18,96.32,73778426,90.4378497527951
2016-02-10,97.5,98.69,96.62,96.69,59421699,90.7852542836146
2016-02-11,95.45,97.32,95.19,96.55,76839183,90.6538039206018
2016-02-12,97.68,98.12,96.73,98.02,49186494,92.034032732236
2016-02-16,99.44,100.23,98.85,100.23,40565911,94.1090706055092
2016-02-17,101.01,102.64,100.7,102.5,41766451,96.2404443486451
2016-02-18,102.81,102.84,101.2,101.33,38991469,95.141894886324
2016-02-19,100.91,101.94,100.615,101.63,28257915,95.4235742356371
2016-02-22,102.54,103.38,102.48,103.28,23979113,96.9728106568592
2016-02-23,102.67,102.96,101.51,101.58,29869660,95.3766276774182
2016-02-24,100.44,102.68,99.77,102.55,40739103,96.2873909068639
2016-02-25,102.76,103.56,101.84,103.56,29389315,97.2357113828847
2016-02-26,104.28,104.3659,103.1835,103.43,30925045,97.1136503315157
2016-02-29,103.31,104.1,102.5,102.5,27553937,96.2404443486451
2016-03-01,103.45,105.79,103.16,105.79,37699779,99.3295278794455
2016-03-02,105.63,105.85,105.01,105.83,29209756,99.3670851260206
2016-03-03,105.71,105.75,104.87,105.63,25474625,99.1792988931452
2016-03-04,105.76,106.35,104.97,105.67,31655424,99.2168561397202
2016-03-07,105.12,105.74,104.27,105.02,25861160,98.6065508828752
2016-03-08,104.3,105.2138,103.97,104.15,28372596,97.7896807698672
2016-03-09,104.57,104.84,103.96,104.82,31047351,98.4187646499998
2016-03-10,105.31,105.86,103.31,104.66,44997649,98.2685356636995
2016-03-11,105.8,106.49,105.46,106.49,31453958,99.9867796945094
2016-03-14,106.08,106.92,106.06,106.67,25374912,100.155787304097
2016-03-15,106.27,106.75,105.95,106.63,26524632,100.118230057522
2016-03-16,106.37,107.86,106.34,107.58,31693050,101.01021466368
2016-03-17,107.26,107.77,106.87,107.52,29623740,100.953878793818
2016-03-18,107.46,107.635,106.8,107.37,37682293,101.1114314432
2016-03-21,107.16,107.89,107.12,107.79,17288559,101.506949755635
2016-03-22,107.18,108.37,107.16,108.12,18840278,101.817714143977
2016-03-23,107.91,107.99,106.99,107.23,20912873,100.979592005722
2016-03-24,106.67,107.29,106.53,107.26,19017258,101.007843313753
2016-03-28,107.56,107.58,106.92,107.11,13892303,100.866586773598
2016-03-29,106.93,108.9,106.73,108.83,29963923,102.486328434046
2016-03-30,109.48,110.04,109.13,109.36,23807235,102.985434875928
2016-03-31,109.3,109.69,109.03,109.2,21447236,102.834761233096
2016-04-01,108.58,110.4,108.39,110.36,26389045,103.92714514363
2016-04-04,110.31,110.435,109.68,109.94,17162988,103.531626831195
2016-04-05,109.08,109.5,108.74,108.88,20107915,102.533413947431
2016-04-06,109.0,110.71,108.99,110.67,25056031,104.219075326618
2016-04-07,110.04,110.225,108.61,109.08,28567202,102.721756000971
2016-04-08,109.77,110.02,108.615,109.0,22897951,102.646419179555
2016-04-11,109.48,110.02,108.585,108.6,25772058,102.269735072474
2016-04-12,108.66,109.72,108.015,109.51,28564087,103.126691416083
2016-04-13,110.32,111.08,110.21,110.91,25356728,104.445085790867
2016-04-14,110.0,111.33,110.0,110.92,17199671,104.454502893544
2016-04-15,110.83,111.055,110.36,110.64,21353343,104.190824018587
2016-04-18,110.33,111.265,110.25,111.23,17126086,104.746433076531
2016-04-19,111.44,111.44,109.88,110.55,42481435,104.106070094494
2016-04-20,110.54,111.15,110.17,110.64,18078307,104.190824018587
2016-04-21,110.58,111.05,110.15,110.65,20215983,104.200241121264
2016-04-22,109.21,109.72,108.12,108.98,39073996,102.627584974201
2016-04-25,108.62,108.99,108.45,108.98,14351890,102.627584974201
2016-04-26,109.2,109.39,108.12,108.45,19118334,102.128478532319
2016-04-27,107.34,107.83,106.69,107.58,33059790,101.309190599418
2016-04-28,107.69,108.3335,106.0705,106.28,29818155,100.084967251405
2016-04-29,106.22,106.495,104.88,105.72,67502786,99.5576095014914
2016-05-02,105.97,106.87,105.5525,106.72,24813813,100.499319769194
2016-05-03,105.96,106.4399,105.45,105.73,38569433,99.5670266041684
2016-05-04,105.12,105.4811,104.7902,105.05,27474504,98.9266636221308
2016-05-05,105.43,105.66,104.81,105.02,20788119,98.8984123140997
2016-05-06,104.51,105.6,104.4,105.58,30758516,99.425770064013
2016-05-09,105.61,106.37,105.54,105.88,19289615,99.7082831443237
2016-05-10,106.26,107.38,106.07,107.33,21178851,101.073763032492
2016-05-11,107.16,107.49,106.33,106.36,20966257,100.160304072821
2016-05-12,106.68,106.735,105.14,105.89,29196323,99.7177002470008
2016-05-13,105.85,106.449,105.29,105.5,21059255,99.3504332425968
2016-05-16,105.67,107.21,105.56,106.82,18311860,100.593490795964
2016-05-17,106.74,107.04,105.2,105.48,29932711,99.3315990372428
2016-05-18,105.29,106.43,105.04,105.86,28177911,99.6894489389697
2016-05-19,105.45,105.705,104.54,105.31,27334610,99.1715082917334
2016-05-20,105.74,106.9,105.67,106.47,29549578,100.263892202268
2016-05-23,106.55,106.97,106.23,106.33,15729764,100.13205276479
2016-05-24,106.92,108.59,106.885,108.46,29931309,102.137895634996
2016-05-25,108.86,109.57,108.684,109.24,38464750,102.872429643804
2016-05-26,109.35,109.7,109.09,109.56,21885871,103.173776929468
2016-05-27,109.65,110.14,109.61,110.13,19870010,103.710551782059
2016-05-31,110.28,110.51,109.7837,110.34,24366106,103.908310938276
2016-06-01,110.0,110.6,109.91,110.35,19571528,103.917728040953
2016-06-02,110.13,110.59,109.53,110.58,15696618,104.134321402525
2016-06-03,110.37,110.42,109.34,110.06,20269923,103.64463206332
2016-06-06,110.25,110.75,110.07,110.46,12502365,104.0213161704
2016-06-07,110.53,110.63,110.13,110.18,12184296,103.757637295444
2016-06-08,110.37,110.6,109.96,110.37,14568699,103.936562246307
2016-06-09,109.93,110.31,109.71,110.19,17571631,103.767054398121
2016-06-10,109.2,109.4,108.56,108.94,32965003,102.589916563493
2016-06-13,108.34,108.93,107.89,108.03,25412177,101.732960219884
2016-06-14,107.78,108.415,107.24,108.03,24588506,101.732960219884
2016-06-15,108.32,108.44,107.54,107.72,24605701,101.441030036896
2016-06-16,107.17,108.14,106.5,108.04,32079929,101.742377322561
2016-06-17,107.53,107.6819,106.24,106.49,29208832,100.552667655859
2016-06-20,107.73,108.24,107.08,107.16,20562769,101.185311916629
2016-06-21,107.33,107.715,107.1,107.5,22804112,101.506355272841
2016-06-22,107.58,108.19,107.15,107.24,22724174,101.260851529856
2016-06-23,108.09,108.79,107.62,108.77,18714227,102.705546632809
2016-06-24,104.81,106.5,104.06,104.29,68012733,98.4753282921358
2016-06-27,103.6,103.6,101.75,102.22,50044303,96.5207407999053
2016-06-28,103.33,104.51,103.3,104.46,28260604,98.6358499702417
2016-06-29,105.26,106.53,105.231,106.31,31356723,100.3827035261
2016-06-30,106.52,107.61,106.13,107.54,36300819,101.544125079454
2016-07-01,107.49,108.48,107.45,108.08,19902803,102.054017468732
2016-07-05,107.58,107.66,106.84,107.42,21167903,101.430815659615
2016-07-06,106.92,108.35,106.57,108.3,24579270,102.261751405104
2016-07-07,108.39,108.86,108.11,108.62,19161748,102.563909858009
2016-07-08,109.17,110.36,109.02,110.3,29457871,104.150241735762
2016-07-11,110.68,111.335,110.66,110.93,20218504,104.745116189919
2016-07-12,111.59,111.79,111.34,111.49,21906145,105.273893482503
2016-07-13,111.79,111.82,111.21,111.22,21107762,105.018947287864
2016-07-14,111.96,112.19,111.7,111.98,20870986,105.736573613514
2016-07-15,112.22,112.3,111.55,111.8,17999312,105.566609483755
2016-07-18,111.86,112.74,111.85,112.54,20713924,106.265350906098
2016-07-19,112.17,112.48,111.93,112.13,18936702,105.878210388313
2016-07-20,112.75,113.65,112.6,113.44,24997929,107.115171554894
2016-07-21,113.52,113.74,112.87,113.18,18885367,106.869667811908
2016-07-22,113.28,113.78,112.911,113.65,20003363,107.313463039613
2016-07-25,113.56,113.69,113.28,113.66,12968085,107.322905491266
2016-07-26,113.63,114.2,113.22,113.79,21223845,107.445657362759
2016-07-27,114.76,114.88,114.1,114.58,27646113,108.191611043369
2016-07-28,114.76,115.11,114.4,114.98,16939662,108.5693091095
2016-07-29,115.24,115.54,114.87,115.23,22385320,108.805370400832
2016-08-01,115.31,118.7799,115.17,115.84,13990077,109.381359951683
2016-08-02,115.68,115.77,114.22,114.96,21278383,108.550424206194
2016-08-03,114.88,115.35,114.8005,115.34,15011273,108.909237369019
2016-08-04,115.32,115.78,115.03,115.67,12835296,109.220838273577
2016-08-05,116.28,117.04,116.13,116.78,23196570,110.268950407092
2016-08-08,116.82,116.87,116.28,116.65,12358181,110.146198535599
2016-08-09,116.73,117.29,116.67,116.92,13276458,110.401144730238
2016-08-10,116.96,117.02,116.31,116.62,14688405,110.117871180639
2016-08-11,117.01,117.37,116.78,117.12,12969799,110.589993763304
2016-08-12,116.91,117.21,116.79,117.2,19379036,110.66553337653
2016-08-15,117.33,117.97,117.31,117.7,11777762,111.137655959194
2016-08-16,117.47,117.49,117.03,117.05,14161446,110.523896601731
2016-08-17,117.08,117.3,116.43,117.26,15980334,110.72218808645
2016-08-18,117.15,117.46,116.945,117.29,10036285,110.75051544141
2016-08-19,117.1,117.52,116.76,117.26,18742961,110.72218808645
2016-08-22,117.09,117.55,116.87,117.35,14500622,110.807170151329
2016-08-23,117.79,118.0095,117.51,117.56,11997927,111.005461636048
2016-08-24,117.49,117.64,116.41,116.8,17728656,110.287835310398
2016-08-25,116.48,116.97,116.36,116.61,24266264,110.108428728986
2016-08-26,116.66,117.54,116.08,116.78,23895963,110.268950407092
2016-08-29,116.81,117.251,116.79,116.94,11184872,110.420029633545
2016-08-30,116.73,117.09,116.16,116.56,19843301,110.06121647072
2016-08-31,116.38,116.56,115.95,116.44,16169794,109.94790705088
2016-09-01,116.48,116.88,115.91,116.74,20944727,110.231180600479
2016-09-02,117.32,117.56,116.68,117.12,18088215,110.589993763304
2016-09-06,117.29,117.85,117.06,117.85,18525231,111.279292733994
2016-09-07,117.95,118.12,117.47,117.92,17546872,111.345389895567
2016-09-08,117.57,117.6,116.92,117.23,20125319,110.69386073149
2016-09-09,116.23,116.51,114.26,114.28,50813287,107.90833749377
2016-09-12,113.64,116.49,113.63,116.33,39645960,109.844040082694
2016-09-13,115.73,116.09,114.73,115.29,45863935,108.862025110752
2016-09-14,115.43,116.47,115.38,115.84,28221762,109.381359951683
2016-09-15,115.89,117.815,115.86,117.64,39466531,111.081001249275
2016-09-16,117.22,117.412,116.71,117.29,27596527,111.028000768145
2016-09-19,117.57,117.95,116.55,116.78,16222870,110.545229173024
2016-09-20,117.19,117.48,116.8,117.0,18078584,110.753483586605
2016-09-21,117.48,118.32,116.81,118.15,31546776,111.842086203055
2016-09-22,118.85,119.22,118.7177,119.09,22614422,112.731900515631
2016-09-23,118.92,119.0,118.16,118.33,22213394,112.012476177803
2016-09-26,117.66,117.8,117.17,117.34,16403881,111.075331316686
2016-09-27,117.31,118.5552,117.15,118.5,20238432,112.173400042844
2016-09-28,118.62,118.77,118.09,118.7,14794330,112.362722237009
2016-09-29,118.51,118.72,117.3338,117.84,27207499,111.548636802099
2016-09-30,118.145,119.07,118.03,118.72,25543200,112.381654456425
2016-10-03,118.53,118.7,118.09,118.55,19216438,112.220730591385
2016-10-04,118.86,119.16,117.92,118.37,21239742,112.050340616636
2016-10-05,118.7,119.17,118.67,118.79,14481285,112.447917224383
2016-10-06,118.63,118.981,118.15,118.73,11987056,112.391120566134
2016-10-07,118.86,119.01,117.89,118.47,19984158,112.145001713719
2016-10-10,119.06,119.48,119.03,119.22,19687341,112.854959941838
2016-10-11,119.1,119.14,117.0,117.52,27774426,111.245721291435
2016-10-12,117.575,117.82,117.06,117.42,14267824,111.151060194352
2016-10-13,116.635,117.32,115.94,117.0,22821011,110.753483586605
2016-10-14,117.58,118.05,117.07,117.14,21313321,110.886009122521
2016-10-17,117.1,117.3,116.672,116.82,14182694,110.583093611857
2016-10-18,118.18,118.41,117.8,117.86,19276656,111.567569021515
2016-10-19,117.77,118.02,117.64,117.85,13702918,111.558102911807
2016-10-20,117.68,117.97,117.03,117.71,18132245,111.425577375892
2016-10-21,117.8,118.22,117.41,118.15,15707804,111.842086203055
2016-10-24,118.93,119.65,118.8918,119.57,19142985,113.186273781627
2016-10-25,119.62,119.66,119.01,119.19,20341835,112.826561612714
2016-10-26,118.41,119.03,118.03,118.38,20463696,112.059806726345
2016-10-27,118.9,118.99,117.67,117.84,19099790,111.548636802099
2016-10-28,117.47,118.11,116.74,117.1,35369254,110.848144683688
2016-10-31,117.53,117.53,116.93,116.99,18749357,110.744017476897
2016-11-01,117.19,117.21,115.1047,116.11,23498712,109.91099982257
2016-11-02,116.05,116.3,114.89,115.18,26960093,109.030651619703
2016-11-03,115.02,115.37,113.92,114.05,36205193,107.960981222669
2016-11-04,113.72,114.54,113.45,113.65,26997454,107.582336834339
2016-11-07,115.45,116.47,115.3,116.35,26591245,110.138186455569
2016-11-08,116.21,117.64,115.96,117.11,20777919,110.857610793396
2016-11-09,115.71,117.84,115.6,117.65,70234393,111.368780717642
2016-11-10,118.14,118.38,114.195,115.75,72825446,109.570219873073
2016-11-11,115.21,116.05,114.84,115.8,41115166,109.617550421614
2016-11-14,115.84,115.94,114.03,114.63,35905979,108.510015585748
2016-11-15,115.47,116.62,115.33,116.22,31796602,110.015127029361
2016-11-16,115.7,116.9932,115.67,116.91,16538132,110.668288599231
2016-11-17,116.86,117.78,116.61,117.76,20598553,111.472907924433
2016-11-18,117.83,118.1,117.21,117.32,16428659,111.056399097269
2016-11-21,117.6,118.65,117.57,118.54,20268547,112.211264481677
2016-11-22,118.9,119.19,118.61,118.9,18850641,112.552044431174
2016-11-23,118.51,118.64,117.9,118.42,22925954,112.097671165178
2016-11-25,118.56,118.85,118.42,118.8,7162785,112.457383334092
2016-11-28,118.64,119.08,118.4101,118.53,13479045,112.201798371969
2016-11-29,118.63,119.51,118.3,118.94,18552957,112.589908870007
2016-11-30,119.06,119.1335,117.46,117.5,30405342,111.226789072018
2016-12-01,117.46,117.47,115.29,115.47,39796590,109.305168801242
2016-12-02,115.57,116.16,115.22,115.7,32876845,109.522889324532
2016-12-05,116.32,117.06,115.77,116.6,21419667,110.374839198275
2016-12-06,116.88,117.08,116.39,116.88,27293348,110.639890270106
2016-12-07,116.64,118.51,116.2919,118.36,26622442,112.040874506928
2016-12-08,118.4,118.87,118.18,118.57,18578433,112.239662810802
2016-12-09,119.03,119.5402,119.0,119.5,21863133,113.120011013669
2016-12-12,118.95,119.21,118.47,118.96,23259310,112.608841089424
2016-12-13,119.35,121.11,119.32,120.46,54477889,114.028757545662
2016-12-14,120.56,121.0,119.86,120.21,28745991,113.792104802956
2016-12-15,120.37,121.11,120.08,120.4,22762305,113.971960887413
2016-12-16,120.28,120.5817,119.36,119.6,26283907,113.550662208737
2016-12-19,119.74,120.83,119.55,120.09,21138658,114.015878132502
2016-12-20,120.43,120.77,120.33,120.55,11461799,114.452611448689
2016-12-21,120.57,120.68,120.19,120.46,7079300,114.367163625957
2016-12-22,120.46,120.5,119.65,120.12,16644996,114.044360740079
2016-12-23,119.96,120.25,119.81,120.2,9007470,114.120314360286
2016-12-27,120.44,121.52,120.41,120.82,16110554,114.708954916886
2016-12-28,121.06,121.19,119.795,119.88,17975235,113.81649987946
2016-12-29,119.86,120.13,119.33,119.71,13267519,113.655098436521
2016-12-30,119.93,119.95,118.14,118.48,41749028,112.487311525846
2017-01-03,119.31,119.99,118.89,119.54,22307608,113.493696993582
2017-01-04,119.67,120.41,119.6561,120.19,19749074,114.11082015776
2017-01-05,120.16,120.95,120.1,120.87,20644254,114.756425929515
2017-01-06,120.99,122.25,120.685,121.93,24074305,115.762811397252
2017-01-09,122.03,122.55,121.95,122.33,18909234,116.142579498284
2017-01-10,122.37,122.97,122.1,122.6,16176631,116.398922966481
2017-01-11,122.63,122.93,122.02,122.93,20685983,116.712231649833
2017-01-12,122.49,122.819,121.6,122.74,19622511,116.531841801843
2017-01-13,122.81,123.37,122.8,123.16,16930803,116.930598307927
2017-01-17,122.79,123.03,122.4342,122.79,14538484,116.579312814472
2017-01-18,122.96,123.16,122.66,123.04,12499663,116.816667877617
2017-01-19,123.19,123.65,122.72,122.98,12710659,116.759702662462
2017-01-20,123.51,123.83,122.92,123.25,22091039,117.016046130659
2017-01-23,123.16,123.53,122.57,123.35,17434167,117.110988155917
2017-01-24,123.59,124.37,123.3847,124.18,17640869,117.89900696556
2017-01-25,124.94,125.46,124.85,125.43,15036221,119.085782281287
2017-01-26,125.59,125.82,125.3438,125.56,16052150,119.209206914122
2017-01-27,125.8,125.9211,125.39,125.8,15052983,119.437067774742
2017-01-30,125.37,125.38,124.13,124.82,25006715,118.506635927212
2017-01-31,124.4,124.6,123.85,124.57,19091133,118.269280864067
2017-02-01,125.42,125.68,124.86,125.43,22861876,119.085782281287
2017-02-02,125.21,125.7,124.86,125.32,15101363,118.981346053503
2017-02-03,125.49,125.81,125.33,125.68,16957154,119.323137344432
2017-02-06,125.42,125.85,125.35,125.83,11630139,119.465550382319
2017-02-07,126.06,126.55,125.97,126.29,17541101,119.902283698507
2017-02-08,126.12,126.68,125.88,126.5,12569147,120.101661951549
2017-02-09,126.63,127.24,126.56,126.96,17542726,120.538395267736
2017-02-10,127.2,127.56,127.02,127.38,13915697,120.93715177382
2017-02-13,127.76,128.26,127.7199,128.1,19120150,121.620734355679
2017-02-14,128.15,128.535,127.74,128.53,16333480,122.028985064289
2017-02-15,128.44,129.35,128.37,129.29,17891355,122.750544456251
2017-02-16,129.36,129.63,128.92,129.25,15098286,122.712567646148
2017-02-17,129.09,129.82,129.04,129.81,15563730,123.244242987593
2017-02-21,130.03,130.53,129.99,130.45,18479628,123.851871949245
2017-02-22,130.32,130.59,130.111,130.5,12110876,123.899342961874
2017-02-23,130.7,130.7,129.49,130.01,17489023,123.434127038109
2017-02-24,129.47,130.26,129.38,130.26,18624489,123.671482101255
2017-02-27,130.02,130.43,129.8,130.42,12008672,123.823389341668
2017-02-28,130.39,130.45,129.66,130.02,16598581,123.443621240635
2017-03-01,130.81,131.68,130.6,131.44,25813827,124.791797999301
2017-03-02,131.43,131.43,130.62,130.78,19951386,124.165180632597
2017-03-03,130.65,131.06,130.341,131.02,13722749,124.393041493217
2017-03-06,130.56,130.95,130.21,130.73,12026151,124.117709619968
2017-03-07,130.45,131.08,130.28,130.51,15500945,123.9088371644
2017-03-08,130.57,131.15,130.46,130.74,15776027,124.127203822494
2017-03-09,130.71,131.02,130.14,130.84,20855253,124.222145847752
2017-03-10,131.42,131.6,130.82,131.39,21922601,124.744326986672
2017-03-13,131.34,131.64,131.27,131.61,10731575,124.95319944224
2017-03-14,131.31,131.36,130.76,131.29,14019689,124.649384961414
2017-03-15,131.58,132.405,131.14,132.1,22709139,125.418415366005
2017-03-16,132.33,132.35,131.71,132.01,18457291,125.332967543272
2017-03-17,131.86,132.04,131.62,131.69,21234529,125.289436624691
2017-03-20,131.65,132.11,131.4601,131.81,10105210,125.403604233431
2017-03-21,132.31,132.43,129.73,129.81,35841897,123.500810754432
2017-03-22,129.89,130.82,129.68,130.69,29177883,124.338039885192
2017-03-23,130.52,130.88,130.14,130.36,20311655,124.024078961157
2017-03-24,130.78,131.29,130.13,130.63,22967566,124.280956080822
2017-03-27,129.73,131.07,129.4,130.84,18472445,124.480749396117
2017-03-28,130.81,132.03,130.55,131.64,23721947,125.241866787716
2017-03-29,131.73,132.3,131.59,132.25,13709968,125.822218798811
2017-03-30,132.22,132.61,132.08,132.47,16092374,126.031526081501
2017-03-31,132.27,132.74,132.125,132.38,19841411,125.945900374946
2017-04-03,132.48,132.81,131.56,132.3,23700310,125.869788635786
2017-04-04,131.9,132.53,131.87,132.51,13400022,126.069581951081
2017-04-05,132.68,133.48,131.72,131.97,32011155,125.555827711751
2017-04-06,132.12,132.39,131.7,132.04,18832193,125.622425483516
2017-04-07,131.99,132.37,131.5,131.97,16726191,125.555827711751
2017-04-10,132.11,132.565,131.6564,132.02,15619276,125.603397548726
2017-04-11,131.86,132.095,130.5,131.45,33778359,125.061101407211
2017-04-12,131.45,131.54,130.78,130.92,15955195,124.556861135277
2017-04-13,130.75,131.51,130.38,130.4,23683020,124.062134830737
2017-04-17,130.8,131.5,130.72,131.48,13325508,125.089643309396
2017-04-18,131.01,131.66,130.95,131.28,12841087,124.899363961497
2017-04-19,131.85,132.29,131.31,131.49,17764817,125.099157276791
2017-04-20,132.04,132.88,131.82,132.59,21977910,126.145693690241
2017-04-21,132.7,132.76,132.22,132.56,22454948,126.117151788056
2017-04-24,134.02,134.285,133.8042,134.16,22444504,127.639386571255
2017-04-25,134.58,135.3664,134.48,135.13,19384398,128.56224140857
2017-04-26,135.17,135.51,134.86,134.94,25398542,128.381476028065
2017-04-27,135.28,135.75,135.19,135.75,16136538,129.152107387059
2017-04-28,136.28,136.34,135.77,135.99,22771946,129.380442604539
2017-05-01,136.46,137.38,136.38,137.2,24815525,130.531632659334
2017-05-02,137.38,137.49,137.02,137.43,18345071,130.750453909419
2017-05-03,137.14,137.17,136.615,136.99,23827550,130.331839344039
2017-05-04,137.01,137.43,136.56,137.04,14630063,130.379409181014
2017-05-05,137.39,137.54,136.88,137.54,19330652,130.855107550764
2017-05-08,137.61,137.84,137.33,137.84,13279931,131.140526572613
2017-05-09,138.05,138.628,137.93,138.32,28426109,131.597197007573
2017-05-10,138.4,138.45,137.91,138.4,20499363,131.673308746733
2017-05-11,138.03,138.33,137.38,138.29,27232074,131.568655105388
2017-05-12,138.37,138.63,138.23,138.6,19738629,131.863588094633
2017-05-15,138.63,139.12,138.53,139.04,20481327,132.282202660013
2017-05-16,139.36,139.64,138.99,139.62,21785994,132.834012768923
2017-05-17,138.55,138.77,136.05,136.07,55642178,129.456554343699
2017-05-18,136.06,137.72,135.87,137.26,41319882,130.588716463704
2017-05-19,137.71,138.42,137.66,137.84,36730112,131.140526572613
2017-05-22,138.14,139.075,138.0967,139.0,19509659,132.244146790433
2017-05-23,139.42,139.42,138.7801,139.14,19687534,132.377342333963
2017-05-24,139.56,139.85,139.17,139.78,16065013,132.986236247242
2017-05-25,140.315,141.33,140.01,140.97,23928591,134.118398367247
2017-05-26,141.0,141.28,140.81,141.22,13851582,134.356247552122
2017-05-30,141.13,141.505,141.06,141.34,20306409,134.470415160862
2017-05-31,141.8,141.84,140.57,141.29,33229404,134.422845323887
2017-06-01,141.57,141.9,140.98,141.84,20099562,134.946113530611
2017-06-02,142.34,143.49,142.11,143.46,37222881,136.487376248601
2017-06-05,143.44,143.68,143.23,143.43,15727526,136.458834346416
2017-06-06,143.28,143.73,142.65,142.86,22393024,135.916538204901
2017-06-07,143.23,143.54,142.6,143.42,18842408,136.449320379021
2017-06-08,143.74,143.8,142.79,143.57,25417408,136.592029889946
2017-06-09,143.74,143.9,138.11,139.98,109783700,133.176515595142
2017-06-12,138.84,139.48,137.47,139.23,104453977,132.462968040518
2017-06-13,140.01,140.56,139.28,140.36,51193010,133.538046356152
2017-06-14,140.92,140.93,138.62,139.75,60093764,132.957694345057
2017-06-15,138.35,139.28,137.49,139.13,55145160,132.367828366568
2017-06-16,138.72,138.777,137.638,138.15,48087413,131.79548711602
2017-06-19,139.45,140.59,139.28,140.46,39626533,133.999233588969
2017-06-20,140.31,140.5,139.31,139.36,40935078,132.949830506612
2017-06-21,139.66,140.81,139.59,140.74,35743366,134.266354373569
2017-06-22,140.94,141.22,140.34,140.7,24099115,134.228194261484
2017-06-23,140.53,141.42,140.15,141.24,21654314,134.743355774641
2017-06-26,142.0,142.29,140.27,140.58,34411094,134.113713925227
2017-06-27,140.07,140.22,138.02,138.03,65957819,131.681006779763
2017-06-28,138.54,140.14,137.74,140.02,57427180,133.579472356027
2017-06-29,139.4,139.44,136.25,137.59,88769351,131.26124554682
2017-06-30,138.0,138.6687,137.19,137.64,68898255,131.308945686927
2017-07-03,138.270004,138.429993,136.100006,136.190002,32797000,129.925643531826
2017-07-05,136.57,137.9,136.16,137.53,42116584,131.204005378691
2017-07-06,136.47,137.06,135.8,136.29,48430476,130.021041904034
2017-07-07,136.74,138.13,136.74,137.76,36970402,131.423426023184
2017-07-10,137.84,138.985,137.5,138.66,24853545,132.282028545112
2017-07-11,138.44,139.22,137.94,139.05,31517660,132.654089637948
2017-07-12,140.21,140.86,139.955,140.7,36045799,134.228194261484
2017-07-13,140.85,141.35,140.6,141.01,31073595,134.523935130148
2017-07-14,141.57,142.3,141.19,142.12,34544847,135.582878240526
2017-07-17,142.25,142.69,141.92,142.19,25343155,135.649658436676
2017-07-18,142.06,143.17,141.64,143.14,25651280,136.555961098712
2017-07-19,143.53,144.19,143.5,143.98,33752309,137.357323452512
2017-07-20,144.31,144.44,143.52,144.17,36139449,137.538583984919
2017-07-21,143.62,144.11,143.35,144.11,39697094,137.48134381679
2017-07-24,144.07,144.87,143.92,144.77,26712732,138.110985666205
2017-07-25,144.29,144.74,144.01,144.4,28120884,137.758004629412
2017-07-26,144.74,144.95,144.53,144.87,18610634,138.206385946419
2017-07-27,145.86,145.96,142.3,143.96,80665866,137.338243396469
2017-07-28,143.14,144.0752,142.87,143.84,38013176,137.223763060212
2017-07-31,144.22,144.43,142.92,143.23,33848645,136.641821350905
2017-08-01,143.7,143.76,143.12,143.56,20149421,136.956642275612
2017-08-02,144.45,144.52,142.61,143.95,41769667,137.328703368448
2017-08-03,144.17,144.17,143.13,143.39,27077574,136.794461799248
2017-08-04,143.65,143.97,143.06,143.65,29472909,137.042502527805
2017-08-07,143.89,144.56,143.71,144.56,17933942,137.910645077755
2017-08-08,144.27,145.47,143.9,144.31,30810364,137.672144377219
2017-08-09,143.14,144.19,142.795,144.12,36169473,137.490883844812
2017-08-10,143.33,143.4,140.89,141.03,63331663,134.543015186191
2017-08-11,141.24,142.41,140.9,142.1,45862488,135.563798184483
2017-08-14,143.23,144.15,143.19,143.93,34048099,137.309623312405
2017-08-15,144.22,144.302,143.64,144.03,25509181,137.405023592619
2017-08-16,144.37,144.96,143.8007,144.28,31913002,137.643524293155
2017-08-17,143.73,143.94,141.33,141.33,70190975,134.829216026834
2017-08-18,141.43,142.2,140.65,141.23,60673232,134.733815746619
2017-08-21,141.23,141.53,140.18,141.05,37111487,134.562095242234
2017-08-22,141.8,143.35,141.76,143.2,36294232,136.61320126684
2017-08-23,142.5,143.01,142.38,142.69,25587860,136.126659837748
2017-08-24,143.03,143.17,141.47,142.27,38160803,135.725978660848
2017-08-25,142.8,143.18,141.78,141.97,26380436,135.439777820205
2017-08-28,142.41,142.74,141.9501,142.41,15362141,135.859539053148
2017-08-29,141.18,143.21,141.06,142.97,24498333,136.393780622348
2017-08-30,143.11,144.89,143.0,144.65,33642716,137.996505329947
2017-08-31,145.03,146.21,144.98,146.2,38480747,139.475209673269
2017-09-01,146.36,146.585,145.61,146.0,22293553,139.28440911284
2017-09-05,145.55,145.88,143.6,144.69,45480562,138.034665442033
2017-09-06,145.06,145.46,144.08,145.13,30722723,138.454426674976
2017-09-07,145.4,145.84,144.94,145.47,22721131,138.778787627705
2017-09-08,145.28,145.35,144.06,144.21,27890115,137.576744097005
2017-09-11,145.3,146.12,145.3,145.87,27126332,139.160388748562
2017-09-12,146.25,146.41,145.53,146.22,30256661,139.494289729312
2017-09-13,145.95,146.44,145.73,146.42,28450864,139.68509028974
2017-09-14,145.85,146.2869,145.47,145.56,35296413,138.864647879897
2017-09-15,145.56,146.59,145.29,146.06,46422402,139.341649280969
2017-09-18,145.88,146.37,145.11,145.55,24858157,139.159797266824
2017-09-19,145.81,146.01,145.31,145.8,20871237,139.398821308849
2017-09-20,145.75,145.91,144.23,145.35,34236155,138.968578033204
2017-09-21,145.25,145.26,143.95,144.46,28841835,138.117652443596
2017-09-22,144.0,144.53,143.855,144.32,21702401,137.983798980062
2017-09-25,143.75,143.8299,142.1,142.8,54947712,136.530532804552
2017-09-26,143.51,143.8,142.67,143.17,29612794,136.884288386748
2017-09-27,143.93,145.0,143.57,144.46,33249403,138.117652443596
2017-09-28,144.14,144.5566,143.78,144.41,24149422,138.069847635191
2017-09-29,144.7,145.555,144.32,145.45,43102366,139.064187650014
2017-10-02,145.67,146.17,144.93,145.58,27246253,139.188480151867
2017-10-03,145.74,146.06,145.45,145.89,19715152,139.484869963978
2017-10-04,145.6,146.34,145.47,146.03,26381099,139.618723427512
2017-10-05,146.54,147.54,146.4063,147.46,31562353,140.985940947894
2017-10-06,146.97,147.66,146.96,147.66,23546199,141.177160181513
2017-10-09,147.86,148.0093,147.3,147.49,13704835,141.014623832937
2017-10-10,147.98,148.14,146.95,147.6,19223092,141.119794411427
2017-10-11,147.53,148.07,147.34,148.04,12439051,141.540476725391
2017-10-12,147.84,148.355,147.615,147.77,14513477,141.282330760004
2017-10-13,148.4,148.51,147.7772,148.34,18409888,141.827305575821
2017-10-16,148.7,148.89,148.3928,148.85,21809410,142.314914621551
2017-10-17,148.79,149.06,148.57,149.04,13138157,142.49657289349
2017-10-18,149.21,149.21,148.64,148.86,17218243,142.324475583232
2017-10-19,148.02,148.33,147.27,148.31,27680285,141.798622690778
2017-10-20,148.91,149.04,148.53,148.71,30173268,142.181061158017
2017-10-23,149.01,149.03,147.53,147.74,29297126,141.253647874961
2017-10-24,148.0,148.3,147.44,147.99,20289467,141.492671916986
2017-10-25,147.7,148.18,146.33,147.43,36104741,140.957258062851
2017-10-26,147.36,147.705,146.92,146.96,28230199,140.507892863844
2017-10-27,149.33,151.52,149.2,151.24,60165127,144.599984463308
2017-10-30,151.08,152.19,150.9899,151.58,31733386,144.925057160462
2017-10-31,152.04,152.37,151.63,152.15,25680894,145.470031976278
2017-11-01,152.75,152.83,151.5,152.1,29481569,145.422227167873
2017-11-02,151.92,151.99,150.77,151.81,31017426,145.144959279125
2017-11-03,152.39,153.29,151.84,153.27,26199249,146.540859684549
2017-11-06,153.13,153.85,153.1,153.79,28684758,147.038029691961
2017-11-07,153.67,154.0823,153.34,153.88,21333062,147.12407834709
2017-11-08,153.81,154.54,153.62,154.5,16732173,147.716857971311
2017-11-09,153.26,153.77,152.11,153.69,40459520,146.942420075151
2017-11-10,153.36,153.8,153.06,153.68,20150762,146.93285911347
2017-11-13,153.12,154.0693,153.1,153.87,12468169,147.114517385409
2017-11-14,153.31,153.5,152.57,153.31,25050308,146.579103531273
2017-11-15,152.61,153.0,151.78,152.59,24762217,145.890714290242
2017-11-16,153.38,154.89,153.33,154.54,34729258,147.755101818035
2017-11-17,154.58,154.69,153.8,153.95,28725800,147.191005078857
2017-11-20,154.08,154.2,153.61,153.83,21126898,147.076273538685
2017-11-21,154.56,155.57,154.49,155.5,20147763,148.67295413941
2017-11-22,155.63,155.84,155.341,155.69,17254888,148.854612411349
2017-11-24,155.86,156.31,155.76,156.26,8280586,149.399587227166
2017-11-27,156.2,156.56,155.83,156.19,22653389,149.332660495399
2017-11-28,156.52,156.69,155.7,156.59,24446088,149.715098962638
2017-11-29,156.41,156.45,153.12,153.86,71986338,147.104956423728
2017-11-30,154.51,155.45,154.15,155.15,56595465,148.338320480576
2017-12-01,154.2,155.24,152.26,154.49,59015828,147.70729700963
2017-12-04,155.47,155.625,152.56,152.71,51243858,146.005445830414
2017-12-05,152.64,154.55,152.1,152.81,40555384,146.101055447224
2017-12-06,152.26,153.735,152.06,153.5,28566078,146.760761803212
2017-12-07,153.49,154.46,153.33,154.02,32666207,147.257931810624
2017-12-08,155.15,155.53,154.46,154.7,28081666,147.908077204931
2017-12-11,154.77,155.95,154.76,155.9,20821528,149.05539260665
2017-12-12,155.83,156.15,155.36,155.69,20310252,148.854612411349
2017-12-13,156.32,156.49,155.76,155.99,24418479,149.141441261779
2017-12-14,156.26,156.66,155.71,155.88,24594682,149.036270683288
2017-12-15,156.49,157.82,156.23,157.65,49816151,150.728560900823
2017-12-18,158.36,158.77,158.07,158.64,26844519,151.990043745975
2017-12-19,158.34,158.5,157.26,157.7,31414968,151.089447168055
2017-12-20,158.25,158.28,156.91,157.53,38972602,150.926573318857
2017-12-21,157.75,158.25,157.37,157.55,18638679,150.945734948174
2017-12-22,157.31,157.43,156.95,157.37,23330440,150.773280284317
2017-12-26,156.49,156.72,155.95,156.52,21918720,149.958911038326
2017-12-27,156.53,156.96,156.39,156.54,22388186,149.978072667643
2017-12-28,157.04,157.07,156.54,156.73,25393825,150.160108146159
2017-12-29,156.87,156.9,155.7,155.76,33185962,149.230769124263
2018-01-02,156.56,158.53,156.17,158.49,32573272,151.846331526094
2018-01-03,158.64,160.17,158.61,160.03,29383557,153.321776983537
2018-01-04,160.58,160.79,160.08,160.31,24776125,153.590039793982
2018-01-05,161.07,162.03,160.77,161.92,26992340,155.132550954036
2018-01-08,161.92,162.63,161.86,162.55,23159061,155.736142277536
2018-01-09,162.87,163.04,162.07,162.56,24782448,155.745723092194
2018-01-10,161.84,162.21,161.12,162.18,34004028,155.381652135163
2018-01-11,162.48,163.3,162.21,163.29,20473518,156.445122562281
2018-01-12,163.15,164.66,162.94,164.49,37762708,157.594820321328
2018-01-16,165.58,166.42,163.53,164.02,41231849,157.144522032368
2018-01-17,164.8,166.04,164.0,165.79,33849879,158.840326226962
2018-01-18,165.53,166.2,165.14,165.82,26432166,158.869068670938
2018-01-19,166.31,166.61,165.54,166.34,38937588,159.367271033191
2018-01-22,166.28,168.12,166.09,168.12,26081388,161.072656042444
2018-01-23,168.64,169.66,168.56,169.51,37989650,162.404389280006
2018-01-24,169.87,170.24,167.44,168.41,54287377,161.350499667547
2018-01-25,169.57,169.63,167.81,168.35,28924956,161.293014779595
2018-01-26,169.29,170.95,168.96,170.93,32038184,163.764864961545
2018-01-29,170.57,170.91,169.74,170.1,37277849,162.969657344871
2018-01-30,168.55,169.42,167.82,168.7,44987688,161.62834329265
2018-01-31,169.65,169.99,168.34,169.4,42449199,162.299000318761
2018-02-01,168.1,169.73,167.42,167.96,38037875,160.919363007905
2018-02-02,167.34,167.7,164.47,164.61,68478082,157.709790097232
2018-02-05,163.07,165.75,158.0,158.12,105372224,151.491841383721
2018-02-06,155.81,162.51,155.1,162.31,118537891,155.506202725726
2018-02-07,161.79,163.55,160.2,160.21,91028328,153.494231647395
2018-02-08,160.62,160.8,153.45,153.45,94184831,147.017600938098
2018-02-09,155.66,157.24,150.125,156.1,113836554,149.55651682266
2018-02-12,157.7,159.95,156.46,158.87,63050637,152.210402483126
2018-02-13,157.96,160.01,157.72,159.69,31785595,152.996029285141
2018-02-14,158.75,162.93,158.0,162.68,52107431,155.860692868099
2018-02-15,164.14,165.7,162.44,165.7,51633887,158.754098895033
2018-02-16,165.16,166.76,164.68,164.96,62256291,158.045118610288
2018-02-20,164.38,166.68,164.31,165.29,36785626,158.361285494026
2018-02-21,166.1,167.72,164.72,164.82,41161779,157.910987205066
2018-02-22,165.54,166.42,164.38,164.8,37074413,157.891825575748
2018-02-23,166.13,168.17,165.45,168.17,50096916,161.120560115738
2018-02-26,168.96,170.4,168.82,170.4,39266658,163.257081784633
2018-02-27,170.45,170.73,168.21,168.29,42209873,161.235529891642
2018-02-28,169.25,169.8,167.1,167.21,42936334,160.2008019085
2018-03-01,167.3,168.07,163.0,164.48,76809904,157.585239506669
2018-03-02,162.5,166.28,161.96,165.99,57445063,159.031942520136
2018-03-05,165.21,168.26,164.59,167.83,38540207,160.794812417341
2018-03-06,168.65,169.11,167.48,168.54,29480927,161.47505025811
2018-03-07,167.25,169.07,166.96,168.93,34609407,161.848702029801
2018-03-08,169.63,169.98,168.95,169.86,25828371,162.739717793062
2018-03-09,171.07,173.16,170.82,173.16,38310546,165.90138663044
2018-03-12,173.67,174.48,173.28,174.08,37634971,166.782821579043
2018-03-13,174.48,175.21,171.27,171.71,55638925,164.512168504925
2018-03-14,172.61,172.74,170.93,171.68,40536383,164.483426060949
2018-03-15,171.8,172.53,170.9,171.53,28810366,164.339713841068
2018-03-16,171.82,172.2,170.94,171.02,31176742,163.851092293474
2018-03-19,169.1,169.22,165.64,167.1,71395061,160.360370376641
2018-03-20,167.17,168.04,166.61,167.65,34075664,160.888187274949
2018-03-21,167.21,168.76,166.19,166.92,43863543,160.187630300832
2018-03-22,164.61,165.77,162.59,162.8,66607288,156.233801898966
2018-03-23,162.61,163.06,158.43,158.51,80110392,152.116830092169
2018-03-26,161.72,164.6,159.16,164.4,57481503,157.769269239496
2018-03-27,165.62,165.62,157.68,159.08,78889105,152.663840332233
2018-03-28,158.17,159.78,156.04,157.25,89369655,150.907649561501
2018-03-29,158.1,161.71,156.63,160.13,68692566,153.671490774456
2018-04-02,158.99,159.74,153.88,155.51,85549443,149.237828828674
2018-04-03,156.87,157.92,154.44,157.26,64090049,150.917246232379
2018-04-04,154.22,160.23,154.04,159.74,65768692,153.297220610202
2018-04-05,161.33,161.58,159.48,160.65,43054868,154.170517660128
2018-04-06,158.88,160.46,155.88,156.63,59870865,150.312655967046
2018-04-09,157.98,160.88,157.46,157.73,41810380,151.36828976366
2018-04-10,160.21,161.73,159.07,161.21,48601323,154.707931229314
2018-04-11,160.2,162.0,160.1,160.28,41622139,153.815440837631
2018-04-12,161.25,162.77,161.16,162.21,30467889,155.667598317145
2018-04-13,163.02,163.26,160.67,161.37,44604892,154.861477963367
2018-04-16,162.5,163.19,161.48,162.6,28180780,156.0418684814
2018-04-17,164.24,166.46,163.91,166.1,35536087,159.40070328881
2018-04-18,166.1,167.0,165.31,166.44,29573880,159.726990098673
2018-04-19,165.6,165.99,164.34,164.91,34705692,158.25869945429
2018-04-20,164.49,164.61,161.73,162.3,49197140,155.75396835505
2018-04-23,163.09,163.73,161.02,161.89,33040646,155.360504849039
2018-04-24,162.66,162.91,157.39,158.46,70256751,152.068846737777
2018-04-25,158.74,159.31,156.47,158.65,52089323,152.251183484465
2018-04-26,160.7,162.53,160.18,161.99,43005532,155.456471557822
2018-04-27,164.37,164.41,161.17,162.09,51043406,155.552438266606
2018-04-30,162.47,163.48,160.54,160.94,35615273,154.448821115599
2018-05-01,160.52,162.8,160.14,162.78,36513529,156.214608557209
2018-05-02,163.06,163.57,161.63,161.82,38646842,155.293328152891
2018-05-03,161.0,162.4,159.22,161.8,60337134,155.274134811134
2018-05-04,161.1,165.25,160.98,164.87,41543243,158.220312770777
2018-05-07,165.64,166.78,165.51,166.24,32500152,159.535056681106
2018-05-08,165.89,166.43,164.86,166.07,26040170,159.371913276175
2018-05-09,166.37,168.0,165.78,167.88,29122718,161.10891070515
2018-05-10,168.42,169.74,168.29,169.62,27067597,162.778731437977
2018-05-11,169.42,169.86,168.72,169.46,24688847,162.625184703924
2018-05-14,169.85,170.82,169.47,169.75,21821749,162.903488159395
2018-05-15,168.41,168.5,166.98,167.87,49361638,161.099314034272
2018-05-16,168.09,169.37,168.01,168.98,22941159,162.164544501765
2018-05-17,168.39,169.61,167.51,168.33,27480164,161.540760894674
2018-05-18,167.68,168.26,167.21,167.46,26217939,160.705850528261
2018-05-21,168.76,169.5,167.68,168.4,22954565,161.607937590822
2018-05-22,169.17,169.45,167.88,168.18,19477721,161.396810831499
2018-05-23,166.88,169.62,166.88,169.6,26557835,162.75953809622
2018-05-24,169.55,169.85,167.84,169.55,27696539,162.711554741828
2018-05-25,169.53,170.33,169.21,169.72,27460536,162.87469814676
2018-05-29,168.95,169.92,167.96,168.97,41220468,162.154947830886
2018-05-30,169.58,170.48,169.22,170.18,22665836,163.316145007162
2018-05-31,170.18,171.2,169.63,170.07,35670946,163.210581627501
2018-06-01,170.92,172.84,170.87,172.74,45543331,165.772892752011
2018-06-04,173.18,174.34,173.07,174.3,20459634,167.269973409028
2018-06-05,174.71,175.13,174.07,174.84,24779284,167.788193636457
2018-06-06,175.02,175.89,174.14,175.86,25036647,168.767054066045
2018-06-07,175.89,175.93,173.55,174.43,39600316,167.394730130446
2018-06-08,173.61,174.88,173.18,174.44,31780348,167.404326801324
2018-06-11,174.31,175.34,174.28,174.91,22319709,167.855370332605
2018-06-12,175.15,176.0,174.96,175.83,22511832,168.73826405341
2018-06-13,176.1,177.14,175.43,175.82,37858584,168.728667382532
2018-06-14,176.63,177.89,176.5,177.6,35915978,170.436874798872
2018-06-15,176.93,177.33,176.11,176.98,49615730,169.841881204416
2018-06-18,175.49,176.65,174.94,176.5,31633192,169.74435023828
2018-06-19,174.27,176.04,173.71,176.0,38235994,169.263488056302
2018-06-20,176.81,177.98,176.65,177.25,33038042,170.465643511247
2018-06-21,177.7,177.88,175.37,175.71,43469439,168.984587990755
2018-06-22,176.3,176.37,174.69,175.32,30073187,168.609515488812
2018-06-25,173.73,173.99,169.81,171.37,77799725,164.810704251184
2018-06-26,172.0,173.06,171.37,172.07,39008146,165.483911305954
2018-06-27,172.8,173.58,169.61,169.73,52843497,163.233476294296
2018-06-28,169.52,171.77,169.17,171.19,46407708,164.637593865672
2018-06-29,172.01,172.92,171.4,171.65,36408464,165.079987073092
2018-07-02,170.04,172.85,169.67,172.8,31770026,166.185970091642
2018-07-03,173.45,173.45,170.63,170.8,25512707,164.262521363729
2018-07-05,171.91,173.06,171.03,172.92,31626198,166.301377015317
2018-07-06,173.32,175.74,173.0,175.61,37005574,168.888415554359
2018-07-09,176.52,177.23,175.82,177.19,27362061,170.40794004941
2018-07-10,177.52,177.72,176.71,177.32,23902488,170.532964216724
2018-07-11,175.93,177.07,175.8,176.42,30280553,169.667412289164
2018-07-12,177.2,179.46,177.08,179.46,27930119,172.591054355591
2018-07-13,179.45,179.9,178.95,179.61,28067961,172.735313010184
2018-07-16,179.65,179.95,178.88,179.18,21405310,172.321771533683
2018-07-17,177.28,180.65,177.28,180.27,31034075,173.370051090395
2018-07-18,180.29,180.44,179.38,179.93,23220839,173.04306480665
2018-07-19,179.28,179.88,178.82,179.03,31094145,172.177512879089
2018-07-20,179.62,180.17,178.79,178.99,35907619,172.139043904531
2018-07-23,178.46,179.64,177.74,179.56,22184720,172.687226791986
2018-07-24,181.41,182.05,179.56,180.3,36900281,173.398902821314
2018-07-25,180.38,182.93,180.29,182.82,36022078,175.822448218484
2018-07-26,180.35,180.92,179.81,180.05,40873485,173.158471730325
2018-07-27,181.19,181.31,176.6,177.62,59456093,170.821481525911
2018-07-30,177.63,177.73,174.27,175.11,60192990,168.407553372381
2018-07-31,175.8,177.13,174.82,176.45,47285135,169.696264020082
2018-08-01,176.86,177.65,176.1,177.12,37101925,170.340619343933
2018-08-02,175.87,179.74,175.79,179.53,47178229,172.658375061068
2018-08-03,179.87,180.09,179.08,180.08,28934445,173.187323461243
2018-08-06,179.96,181.19,179.74,181.14,24808763,174.206751287037
2018-08-07,181.65,182.14,181.26,181.8,29895664,174.841489367248
2018-08-08,181.55,182.35,181.06,182.02,22680749,175.053068727319
2018-08-09,181.94,182.63,181.64,181.91,18852898,174.947279047283
2018-08-10,180.68,181.22,179.84,180.52,33818464,173.610482181384
2018-08-13,180.88,182.01,180.24,180.32,26089195,173.418137308593
2018-08-14,181.01,181.66,180.04,181.45,20913021,174.504885839864
2018-08-15,180.01,180.58,178.12,179.23,58528016,172.369857751881
2018-08-16,180.61,180.99,179.47,179.82,27711761,172.937275126615
2018-08-17,179.35,180.31,178.27,179.86,36092641,172.975744101173
2018-08-20,180.26,180.33,179.0,179.7,24938956,172.82186820294
2018-08-21,180.24,181.44,180.13,180.36,26258657,173.456606283151
2018-08-22,179.98,181.27,179.75,181.06,18042380,174.129813337921
2018-08-23,180.74,182.05,180.5,180.8,25776166,173.879765003292
2018-08-24,181.4,182.63,181.36,182.48,23136113,175.495461934739
2018-08-27,183.4,184.34,183.11,184.34,29343552,177.284269251697
2018-08-28,184.83,185.02,184.22,184.61,20277036,177.543934829965
2018-08-29,184.93,186.84,184.86,186.74,29175591,179.592407725192
2018-08-30,186.38,187.52,185.79,186.41,29315453,179.275038685087
2018-08-31,186.18,187.18,185.98,186.65,28653248,179.505852532436
2018-09-04,186.08,186.4,184.85,185.85,29063537,178.736473041271
2018-09-05,185.52,185.55,182.82,183.45,42623326,176.428334567776
2018-09-06,183.53,183.75,180.58,181.81,46091403,174.851106610888
2018-09-07,180.5,182.67,180.44,181.11,46629495,174.177899556118
2018-09-10,182.15,182.25,180.73,181.72,26131977,174.764551418132
2018-09-11,180.99,183.42,180.52,183.12,30116460,176.110965527671
2018-09-12,182.85,182.98,181.01,182.58,36203973,175.591634371134
2018-09-13,183.72,184.88,183.64,184.53,31133188,177.466996880849
2018-09-14,184.66,184.95,183.26,183.99,31224132,176.947665724312
2018-09-17,183.68,183.81,181.17,181.34,33071197,174.399096159828
2018-09-18,181.49,183.73,181.4,182.84,31877347,175.841682705763
2018-09-19,182.87,183.3,181.51,182.7,31843377,175.707041294809
2018-09-20,183.96,184.97,183.52,184.72,33295820,177.649724510001
2018-09-21,185.22,185.48,183.48,183.71,38605353,176.678382902405
2018-09-24,182.05,183.96,181.3,183.89,34945602,177.168621896931
2018-09-25,183.81,184.28,183.18,184.14,25277520,177.409484126929
2018-09-26,184.3,185.99,183.91,184.27,36210571,177.534732486528
2018-09-27,185.02,186.49,184.92,185.83,33113269,179.037712801712
2018-09-28,185.31,186.28,184.97,185.79,28076843,178.999174844912
2018-10-01,186.87,187.53,185.7,186.17,27371297,179.365285434508
2018-10-02,186.01,187.18,185.32,185.75,25618608,178.960636888112
2018-10-03,186.53,186.97,185.66,185.95,29128683,179.15332667211
2018-10-04,185.2,185.32,181.06,182.38,80557283,175.713814027747
2018-10-05,182.36,182.97,178.43,180.15,83325630,173.565322936169
2018-10-08,179.52,180.64,176.93,179.05,66864481,172.505529124181
2018-10-09,179.18,181.02,178.75,179.63,49097949,173.064329497775
2018-10-10,178.51,178.62,171.5,171.73,114471100,165.453083029855
2018-10-11,171.02,173.4,167.81,169.6,143084463,163.400936830277
2018-10-12,174.17,174.86,170.93,174.32,102078388,167.948415732629
2018-10-15,173.71,174.04,171.56,172.21,64885255,165.91553851145
2018-10-16,174.02,177.65,173.7,177.22,71979688,170.742417600599
2018-10-17,178.08,178.26,175.47,177.29,66987639,170.809859024998
2018-10-18,176.62,176.68,172.44,173.18,82486208,166.85008396384
2018-10-19,174.58,176.07,172.39,173.02,82923733,166.695932136642
2018-10-22,174.06,175.25,172.59,173.91,52909281,167.553401675433
2018-10-23,170.64,174.13,168.82,173.27,77566972,166.936794366639
2018-10-24,173.07,173.36,165.04,165.34,102997449,159.29664443112
2018-10-25,167.91,172.08,167.16,171.06,83481070,164.807572253462
2018-10-26,165.2,169.96,164.23,166.66,130970908,160.568397005506
2018-10-29,169.21,169.86,160.09,163.23,111871933,157.263767209941
2018-10-30,162.75,166.04,162.01,165.92,92583965,159.855444804714
2018-10-31,168.62,171.25,168.54,169.82,73828635,163.612895592674
2018-11-01,170.07,172.24,168.78,172.06,52706823,165.771021173452
2018-11-02,171.53,172.55,168.22,169.38,75966781,163.188978067879
2018-11-05,169.6,169.66,167.08,168.96,39573533,162.784329521483
2018-11-06,168.97,171.19,168.72,170.24,34410390,164.01754413907
2018-11-07,172.28,175.58,171.87,175.58,51169614,169.162361371816
2018-11-08,174.76,175.3,173.63,174.46,40296538,168.083298581427
2018-11-09,172.83,173.25,170.16,171.52,50602710,165.250758756657
2018-11-12,170.32,170.64,166.18,166.33,62578371,160.25045886191
2018-11-13,167.11,169.48,166.0,166.47,64128079,160.385341710708
2018-11-14,168.12,168.7,164.25,165.2,75270714,159.161761582321
2018-11-15,164.9,168.54,163.46,168.09,73254349,161.946128961092
2018-11-16,166.45,168.31,165.78,167.5,65390675,161.377694098298
2018-11-19,166.7,166.9,161.54,162.06,67280478,156.136531973553
2018-11-20,158.37,161.38,157.13,159.16,102652794,153.342530105583
2018-11-21,161.35,161.97,159.23,160.37,42965839,154.50830329877
2018-11-23,159.09,160.84,159.09,159.21,23503729,153.390702551582
2018-11-26,161.44,162.97,160.76,162.89,42012633,156.936194577145
2018-11-27,162.0,163.85,161.18,163.44,36608063,157.466091483139
2018-11-28,164.62,168.7,163.47,168.7,70140986,162.533832802286
2018-11-29,167.99,169.26,166.82,168.15,44885711,162.003935896291
2018-11-30,168.38,169.47,167.54,169.37,36722760,163.179343578679
2018-12-03,173.11,173.31,169.51,172.33,50771695,166.031152381849
2018-12-04,171.43,171.91,165.52,165.72,70594743,159.662755020716
2018-12-06,162.46,166.91,161.77,166.89,71715526,160.789990257104
2018-12-07,166.16,167.12,160.86,161.38,80432176,155.48138670796
2018-12-10,161.08,163.78,159.41,163.07,73960758,157.109615382743
2018-12-11,165.73,165.77,162.23,163.61,59058296,157.629877799537
2018-12-12,166.0,167.6,164.96,165.05,53779992,159.017244244323
2018-12-13,166.13,166.82,164.03,165.1,46377864,159.065416690322
2018-12-14,163.21,163.81,160.7,161.08,56547419,155.192352031963
2018-12-17,160.39,161.67,156.17,157.43,74834076,151.675763474
2018-12-18,158.65,159.95,157.04,158.42,63642120,152.62957790479
2018-12-19,158.18,160.72,153.34,154.53,81856456,148.88176160603
2018-12-20,154.15,155.87,150.39,152.29,99002139,146.723636025252
2018-12-21,153.05,154.09,146.72,147.57,141129408,142.1761571229
2018-12-24,146.08,147.98,143.46,143.5,56163290,138.660156268779
2018-12-26,145.08,152.54,144.09,152.46,98982064,147.317961148
2018-12-27,150.37,153.18,147.08,153.05,85824343,147.888062138931
2018-12-28,154.01,155.59,151.72,152.97,77856625,147.810760309652
2018-12-31,154.47,154.98,152.71,154.26,53015313,149.057252306772
2019-01-02,150.99,155.75,150.88,154.88,58576672,149.656341483683
2019-01-03,152.6,153.26,149.49,149.82,74820225,144.767000781801
2019-01-04,152.34,157.0,151.74,156.23,74709320,150.960809852762
2019-01-07,156.62,158.86,156.11,158.09,52059331,152.758077383493
2019-01-08,159.54,160.11,157.2,159.52,49388694,154.139847581851
2019-01-09,160.14,161.52,159.47,160.82,46491747,155.396002307631
2019-01-10,159.6,161.37,158.7,161.28,38943414,155.840487825984
2019-01-11,160.33,160.86,159.79,160.69,30176643,155.270386835053
2019-01-14,159.33,159.96,158.59,159.27,30710234,153.898279365355
2019-01-15,160.0,162.6,159.91,162.38,40874224,156.903387978567
2019-01-16,162.65,163.78,162.29,162.35,33812190,156.874399792587
2019-01-17,161.83,164.36,161.57,163.63,39328959,158.111229061047
2019-01-18,164.78,166.02,163.82,165.25,57183243,159.676591103942
2019-01-22,164.06,164.14,160.76,161.94,56711694,156.478227917533
2019-01-23,162.77,163.51,160.32,162.15,38106062,156.68114521939
2019-01-24,162.68,163.44,162.06,163.2,32413351,157.695731728674
2019-01-25,164.51,165.65,163.95,165.15,36466069,159.579963817344
2019-01-28,163.02,163.12,161.75,163.11,33491216,157.608767170735
2019-01-29,163.2,163.24,160.99,161.57,30784175,156.120706957119
2019-01-30,163.4,166.28,162.89,165.68,41346533,160.092088436315
2019-01-31,166.7,168.99,166.47,168.16,37258361,162.488445143957
2019-02-01,167.33,168.6,166.99,167.45,32143672,161.802391409108
2019-02-04,167.48,169.53,167.33,169.53,26718781,163.812238970356
2019-02-05,169.76,171.23,169.69,171.03,28156368,165.261648269333
2019-02-06,171.07,171.37,169.75,170.52,27970006,164.768849107681
2019-02-07,169.03,169.45,166.95,168.23,42036193,162.556084244576
2019-02-08,166.76,168.59,166.57,168.56,29020747,162.874954290351
2019-02-11,169.17,169.58,167.98,168.4,21434088,162.720350631793
2019-02-12,169.63,171.14,169.33,170.89,29722073,165.126370068095
2019-02-13,171.65,172.16,170.82,171.01,26094136,165.242322812013
2019-02-14,170.4,171.83,169.83,171.22,30326830,165.44524011387
2019-02-15,172.52,172.56,171.14,171.94,32521685,166.140956577379
2019-02-19,171.41,172.8,171.38,172.28,19487679,166.469489351813
2019-02-20,172.4,173.08,171.32,172.25,32592995,166.440501165834
2019-02-21,171.77,172.26,170.71,171.62,25207401,165.831749260263
2019-02-22,171.98,173.01,171.9,172.89,27735358,167.058915800064
2019-02-25,174.21,174.66,173.4,173.52,32608754,167.667667705634
2019-02-26,173.04,174.25,172.81,173.7,21939717,167.841596821511
2019-02-27,172.9,173.8,171.76,173.59,25162014,167.735306806253
2019-02-28,173.05,173.81,172.7,173.19,25085470,167.348797659859
2019-03-01,174.44,174.65,173.18,174.39,31431156,168.508325099041
2019-03-04,175.54,175.79,172.47,174.42,38063458,168.53731328502
2019-03-05,174.55,175.09,173.69,174.55,22319863,168.662928757598
2019-03-06,174.72,174.75,173.28,173.56,27194581,167.706318620273
2019-03-07,173.12,173.18,170.79,171.43,39407443,165.648157415726
2019-03-08,169.51,171.26,169.34,171.17,39303225,165.39692647057
2019-03-11,171.88,174.85,171.85,174.73,30518408,168.836857873475
2019-03-12,175.19,176.14,174.77,175.69,33953500,169.76447982482
2019-03-13,176.6,177.93,176.35,177.01,42426135,171.03996000792
2019-03-14,177.13,177.34,176.66,176.71,23751477,170.750078148125
2019-03-15,177.4,178.88,177.28,178.35,38191958,172.334765648339
2019-03-18,177.95,178.99,177.59,178.45,32935125,172.744668260819
2019-03-19,179.18,180.0,178.29,179.05,36893341,173.325485301763
2019-03-20,179.06,180.86,178.24,179.76,50104996,174.01278546688
2019-03-21,179.22,182.83,179.2,182.57,42428481,176.732945275302
2019-03-22,181.78,182.27,178.37,178.56,70794543,172.851151384992
2019-03-25,177.91,178.84,176.93,178.22,46336524,172.522021728457
2019-03-26,179.6,180.69,178.14,179.05,33248121,173.325485301763
2019-03-27,179.32,179.72,176.6,177.9,37096697,172.212252639953
2019-03-28,178.36,178.98,177.24,178.31,30368235,172.609144284598
2019-03-29,179.69,179.83,178.59,179.66,35205511,173.915982626723
2019-04-01,181.51,182.26,180.77,182.04,30969472,176.219890222468
2019-04-02,182.24,182.91,181.78,182.73,22645151,176.887829819554
2019-04-03,183.76,184.92,183.21,183.78,31633476,177.904259641206
2019-04-04,183.83,184.5,182.65,183.71,28530828,177.836497653096
2019-04-05,184.24,184.77,184.02,184.66,25674660,178.756124634591
2019-04-08,184.36,185.28,183.63,185.13,22697543,179.211097983331
2019-04-09,184.5,185.11,184.09,184.48,25631886,178.581879522308
2019-04-10,184.72,185.53,184.52,185.47,24562958,179.540227639866
2019-04-11,185.78,185.78,184.69,185.03,20654094,179.114295143173
2019-04-12,185.85,185.95,185.06,185.83,24989136,179.888717864432
2019-04-15,185.84,186.07,184.62,185.86,21073046,179.917758716479
2019-04-16,186.54,186.91,185.93,186.5,27195709,180.537296893487
2019-04-17,187.75,187.93,186.6,187.15,29651575,181.166515354509
2019-04-18,187.46,187.79,186.29,187.39,28580864,181.398842170887
2019-04-22,186.57,188.86,186.43,187.92,17936033,181.911897223721
2019-04-23,188.4,190.54,188.13,190.31,33665561,184.225485103482
2019-04-24,190.47,190.71,189.65,189.71,24977108,183.644668062538
2019-04-25,191.13,191.22,189.45,190.48,29517497,184.39004993175
2019-04-26,190.18,190.69,188.59,190.65,26359537,184.554614760017
2019-04-29,190.65,191.32,190.34,191.02,21716242,184.912785268599
2019-04-30,189.48,189.85,188.21,189.54,31495277,183.48010323427
2019-05-01,190.78,191.32,188.8,188.93,34797109,182.88960590931
2019-05-02,188.87,189.85,186.87,188.11,44110122,182.09582262002
2019-05-03,189.67,191.25,189.33,191.11,30386180,184.999907824741
2019-05-06,187.05,190.2,186.76,189.94,38371777,183.8673145949
2019-05-07,187.87,188.67,184.51,186.24,58818134,180.285609509077
2019-05-08,185.63,187.17,184.96,185.77,37165319,179.830636160338
2019-05-09,183.7,185.41,182.09,184.77,55351668,178.862607758764
2019-05-10,184.11,185.89,181.03,185.0,58526402,179.085254291126
2019-05-13,180.29,181.26,178.06,178.58,67185766,172.870511953023
2019-05-14,179.52,181.63,178.86,180.54,43360636,174.767847620108
2019-05-15,179.35,183.55,179.31,183.09,40944547,177.23632004412
2019-05-16,183.17,186.07,182.95,184.93,39281157,179.017492303016
2019-05-17,183.1,185.58,182.88,183.04,44702276,177.187918624042
2019-05-20,180.49,181.18,179.34,179.95,38608294,174.196710863179
2019-05-21,181.5,182.33,180.92,181.83,31613790,176.016604258138
2019-05-22,180.82,182.07,180.75,181.02,24332550,175.232501252863
2019-05-23,178.94,179.02,177.14,178.25,45351309,172.551062580504
2019-05-24,179.21,179.85,177.94,178.16,25903267,172.463940024362
2019-05-28,178.66,179.66,177.47,177.49,24763823,171.815360995308
2019-05-29,176.39,177.0,175.09,176.03,42178772,170.40203952901
2019-05-30,176.5,177.27,175.77,176.77,30354790,171.118380546175
2019-05-31,174.69,175.29,173.87,173.95,45446206,168.388540453737
2019-06-03,173.48,173.95,169.27,170.12,75842290,164.68099167571
2019-06-04,172.03,174.97,171.37,174.91,47797848,169.317847719248
2019-06-05,176.58,176.61,174.38,176.21,34412697,170.576284641294
2019-06-06,176.51,178.04,175.73,177.61,29913205,171.931524403497
2019-06-07,178.56,181.77,178.33,181.04,45888345,175.251861820894
2019-06-10,182.25,184.85,182.21,183.15,41385280,177.294401748215
2019-06-11,185.06,185.4,182.78,183.4,41260320,177.536408848608
2019-06-12,182.9,183.28,182.0,182.34,27758120,176.51029874294
2019-06-13,183.1,183.87,182.74,183.42,23715829,177.55576941664
2019-06-14,182.48,183.11,181.94,182.64,22844089,176.800707263412
2019-06-17,183.04,184.25,182.84,183.74,20379476,177.865538505143
2019-06-18,185.91,187.72,185.43,186.41,48177301,180.450174337345
2019-06-19,186.73,187.53,185.57,187.11,31672855,181.127794218446
2019-06-20,189.72,189.76,187.16,188.85,40921964,182.812163637185
2019-06-21,188.63,189.77,188.17,188.57,39980418,182.541115684744
2019-06-24,188.53,188.72,188.06,188.16,19375205,182.546517283225
2019-06-25,188.03,188.14,184.65,184.93,33921112,179.412879683178
2019-06-26,186.16,187.33,185.49,185.79,22595721,180.247222821271
2019-06-27,186.46,186.94,185.99,186.5,19709228,180.936040993417
2019-06-28,186.95,187.15,186.07,186.74,21179248,181.168880938932
2019-07-01,190.32,190.57,188.38,189.26,31193393,183.613700366832
2019-07-02,189.2,190.03,188.66,190.01,18035768,184.341325196564
2019-07-03,190.49,191.44,190.29,191.44,15792067,185.728663205254
2019-07-05,190.13,191.4,189.39,191.05,21415620,185.350298293793
2019-07-08,189.81,189.87,188.93,189.71,17598826,184.050275264671
2019-07-09,188.81,190.9,188.65,190.66,19193497,184.971933382332
2019-07-10,191.82,193.09,191.47,192.56,28374513,186.815249617654
2019-07-11,192.85,193.34,191.81,192.42,23736122,186.679426316104
2019-07-12,192.63,193.54,192.45,193.53,20211883,187.756311064108
2019-07-15,193.98,194.19,193.44,194.15,15606074,188.357814256686
2019-07-16,193.91,194.09,192.56,193.15,20190891,187.387647817043
2019-07-17,193.15,193.49,192.18,192.2,16765069,186.465989699382
2019-07-18,191.29,192.79,190.69,192.42,29066336,186.679426316104
2019-07-19,193.82,193.83,190.81,191.01,29387945,185.311491636207
2019-07-22,191.44,192.94,191.44,192.53,18953596,186.786144624465
2019-07-23,193.58,193.81,192.29,193.79,23786726,188.008554338415
2019-07-24,193.05,195.16,193.03,195.15,20422872,189.327980696329
2019-07-25,194.49,194.52,192.93,193.3,23434744,187.53317278299
2019-07-26,194.53,195.55,194.43,195.29,20431243,189.463803997879
2019-07-29,195.11,195.18,193.39,194.62,20451652,188.813792483318
2019-07-30,193.13,194.54,192.99,193.78,18705006,187.998852674018
2019-07-31,194.3,194.43,189.32,191.1,41627473,185.398806615775
2019-08-01,191.43,194.98,189.23,190.15,63251648,184.477148498114
2019-08-02,188.72,188.99,186.21,187.35,55214006,181.760682467114
2019-08-05,183.43,183.51,179.2,180.73,75039971,175.338180636677
2019-08-06,182.4,183.8,181.07,183.26,41897249,177.792701728974
2019-08-07,181.27,184.51,179.89,184.25,49990586,178.753166504221
2019-08-08,185.08,188.32,184.57,188.26,38418084,182.643533927189
2019-08-09,187.36,188.0,185.03,186.49,33608926,180.926339329021
2019-08-12,185.34,185.9,183.5,184.35,24642870,178.850183148185
2019-08-13,184.19,189.68,184.02,188.39,40473043,182.769655564343
2019-08-14,185.36,185.95,182.42,182.76,51000548,177.307618509153
2019-08-15,183.0,183.59,181.16,182.55,36848178,177.103883556828
2019-08-16,184.11,185.95,184.1,185.48,34785006,179.946471224982
2019-08-19,188.16,188.83,187.5,188.43,22568634,182.808462221928
2019-08-20,187.96,188.64,186.92,186.97,19939552,181.39201922005
2019-08-21,188.61,189.23,187.96,188.63,20745478,183.002495509857
2019-08-22,188.98,189.46,186.54,188.02,24270520,182.410693981675
2019-08-23,186.74,188.45,181.56,182.07,55442893,176.638203665799
2019-08-26,184.14,184.87,183.08,184.82,27689838,179.306161374817
2019-08-27,186.11,186.42,183.71,184.43,28080093,178.927796463356
2019-08-28,183.83,185.4,182.91,185.09,21775744,179.568106313521
2019-08-29,187.39,188.46,186.68,187.92,25427207,182.31367733771
2019-08-30,188.93,188.97,186.41,187.47,26332749,181.877102439871
2019-09-03,186.22,187.18,185.03,185.65,28026617,180.111399519721
2019-09-04,187.44,188.49,186.9,188.33,21676335,182.711445577964
2019-09-05,190.41,192.33,190.34,191.78,34060994,186.058519794732
2019-09-06,192.1,192.17,191.17,191.59,19487821,185.8741881712
2019-09-09,192.19,192.27,190.22,191.19,24407580,185.486121595343
2019-09-10,190.16,190.74,188.91,190.64,23744687,184.952530053539
2019-09-11,191.0,192.53,190.56,192.43,25063617,186.6891279805
2019-09-12,193.61,194.71,192.97,193.23,28689878,187.465261132215
2019-09-13,192.95,193.4,192.29,192.54,27669795,186.795846288861
2019-09-16,191.3,192.08,191.11,191.68,20318987,185.961503150768
2019-09-17,191.7,192.6,191.29,192.6,21113675,186.85405627524
2019-09-18,192.2,192.6,190.11,192.52,31173056,186.776442960068
2019-09-19,192.86,194.04,192.47,192.84,26214873,187.086896220754
2019-09-20,193.11,193.31,190.16,190.8,30131528,185.107756683882
2019-09-23,190.36,191.07,189.72,190.5,22917563,185.189396189778
2019-09-24,191.37,191.79,187.15,187.97,41096614,182.729925468728
2019-09-25,187.79,190.58,186.21,190.08,36499191,184.781104607627
2019-09-26,189.83,190.0,187.98,189.38,27030029,184.100618637376
2019-09-27,189.73,189.83,185.75,187.03,40804222,181.816130022962
2019-09-30,187.79,189.11,187.4,188.81,26559841,183.546508633029
2019-10-01,189.5,190.59,186.96,187.27,32665025,182.049439498476
2019-10-02,186.0,186.03,183.02,184.05,48931982,178.919204035321
2019-10-03,184.03,186.21,181.82,186.07,39612315,180.882892120903
2019-10-04,187.08,189.08,186.88,188.81,32752668,183.546508633029
2019-10-07,188.27,189.74,187.91,188.24,21404580,182.992398628682
2019-10-08,187.06,187.86,185.27,185.42,33201939,180.251012291384
2019-10-09,186.99,188.08,186.43,187.23,20829012,182.010554585891
2019-10-10,187.28,189.43,187.12,188.68,26693780,183.420132667125
2019-10-11,190.83,192.63,190.72,191.11,41428907,185.782391106711
2019-10-14,190.84,191.7,190.65,191.09,15372774,185.762948650418
2019-10-15,191.68,193.97,191.56,193.52,23735826,188.125207090005
2019-10-16,192.86,193.53,192.43,193.04,20689207,187.658588138975
2019-10-17,194.2,194.5,192.81,193.55,19161821,188.154370774444
2019-10-18,193.2,193.67,190.71,191.69,27719069,186.346222339205
2019-10-21,192.71,193.52,192.14,193.39,15868946,187.998831124101
2019-10-22,194.15,194.42,191.79,191.85,22988988,186.501761989548
2019-10-23,191.46,192.26,191.15,192.22,15198327,186.861447430967
2019-10-24,193.59,194.21,192.74,194.09,19264220,188.679317094352
2019-10-25,193.09,195.74,193.05,195.64,21507115,190.186107457051
2019-10-28,196.57,197.83,196.55,197.57,18842303,192.062304489315
2019-10-29,197.24,197.54,196.01,196.04,18569675,190.574956582909
2019-10-30,196.42,197.32,195.29,196.99,21764311,191.498473256821
2019-10-31,197.56,197.65,195.94,197.08,26801803,191.585964310139
2019-11-01,197.93,198.88,197.63,198.87,22131875,193.326064148353
2019-11-04,200.19,200.53,198.87,200.1,19015855,194.521775210365
2019-11-05,200.35,200.55,199.55,200.21,15048864,194.628708719976
2019-11-06,199.98,200.0,198.79,199.76,19725486,194.191253453386
2019-11-07,200.76,201.72,199.85,200.43,17832355,194.842575739198
2019-11-08,200.07,201.25,199.54,201.23,15272516,195.620273990914
2019-11-11,200.21,201.04,199.94,200.96,10187222,195.35780083096
2019-11-12,201.13,202.21,200.82,201.54,14778283,195.921632063454
2019-11-13,200.84,201.78,200.71,201.59,16110341,195.970238204186
2019-11-14,200.83,201.56,200.22,201.43,17055686,195.814698553843
2019-11-15,202.65,202.91,202.0,202.91,18434519,197.253440319516
2019-11-18,202.59,203.39,201.77,203.07,18408797,197.40897996986
2019-11-19,203.84,203.84,202.59,203.37,16997568,197.700616814253
2019-11-20,202.84,203.45,200.62,202.15,36706275,196.514626980387
2019-11-21,201.93,202.07,201.07,201.7,17934353,196.077171713797
2019-11-22,202.2,202.32,200.74,201.83,17197019,196.2035476797
2019-11-25,202.7,204.26,202.67,204.22,17794718,198.526921206701
2019-11-26,204.35,204.87,204.05,204.61,14812921,198.906049104412
2019-11-27,205.14,206.05,204.89,206.04,17060233,200.296184729354
2019-11-29,205.52,205.83,205.0,205.1,9854553,199.382389283588
2019-12-02,205.11,205.18,201.78,203.0,28121020,197.340931372834
2019-12-03,200.21,201.49,199.23,201.41,31104100,195.79525609755
2019-12-04,202.44,202.91,202.14,202.43,15336754,196.786821368487
2019-12-05,203.15,203.15,201.84,202.83,15038785,197.175670494345
2019-12-06,204.31,205.15,204.15,205.0,16562247,199.285177002124
2019-12-09,204.63,205.59,203.98,204.07,14032175,198.381102784504
2019-12-10,204.17,204.88,203.44,203.9,21849714,198.215841906015
2019-12-11,204.36,205.19,204.04,204.98,18897759,199.265734545831
2019-12-12,204.77,207.32,204.49,206.51,32704625,200.753082452237
2019-12-13,206.4,207.91,205.96,207.19,32534393,201.414125966195
2019-12-16,208.55,209.53,208.48,209.27,21366177,203.436141420656
2019-12-17,209.54,209.71,209.04,209.39,16034647,203.552796158413
2019-12-18,209.57,210.13,209.33,209.55,15490828,203.708335808756
2019-12-19,209.64,210.93,209.62,210.86,17892062,204.98181669594
2019-12-20,211.86,212.52,211.27,211.71,27690934,205.808121088388
2019-12-23,212.0,212.15,211.63,211.81,23798671,206.350225375975
2019-12-24,212.0,212.09,211.44,211.92,7089020,206.457389932848
2019-12-26,212.26,213.81,212.23,213.79,17159310,208.279187399696
2019-12-27,214.54,214.56,213.04,213.61,18142239,208.103827215721
2019-12-30,213.5,213.63,211.16,212.21,21829913,206.739914673696
2019-12-31,211.62,212.76,211.2,212.61,18201585,207.129603971418
2020-01-02,214.4,216.16,213.98,216.16,31014904,210.588096488696
2020-01-03,213.3,215.47,213.28,214.18,27532657,208.659134464975
2020-01-06,212.49,215.59,212.24,215.56,21726989,210.003562542114
2020-01-07,215.64,216.14,214.85,215.53,23120994,209.974335844785
2020-01-08,215.5,218.14,215.16,217.15,26464212,211.552577500557
2020-01-09,218.94,219.41,217.71,218.99,23641291,213.345148270075
2020-01-10,219.85,219.87,218.04,218.43,21914631,212.799583253265
2020-01-13,219.33,220.98,218.98,220.95,22528847,215.254625828911
2020-01-14,220.84,221.21,219.74,220.08,24573340,214.407051606367
2020-01-15,220.2,221.2,219.45,220.17,25742084,214.494731698354
2020-01-16,221.27,222.32,220.8,222.28,18804959,216.550342743835
2020-01-17,223.28,223.56,222.12,223.38,24325167,217.621988312569
2020-01-21,222.76,223.84,222.66,223.28,20813609,217.524565988139
2020-01-22,224.41,225.15,223.59,223.87,20736403,218.099357702278
2020-01-23,223.74,224.69,222.7,224.59,26496113,218.800798438176
2020-01-24,225.64,225.88,221.67,222.7,37436483,216.959516506442
2020-01-27,217.67,219.28,217.18,218.1,42264418,212.478089582645
2020-01-28,219.64,221.96,219.06,221.45,26731876,215.741737451063
2020-01-29,222.68,222.93,220.83,221.81,29063128,216.092457819012
2020-01-30,220.38,222.7,219.69,222.6,39568093,216.862094182012
2020-01-31,223.53,223.56,218.29,219.07,52015832,213.42308612962
2020-02-03,220.14,222.89,219.99,222.38,25468307,216.647765068265
2020-02-04,225.42,227.86,224.65,227.47,30691211,221.606561381771
2020-02-05,230.21,230.25,226.85,228.22,38534817,222.337228814999
2020-02-06,228.79,230.25,227.98,230.19,22467077,224.256448606277
2020-02-07,229.16,230.44,228.54,229.2,25884933,223.291967594417
2020-02-10,228.44,231.98,228.38,231.97,21478925,225.990565981138
2020-02-11,233.25,234.02,231.4,232.01,30197983,226.02953491091
2020-02-12,233.38,234.38,232.8,234.27,24471275,228.231279443037
2020-02-13,232.64,234.93,232.36,233.97,22773159,227.939012469745
2020-02-14,234.34,234.86,233.55,234.64,23438530,228.591742043429
2020-02-18,233.5,235.17,233.25,234.73,24521242,228.679422135416
2020-02-19,236.13,237.47,235.85,236.98,22230464,230.8714244351
2020-02-20,236.46,236.95,231.88,234.78,42604016,228.728133297632
2020-02-21,233.61,234.01,229.32,230.27,66058611,224.334386465822
2020-02-24,221.68,224.25,220.26,221.39,84522551,215.683284056404
2020-02-25,223.25,223.99,214.74,215.37,97742982,209.818460125696
2020-02-26,216.71,220.28,214.9,216.48,80400053,210.899847926873
2020-02-27,210.9,216.42,205.5,205.64,121822562,200.339267958621
2020-02-28,198.64,207.17,198.17,205.8,149247073,200.495143677709
2020-03-02,208.88,216.57,205.94,216.42,112933945,210.841394532215
2020-03-03,217.11,219.61,207.62,209.48,131953546,204.080285216747
2020-03-04,213.32,218.33,211.37,218.22,73086209,212.594996371962
2020-03-05,212.69,216.36,210.1,211.59,78705458,206.135896262228
2020-03-06,204.67,209.15,202.91,208.02,89828392,202.657919280064
2020-03-09,193.48,201.16,192.11,193.57,116423986,188.580393399874
2020-03-10,201.11,204.3,193.68,204.11,100599233,198.848706394836
2020-03-11,199.35,200.75,192.73,195.22,89168783,190.187861752976
2020-03-12,182.09,190.78,176.94,177.32,137820698,172.749265679939
2020-03-13,187.07,194.48,178.13,192.34,134881981,187.382098809381
2020-03-16,174.15,184.68,169.16,169.3,92054386,164.935995260623
2020-03-17,175.47,184.39,169.78,182.14,121257108,177.445021717483
2020-03-18,171.61,179.22,166.8,176.6,114156320,172.04782494404
2020-03-19,175.69,183.49,171.63,177.66,120896481,173.080501583002
2020-03-20,181.74,182.87,170.1,170.7,118983891,166.299907802648
2020-03-23,170.92,174.21,164.93,170.46,124639782,166.419435252492
2020-03-24,179.91,183.83,177.95,183.66,94881785,179.306543930967
2020-03-25,184.42,189.51,179.98,182.3,88754909,177.978781218639
2020-03-26,183.87,192.72,183.61,191.9,79887564,187.351223893894
2020-03-27,186.93,190.51,184.66,185.3,58844975,180.907669554656
2020-03-30,187.1,192.49,186.34,192.04,49356936,187.487905349575
2020-03-31,191.72,195.25,189.2,190.4,62659265,185.886779725885
2020-04-01,184.77,187.66,180.86,182.31,53715375,177.988544179759
2020-04-02,181.24,190.1,180.97,186.01,56465348,181.60083979418
2020-04-03,185.55,187.07,181.29,183.37,47487621,179.023418058485
2020-04-06,190.48,197.65,189.19,196.48,64763518,191.82266008688
2020-04-07,202.37,202.66,196.0,196.4,69904478,191.744556397919
2020-04-08,198.15,201.17,196.17,200.57,45940439,195.815711184983
2020-04-09,202.35,203.22,199.03,200.86,68323929,196.098837057465
2020-04-13,200.0,203.42,198.75,203.03,42853948,198.217399620517
2020-04-14,207.23,212.5,206.42,211.86,63959563,206.838094289528
2020-04-15,208.48,211.83,207.12,209.43,47035953,204.465694737354
2020-04-16,211.69,214.37,209.69,213.25,64657362,208.195145885216
2020-04-17,216.17,216.51,212.08,215.29,62863223,210.186789953707
2020-04-20,213.36,215.88,212.57,212.74,38249128,207.697234868093
2020-04-21,210.6,211.16,203.63,204.89,72932771,200.033310388848
2020-04-22,209.1,212.35,208.33,210.97,40188772,205.969190749843
2020-04-23,211.79,214.44,210.1,210.52,43278542,205.52985749944
2020-04-24,210.97,214.3,209.5,213.84,34303365,208.771160591299
2020-04-27,216.19,216.63,214.5,215.56,36451698,210.450389903949
2020-04-28,217.32,217.32,211.21,211.5,46862816,206.486627689206
2020-04-29,216.19,219.97,215.14,219.0,48716406,213.808848529248
2020-04-30,219.95,220.04,217.35,218.91,43359476,213.720981879168
2020-05-01,214.5,216.67,211.68,212.74,48794968,207.697234868093
2020-05-04,211.46,215.45,211.12,215.22,32841020,210.118449225867
2020-05-05,217.44,220.14,216.85,217.66,37783075,212.500611739161
2020-05-06,219.4,221.04,218.11,219.0,36455218,213.808848529248
2020-05-07,221.82,222.73,220.42,221.82,38624836,216.562003565104
2020-05-08,223.62,225.0,222.48,224.86,31964416,219.529943745602
2020-05-11,223.49,227.93,223.25,226.87,35714128,221.492298930733
2020-05-12,227.49,228.1,222.09,222.12,41054123,216.854892398706
2020-05-13,222.66,224.61,216.71,219.34,65521208,214.14078920733
2020-05-14,217.97,221.87,215.99,221.83,51549345,216.571766526224
2020-05-15,218.78,223.33,218.33,223.27,55747208,217.977632927513
2020-05-18,226.33,228.68,225.47,227.43,42597551,222.039024753456
2020-05-19,227.7,229.85,226.71,226.86,36237303,221.482535969613
2020-05-20,229.5,231.76,229.48,231.39,37417000,225.905157356999
2020-05-21,231.44,232.14,228.34,228.87,42240976,223.444891154745
2020-05-22,228.45,229.87,227.5,229.66,28762389,224.216165083229
2020-05-26,233.36,233.57,228.79,229.04,33055346,223.610861493786
2020-05-27,228.69,230.41,223.94,230.29,55665565,224.831231633793
2020-05-28,229.11,233.47,229.05,229.99,43008478,224.538342800191
2020-05-29,230.38,233.6,228.76,233.36,50878596,227.82846069765
2020-06-01,232.46,234.45,232.0,234.06,26140125,228.511867976054
2020-06-02,234.5,235.69,232.01,235.63,33383415,230.044652871903
2020-06-03,236.26,237.47,235.35,236.69,37228701,231.079526750629
2020-06-04,236.33,237.79,233.68,235.03,38716097,229.4588752047
2020-06-05,236.22,240.3,235.63,239.69,47365569,234.008415086646
2020-06-08,239.54,241.68,237.91,241.55,32937305,235.824325854977
2020-06-09,240.66,244.18,240.47,243.3,35046254,237.532844050987
2020-06-10,245.05,247.82,244.51,246.22,58084410,240.383628698043
2020-06-11,242.16,243.59,233.96,234.02,72919442,228.472816131574
2020-06-12,239.14,240.4,231.74,235.88,72034787,230.288726899905
2020-06-15,232.44,239.45,231.47,238.75,45307371,233.090696741361
2020-06-16,243.78,244.39,239.1,242.85,48890095,237.093510800584
2020-06-17,244.4,245.5,242.73,243.62,34749268,237.845258806829
2020-06-18,243.29,244.53,242.49,244.28,30578648,238.489614240752
2020-06-19,246.73,247.0,242.45,244.24,49422112,238.450562396272
2020-06-22,243.68,246.87,243.38,246.74,24068676,241.305506064766
2020-06-23,248.39,251.15,247.82,248.84,32767370,243.359253178067
2020-06-24,248.06,249.33,242.16,243.71,46032376,238.342242372717
2020-06-25,243.8,246.34,241.14,246.03,36940811,240.611143945507
2020-06-26,245.78,245.96,239.68,240.22,52824554,234.929110265373
2020-06-29,239.98,242.85,237.35,242.84,34377800,237.49140428292
2020-06-30,242.77,248.16,242.58,247.6,38909219,242.146564406404
2020-07-01,247.64,251.52,247.08,250.49,34685690,244.972911624233
2020-07-02,253.02,254.27,251.71,252.19,32023478,246.635468811191
2020-07-06,255.45,258.93,255.43,258.39,34587050,252.69891266951
2020-07-07,258.13,260.88,256.3,256.61,36695837,250.958117497283
2020-07-08,257.98,260.02,256.5,259.99,30452321,254.263672374882
2020-07-09,261.97,262.87,257.63,262.18,40609204,256.405437221611
2020-07-10,262.03,264.23,259.26,263.97,32879879,258.156012141997
2020-07-13,266.91,269.79,257.69,258.54,64127311,252.845608891889
2020-07-14,255.93,260.79,252.76,260.37,72228142,254.635302804908
2020-07-15,261.83,262.69,257.49,260.9,54472875,255.153629457313
2020-07-16,258.02,259.78,255.62,259.12,47590557,253.412834285086
2020-07-17,259.59,260.31,257.17,259.42,36287018,253.706226729844
2020-07-20,260.08,267.43,258.79,266.78,40627842,260.904121374557
2020-07-21,268.4,268.41,263.13,264.0,43438515,258.185351386472
2020-07-22,264.46,265.89,262.55,264.93,29865519,259.09486796522
2020-07-23,264.55,265.24,256.55,258.01,51363538,252.327282239484
2020-07-24,254.12,256.93,251.32,255.56,54054536,249.931243940632
2020-07-27,257.36,260.52,256.445,260.12,36445741,254.390809100944
2020-07-28,259.33,259.85,256.51,256.81,31302390,251.153712460454
2020-07-29,258.33,260.66,257.91,259.77,27556884,254.048517915394
2020-07-30,257.78,261.71,256.55,261.13,41774456,255.37856366496
2020-07-31,265.83,265.95,260.85,265.79,53756159,259.935926306858
2020-08-03,268.05,270.15,267.87,269.38,32081566,263.446855895788
2020-08-04,268.74,270.48,268.09,270.38,24911286,264.424830711645
2020-08-05,270.83,271.52,269.96,271.05,21685921,265.08007383827
2020-08-06,270.78,274.98,270.19,274.64,28048224,268.5910034272
2020-08-07,274.04,274.8818,269.245,271.47,44969356,265.490823260931
2020-08-10,271.74,271.98,266.67,270.31,35088373,264.356372474535
2020-08-11,269.1,270.44,264.63,265.19,43104323,259.349141417343
2020-08-12,267.37,272.84,267.37,271.86,38894272,265.872233439115
2020-08-13,272.64,274.83,271.51,272.48,31895717,266.478577824947
2020-08-14,273.01,273.4,270.72,272.16,30799494,266.165625883873
2020-08-17,273.91,275.84,272.1978,275.32,24659226,269.256026301983
2020-08-18,276.41,278.465,274.91,277.97,23529498,271.847659564007
2020-08-19,277.93,279.02,275.57,276.1,31999359,270.018846658352
2020-08-20,275.3,280.43,274.86,279.93,27723379,273.764490203088
2020-08-21,280.07,282.34,279.461,281.87,34748934,275.661761345852
2020-08-24,285.06,286.0,281.27,283.63,36418533,277.382997021762
2020-08-25,282.78,286.06,282.37,285.86,34866586,279.563880861125
2020-08-26,287.11,292.22,285.829,291.96,42216690,285.529527237858
2020-08-27,293.08,293.851,288.705,291.05,49482715,284.639570155427
2020-08-28,292.27,293.18,290.93,292.53,28021022,286.086972882897
2020-08-31,293.16,296.745,292.62,294.88,36321027,288.385213700163
2020-09-01,297.6,300.04,295.79,299.92,36395774,293.314206772086
2020-09-02,303.26,303.5,296.89,302.76,50836767,296.091655249123
2020-09-03,298.2,298.62,284.41,287.41,110083282,281.079741825705
2020-09-04,285.76,288.93,271.8,283.58,123958978,277.334098280969
2020-09-08,272.27,278.22,269.66,269.95,99568645,264.004301540827
2020-09-09,275.54,280.045,273.0,277.88,64837872,271.759641830579
2020-09-10,280.97,282.195,270.56,272.34,69667462,266.341661350727
2020-09-11,274.33,275.22,266.9,270.45,71809014,264.493288948756
2020-09-14,274.28,277.22,272.96,275.16,38525194,269.099550331446
2020-09-15,278.9,280.45,275.1332,279.06,41849926,272.913652113292
2020-09-16,279.77,280.36,274.25,274.61,42435626,268.561664182724
2020-09-17,267.52,274.3955,266.68,270.32,81570844,264.366152222694
2020-09-18,271.62,272.09,262.63,266.87,86251117,260.992139107984
2020-09-21,262.52,267.65,260.11,267.51,57168570,261.997731932642
2020-09-22,270.05,273.08,266.54,272.48,41128886,266.865320911391
2020-09-23,272.15,272.34,263.2502,264.16,48837270,258.71676149425
2020-09-24,261.58,268.7,261.22,265.39,70631704,259.921416311928
2020-09-25,265.82,272.395,264.2999,271.56,55242376,265.964278283534
2020-09-28,276.615,277.2,271.674,277.2,58438286,271.488061349962
2020-09-29,276.72,277.71,275.3719,275.95,27178921,270.263818649069
2020-09-30,276.09,281.09,275.8717,277.84,49380802,272.114873612819
2020-10-01,281.79,282.8794,279.84,282.25,50020223,276.434001861569
2020-10-02,276.01,282.2412,273.44,274.31,75497391,268.657612225498
2020-10-05,276.34,280.49,276.23,280.16,28184581,274.387068065676
2020-10-06,279.29,281.19,274.25,275.16,49704236,269.490097262105
2020-10-07,277.83,280.74,277.28,279.92,27539663,274.152013467105
2020-10-08,282.32,282.47,280.31,281.41,25443287,275.611310766569
2020-10-09,283.09,285.79,282.71,285.71,30201144,279.82270565764
2020-10-12,290.6,297.46,289.47,294.53,79370657,288.460962155138
2020-10-13,296.34,297.0496,293.11,294.52,64240031,288.451168213531
2020-10-14,295.32,296.35,290.26,292.06,37181227,286.041858578174
2020-10-15,287.25,290.71,286.54,290.1,42514177,284.122246023175
2020-10-16,291.8,293.269,288.15,288.51,40570702,282.565009307639
2020-10-19,290.49,291.48,282.79,283.8,36756754,277.952062810676
2020-10-20,284.56,287.62,282.95,284.41,32195361,278.549493248711
2020-10-21,284.67,287.32,283.69,284.19,29306137,278.334026533354
2020-10-22,285.05,285.98,280.82,284.18,32196162,278.324232591747
2020-10-23,284.79,284.91,281.7818,284.74,24658542,278.872693321747
2020-10-26,282.32,285.3,276.76,280.47,38421094,274.690680255498
2020-10-27,281.42,283.505,280.2,282.66,30559123,276.835553467461
2020-10-28,278.13,278.6401,271.38,271.64,53413523,266.042629816392
2020-10-29,273.04,279.49,272.52,276.39,43246302,270.694752079784
2020-10-30,274.375,275.24,267.07,269.38,65935893,263.829199013178
2020-11-02,271.73,273.52,266.97,269.98,39987409,264.416835509606
2020-11-03,271.86,276.82,270.84,274.65,43604145,268.990606240141
2020-11-04,283.56,288.77,281.87,286.91,75728206,280.997978650497
2020-11-05,293.41,295.39,292.0,294.39,52054186,288.323846972638
2020-11-06,293.58,295.36,289.83,294.61,40959764,288.539313687996
2020-11-09,297.31,299.14,288.12,288.59,86537071,282.643360840496
2020-11-10,285.26,286.6599,280.62,283.42,69024878,277.579893029604
2020-11-11,285.92,290.25,283.38,289.76,36102931,283.789252008532
2020-11-12,290.72,292.074,287.25,288.4,34516826,282.457275949961
2020-11-13,290.01,291.57,287.8701,290.93,24880582,284.935143176567
2020-11-16,290.68,293.51,289.99,293.2,30168361,287.158367921389
2020-11-17,293.4,293.74,291.61,292.27,21843463,286.247531351924
2020-11-18,291.7,293.37,290.02,290.11,28069619,284.132039964782
2020-11-19,289.48,292.7,288.85,292.38,22718422,286.355264709603
2020-11-20,292.3,293.065,290.29,290.38,25907308,284.396476388175
2020-11-23,291.41,292.75,288.07,290.39,26875588,284.406270329782
2020-11-24,291.49,294.98,289.63,294.47,23850175,288.402198505496
2020-11-25,295.44,296.94,294.59,296.28,23326826,290.174901936388
2020-11-27,298.29,300.17,297.9,299.01,17163115,292.848647995138
2020-11-30,299.3,299.97,294.78,299.62,27836232,293.446078433173
2020-12-01,301.87,305.14,300.83,303.46,27283110,297.206952010316
2020-12-02,302.22,304.195,300.35,303.85,23620003,297.588915732994
2020-12-03,304.07,305.88,303.531,304.28,22828727,298.010055222101
2020-12-04,304.33,305.67,303.63,305.52,19332081,299.224503981387
2020-12-07,305.71,307.63,305.52,307.25,20850969,300.918855879422
2020-12-08,306.76,308.6,304.95,308.29,18341464,301.937425806565
2020-12-09,308.07,308.36,300.21,301.31,48839306,295.10125456478
2020-12-10,299.21,303.68,298.09,302.52,27519544,296.286321499244
2020-12-11,300.81,301.98,298.47,301.85,26760416,295.630127411566
2020-12-14,303.08,306.05,303.01,304.04,28804832,297.77500062353
2020-12-15,306.37,307.29,304.11,307.29,25790455,300.958031645851
2020-12-16,307.7,309.785,306.621,308.98,25461890,302.613207777458
2020-12-17,310.63,311.24,309.39,311.0,23730524,304.5915839821
2020-12-18,311.66,311.98,307.61,310.06,41173392,303.670953471029
2020-12-21,306.46,309.47,303.6,308.92,37095480,303.104207452049
2020-12-22,309.85,310.7105,306.845,309.76,26378343,303.928393436316
2020-12-23,309.81,310.18,308.035,308.2,21201280,302.397762322677
2020-12-24,308.47,310.02,308.39,309.56,16784997,303.732158678157
2020-12-28,312.25,313.17,310.36,312.68,22090365,306.793420905434
2020-12-29,314.05,314.685,312.03,312.96,25871925,307.068149566856
2020-12-30,314.16,314.49,312.33,312.97,18138071,307.077961304764
2020-12-31,312.87,314.24,311.76,313.74,21611412,307.833465123675
2021-01-04,315.11,315.29,305.18,309.31,45305898,303.486865230458
2021-01-05,308.29,312.14,308.29,311.86,29323409,305.988858396983
2021-01-06,307.0,311.88,305.98,307.54,52809622,301.750187620753
2021-01-07,310.28,315.84,310.25,314.98,30394826,309.05012062426
2021-01-08,317.34,319.39,315.0814,319.03,33955847,313.023874476975
2021-01-11,315.98,317.19,313.75,314.42,32869095,308.500663301415
2021-01-12,314.46,315.58,311.2,313.92,28652545,308.010076406018
2021-01-13,314.19,316.86,313.57,316.04,22898417,310.090164842501
2021-01-14,316.5,317.53,313.8616,314.35,23500129,308.43198113606
2021-01-15,314.13,315.12,310.58,311.86,35118718,305.988858396983
2021-01-19,314.25,316.93,313.12,316.41,24537049,310.453199145095
2021-01-20,320.14,324.74,316.509,323.77,30728096,317.674638245338
2021-01-21,325.15,327.13,323.73,326.36,25316935,320.215878363494
2021-01-22,325.29,326.46,324.71,325.42,21609444,319.293575000148
2021-01-25,328.91,330.32,321.41,328.11,39080644,321.932932497383
2021-01-26,328.85,329.76,327.22,328.59,25498112,322.403895916964
2021-01-27,326.26,326.27,317.36,319.43,55263985,313.416343993292
2021-01-28,320.67,326.42,320.03,321.32,42836324,315.270762457893
2021-01-29,319.58,320.7193,312.76,314.56,55259018,308.638027632126
2021-02-01,318.11,323.54,316.02,322.42,35646008,316.350053627766
2021-02-02,325.48,328.87,325.31,327.68,33119867,321.511027767342
2021-02-03,329.82,330.195,326.32,326.38,24824518,320.23550183931
2021-02-04,327.82,330.33,326.46,330.24,22350947,324.022832671774
2021-02-05,331.22,332.4025,329.53,331.36,22731960,325.121747317464
2021-02-08,333.1,333.74,331.41,333.58,20462812,327.299953133026
2021-02-09,332.62,334.81,332.61,333.51,17352727,327.23127096767
2021-02-10,334.99,335.46,329.5,332.75,27705242,326.485578886667
2021-02-11,334.33,335.0,332.12,334.58,22046071,328.28112692382
2021-02-12,333.71,336.62,332.63,336.45,20346819,330.115921912604
2021-02-16,337.27,338.19,334.34,335.54,27080777,329.223053762982
2021-02-17,332.47,335.657,330.17,333.93,31000553,327.643363959804
2021-02-18,330.23,333.8661,328.36,332.47,32236240,326.210850225245
2021-02-19,333.86,333.99,329.97,331.02,39157677,324.788148228594
2021-02-22,326.5,327.8,322.23,322.44,45835313,316.369677103582
2021-02-23,317.0,323.2,311.0,321.48,97241936,315.42775026442
2021-02-24,318.74,324.45,315.96,324.13,58206272,318.027860810024
2021-02-25,321.39,324.03,311.24,312.83,107375054,306.940596974053
2021-02-26,315.85,319.11,310.88,314.14,103125301,308.225934639993
2021-03-01,319.27,323.94,317.935,323.59,49164518,317.498026962995
2021-03-02,324.25,324.33,318.14,318.4,48370034,312.405734988775
2021-03-03,317.27,318.24,309.1,309.16,86301073,303.339689161839
2021-03-04,308.78,312.04,300.11,304.1,139131582,298.374949780422
2021-03-05,306.795,309.609,297.45,308.68,121523726,302.868725742258
2021-03-08,308.12,310.06,299.51,299.94,88409781,294.29326681072
2021-03-09,307.47,313.73,306.92,311.77,80391114,305.900552755811
2021-03-10,316.16,316.47,310.17,310.88,76798065,305.027308082005
2021-03-11,315.77,319.86,314.85,318.04,53484804,312.052512424089
2021-03-12,313.86,318.2302,311.391,315.46,69315601,309.521084043841
2021-03-15,315.79,319.0,314.095,318.83,43123176,312.827639718816
2021-03-16,321.09,324.2,319.1,320.58,54925896,314.544693852705
2021-03-17,317.45,323.85,315.68,321.9,78258729,315.839843256553
2021-03-18,316.87,317.8801,311.57,312.04,82942269,306.165469679326
2021-03-19,311.87,314.73,309.6601,313.14,78446204,307.244760849199
2021-03-22,315.21,320.74,315.21,318.61,56194755,312.999031156592
2021-03-23,319.73,321.09,316.375,317.22,53455411,311.63351013306
2021-03-24,318.63,318.67,311.72,311.87,64803729,306.377727776298
2021-03-25,309.968,312.885,307.3899,311.33,78729008,305.847237594494
2021-03-26,311.11,316.33,309.67,316.0,63519634,310.434995277873
2021-03-29,315.45,316.99,312.47,315.91,54607963,310.346580247572
2021-03-30,313.89,314.91,311.54,314.32,44635676,308.784581378927
2021-03-31,316.16,320.74,315.81,319.13,55032535,313.509873553885
2021-04-01,323.07,324.71,322.81,324.57,55685602,318.854070940947
2021-04-05,327.13,331.84,324.6375,331.05,42172475,325.219953122594
2021-04-06,330.73,332.83,330.02,330.82,33537210,324.994003600715
2021-04-07,330.33,332.48,329.37,331.62,32046381,325.779914981165
2021-04-08,334.56,335.27,333.7399,335.08,29940799,329.178981701613
2021-04-09,333.68,337.32,332.92,337.11,36664892,331.173231829505
2021-04-12,336.04,337.1,334.73,336.67,25833013,330.740980570258
2021-04-13,338.24,341.08,338.02,340.6,30374033,334.60177022672
2021-04-14,340.85,340.98,335.67,336.51,42564337,330.583798294168
2021-04-15,339.47,342.01,336.2153,341.61,36342821,335.593983344538
2021-04-16,342.15,342.23,340.08,342.01,40860099,335.986939034764
2021-04-19,340.39,341.58,336.9016,338.88,34533129,332.912060758752
2021-04-20,338.2,339.52,334.3816,336.41,38081818,330.485559371611
2021-04-21,335.09,339.48,333.97,339.29,36598082,333.314840341233
2021-04-22,338.89,339.9,334.01,335.2,45936143,329.29686840868
2021-04-23,335.85,340.767,335.85,339.42,36414916,333.442550940556
2021-04-26,339.67,341.92,338.9,341.63,30811968,335.61363112905
2021-04-27,341.93,342.15,339.17,340.15,33187183,334.159695075217
2021-04-28,339.81,340.85,338.3301,339.0,33615696,333.029947465819
2021-04-29,342.37,342.8,336.9001,340.22,37708884,334.228462321006
2021-04-30,337.7,340.26,337.05,337.99,38263421,332.037734348001
2021-05-03,339.23,340.0,335.73,336.19,29729730,330.269433741988
2021-05-04,333.56,333.89,326.21,330.14,65146972,324.325978927332
2021-05-05,332.25,333.14,328.23,329.03,46219307,323.235526886957
2021-05-06,328.76,331.67,326.45,331.51,46814283,325.671852166353
2021-05-07,334.37,336.65,331.6914,334.2,53324460,328.314479183117
2021-05-10,332.78,332.96,325.55,325.76,60700462,320.023114119367
2021-05-11,319.7,326.1299,319.02,325.31,71963612,319.581038967863
2021-05-12,320.23,322.62,316.0,316.89,91164855,311.309321688624
2021-05-13,319.92,322.4,316.9,319.34,69877765,313.716175291253
2021-05-14,322.6,327.33,322.08,326.39,44370015,320.642019331471
2021-05-17,324.63,326.3721,321.45,324.41,39394997,318.696888664857
2021-05-18,325.39,326.65,321.94,322.22,36528454,316.545456260874
2021-05-19,316.66,322.9,316.3,322.59,66319108,316.908940274332
2021-05-20,324.12,329.71,323.89,328.83,46466135,323.039049041845
2021-05-21,330.43,330.86,326.64,327.01,50330449,321.25110065132
2021-05-24,329.37,333.67,326.9032,332.51,32475771,326.654241391916
2021-05-25,334.07,334.81,331.755,332.97,31280314,327.106140435675
2021-05-26,333.66,334.61,332.95,334.13,25444932,328.245711937328
2021-05-27,333.67,334.54,332.67,332.88,27931747,327.017725405374
2021-05-28,334.12,335.5699,333.6,333.93,29927449,328.049234092215
2021-06-01,335.3,335.785,331.43,332.82,31145424,326.958782051841
2021-06-02,333.25,334.34,331.695,333.47,22047940,327.597335048457
2021-06-03,330.55,331.86,328.28,330.0,37057825,324.188444435753
2021-06-04,331.85,336.0582,331.78,335.6,38736545,329.689824098905
2021-06-07,335.05,336.66,334.34,336.6,32611852,330.672213324468
2021-06-08,338.395,339.29,335.03,336.76,27282819,330.829395600558
2021-06-09,338.17,338.97,336.651,336.84,21485319,330.907986738603
2021-06-10,337.19,340.46,336.73,340.35,33702067,334.356172920329
2021-06-11,340.36,341.25,339.69,341.24,21222830,335.23049933108
2021-06-14,341.68,344.52,340.46,344.51,27827716,338.442912098671
2021-06-15,344.15,344.47,341.52,342.26,35963780,336.232536341154
2021-06-16,342.74,343.84,337.45,341.01,54252558,335.004549809201
2021-06-17,339.97,346.38,339.92,345.34,59722700,339.258295155888
2021-06-18,343.63,344.8082,341.86,342.63,55414862,336.596020354613
2021-06-21,342.43,344.69,340.15,344.36,32992649,338.685355935648
2021-06-22,344.15,348.03,343.84,347.57,28941626,341.842458945734
2021-06-23,347.51,348.92,346.88,347.74,27188454,342.009657547514
2021-06-24,349.73,351.46,349.17,349.89,32581605,344.124228099442
2021-06-25,350.47,350.72,348.84,349.46,28682801,343.701313989056
2021-06-28,350.78,353.85,350.72,353.71,39130305,347.881279033563
2021-06-29,353.53,355.0199,352.67,354.99,29426039,349.14018615285
2021-06-30,354.83,355.23,353.83,354.43,32723964,348.589414288162
2021-07-01,354.07,355.09,352.68,354.57,29289978,348.727107254334
2021-07-02,356.52,358.97,356.28,358.64,32727244,352.730038485192
2021-07-06,359.26,360.48,356.49,360.19,38842397,354.254496324953
2021-07-07,362.45,362.76,358.94,360.95,35265242,355.00197242703
2021-07-08,355.74,359.65,354.42,358.77,50890021,352.857896239494
2021-07-09,358.17,361.5,357.57,361.01,35184534,355.060983698246
2021-07-12,362.45,362.89,360.83,362.42,25717677,356.447748571836
2021-07-13,362.03,365.465,361.54,362.42,39723015,356.447748571836
2021-07-14,364.83,365.49,362.22,363.07,35336350,357.087037343349
2021-07-15,362.98,363.19,358.46,360.52,53391557,354.579058316644
2021-07-16,361.4,362.41,357.24,357.6,47261961,351.707176450771
2021-07-19,354.05,355.18,352.04,354.67,64404625,348.825459373029
2021-07-20,355.63,360.28,353.8,358.79,42183702,352.877566663233
2021-07-21,358.35,361.56,358.12,361.56,30259860,355.601920351065
2021-07-22,361.77,363.96,361.77,363.95,30252240,357.952535987858
2021-07-23,365.31,368.485,363.9157,368.2,31960799,362.132501032366
2021-07-26,367.49,368.89,366.601,368.49,28438126,362.417722176579
2021-07-27,368.22,368.22,360.16,364.43,57933148,358.424626157591
2021-07-28,365.6,367.45,363.24,365.83,42066195,359.801555819311
2021-07-29,365.25,367.6794,365.25,366.48,23166574,360.440844590824
2021-07-30,362.44,365.17,362.41,364.57,36484649,358.562319123763
2021-08-02,366.28,366.88,363.87,364.6,27334097,358.591824759371
2021-08-03,365.28,366.93,362.0,366.81,35558511,360.765406582515
2021-08-04,366.77,368.32,365.63,367.34,29602236,361.286672811595
2021-08-05,368.18,369.91,367.45,369.67,21443925,363.578277177172
2021-08-06,368.37,369.37,366.905,368.05,33332107,361.984972854324
2021-08-09,368.52,369.27,367.39,368.73,25960245,362.653767261445
2021-08-10,369.26,369.56,365.62,366.84,35130796,360.794912218123
2021-08-11,368.14,368.65,364.84,366.21,34249812,360.175293870349
2021-08-12,365.69,367.9,364.295,367.53,26003877,361.473541837114
2021-08-13,367.89,369.16,367.38,368.82,19113595,362.74228416827
2021-08-16,367.67,369.02,363.7,368.98,35044107,362.899647558181
2021-08-17,366.15,367.15,363.23,365.73,44793902,359.703203700617
2021-08-18,365.18,366.62,361.865,362.21,38541940,356.241209122578
2021-08-19,360.22,365.68,359.96,363.96,48499368,357.962371199728
2021-08-20,365.06,368.14,364.74,367.73,39486034,361.670246074502
2021-08-23,368.8,373.935,368.79,373.23,34034744,367.079612602688
2021-08-24,373.84,374.99,373.36,374.37,21732913,368.200826755803
2021-08-25,374.63,375.39,373.855,374.8,20441880,368.623740866189
2021-08-26,373.92,374.62,371.97,372.42,29133325,366.282960441265
2021-08-27,373.07,376.56,372.57,376.04,27104749,369.843307137998
2021-08-30,376.85,380.76,376.83,380.26,27295665,373.993766546897
2021-08-31,380.51,380.579,378.36,379.95,29628175,373.688874978944
2021-09-01,381.04,382.71,380.37,380.58,28138311,374.308493326718
2021-09-02,381.97,382.31,379.15,380.4,25503535,374.131459513069
2021-09-03,379.22,381.98,379.2003,381.57,24624937,375.282179301792
2021-09-07,381.68,382.778,380.4882,382.11,23970203,375.813280742741
2021-09-08,381.93,381.93,378.45,380.78,32949159,374.505197564107
2021-09-09,381.01,382.15,379.22,379.47,29398978,373.216784809212
2021-09-10,381.23,381.97,376.245,376.59,40249405,370.384243790816
2021-09-13,378.99,379.43,374.22,376.33,48741781,370.128528282211
2021-09-14,377.86,378.61,374.28,375.26,41826624,369.076160612182
2021-09-15,375.73,378.41,373.37,378.05,34097865,371.820184723753
2021-09-16,376.68,378.9,374.695,378.31,35193083,372.075900232358
2021-09-17,377.82,377.87,372.76,373.83,60912267,367.669725314854
2021-09-20,367.46,369.25,360.93,365.7,76203202,360.080787319496
2021-09-21,367.58,368.81,364.99,366.15,41927483,360.523872783794
2021-09-22,367.09,371.07,365.9584,369.57,46972920,363.891322312459
2021-09-23,370.76,374.04,370.099,372.98,44652002,367.248925497472
2021-09-24,370.65,373.76,370.27,373.33,36056800,367.59354752526
2021-09-27,370.2,371.2516,367.73,370.35,43338079,364.659337117242
2021-09-28,365.67,370.302,359.35,359.87,97701632,354.340368970924
2021-09-29,361.17,363.37,358.635,359.28,58076621,353.759434695511
2021-09-30,360.97,362.68,357.1,357.96,61384577,352.459717333571
2021-10-01,358.6,361.25,354.38,360.18,56375488,354.645605624107
2021-10-04,358.52,358.86,350.32,352.62,76766005,347.201769823901
2021-10-05,353.71,359.69,353.48,357.38,47232904,351.888629401809
2021-10-06,354.08,359.95,353.15,359.67,56806536,354.143442097903
2021-10-07,362.8,365.69,362.25,362.97,39411172,357.392735502755
2021-10-08,364.08,364.3166,360.61,361.16,41822309,355.610547301912
2021-10-11,359.58,363.2,358.3,358.39,34847182,352.883110110566
2021-10-12,359.88,360.33,356.48,357.14,43905101,351.652317154183
2021-10-13,359.51,360.69,357.43,360.0,40120795,354.468371438388
2021-10-14,363.69,366.85,363.01,366.63,43433867,360.996497279045
2021-10-15,367.88,369.06,366.82,368.94,40419878,363.271002662441
2021-10-18,367.61,372.87,366.99,372.65,34513514,366.923996156987
2021-10-19,373.75,375.52,372.6974,375.47,29090963,369.700665066588
2021-10-20,375.94,376.565,373.46,374.98,31390338,369.218194227686
2021-10-21,374.16,377.47,373.85,377.27,25469277,371.47300692378
2021-10-22,375.98,376.97,372.385,374.1,36275822,368.351715986392
2021-10-25,375.56,378.87,373.56,377.93,32597804,372.12286560475
2021-10-26,380.23,382.71,377.905,379.12,47191279,373.294580499227
2021-10-27,379.58,383.15,379.31,380.0,45760496,374.161058740521
2021-10-28,381.95,384.48,381.155,384.22,38007005,378.316215761271
2021-10-29,381.06,386.28,380.7,386.11,37310116,380.177174711322
2021-11-01,386.56,387.56,384.42,387.43,30483910,381.476892073263
2021-11-02,386.8,389.54,386.75,389.05,24161597,383.071999744736
2021-11-03,389.55,393.61,388.48,393.18,33748901,387.138539672626
2021-11-04,394.48,399.2,393.92,398.22,40265313,392.101096872764
2021-11-05,400.04,400.99,397.16,398.6,43383802,392.475257931504
2021-11-08,398.57,399.62,397.4,398.06,29256270,391.943555374347
2021-11-09,399.16,399.57,393.92,395.32,50119363,389.245657213954
2021-11-10,392.47,395.36,387.53,389.51,54937385,383.524931552685
2021-11-11,392.57,392.75,390.24,390.59,32242983,384.588336667
2021-11-12,391.77,395.25,390.13,394.7,32532903,388.635183907588
2021-11-15,395.91,396.24,392.095,394.61,33716861,388.546566814729
2021-11-16,393.86,397.93,393.66,397.42,27872940,391.313389380678
2021-11-17,397.75,399.7196,396.64,397.63,28703263,391.520162597351
2021-11-18,399.73,402.27,397.45,401.75,45721515,395.57685618159
2021-11-19,403.43,405.3,402.58,403.99,45191721,397.782437159429
2021-11-22,405.57,408.71,399.19,399.3,61715370,393.164501987079
2021-11-23,398.11,400.23,392.92,397.48,70098736,391.372467442585
2021-11-24,394.93,399.05,392.54,398.76,46954382,392.632799429921
2021-11-26,396.11,397.54,389.77,391.2,51533314,385.188963629715
2021-11-29,395.89,400.73,395.14,399.69,54447106,393.54850938947
2021-11-30,398.78,401.19,391.75,393.82,81332693,387.768705666294
2021-12-01,398.28,400.48,386.64,387.12,78379245,381.17165542008
2021-12-02,385.8,391.74,384.34,389.91,84416623,383.918785298728
2021-12-03,391.31,392.34,378.9,383.13,105349104,377.242964303305
2021-12-06,383.63,387.6,379.3,386.2,67588801,380.265791804182
2021-12-07,393.03,398.46,392.99,397.83,56005264,391.717089470372
2021-12-08,398.17,399.82,396.22,399.61,39204041,393.469738640262
2021-12-09,398.35,400.2,393.5299,393.73,49973714,387.680088573435
2021-12-10,396.62,398.28,393.36,398.01,52545767,391.894323656091
2021-12-13,398.0,398.325,391.88,392.26,50166410,386.232676056728
2021-12-14,387.3,390.09,383.63,388.2,75199181,382.235060534395
2021-12-15,387.94,397.4198,383.88,397.05,73858028,390.949074665589
2021-12-16,398.04,398.475,385.21,386.84,82591368,380.89595779785
2021-12-17,383.33,389.19,381.77,384.91,81642848,378.995613473194
2021-12-20,379.565,381.5,377.47,380.69,65336827,375.324315625801
2021-12-21,384.05,389.53,380.201,389.21,48899477,383.724229385374
2021-12-22,388.91,394.16,388.23,393.95,37042200,388.397420843165
2021-12-23,394.31,398.425,394.14,396.92,29595536,391.325559794565
2021-12-27,398.25,403.48,398.2194,403.48,32820705,397.793099027288
2021-12-28,404.4,404.58,400.71,401.61,33113728,395.949455983814
2021-12-29,401.75,403.05,399.11,401.55,32248484,395.890301661563
2021-12-30,401.33,403.5699,399.75,400.35,23850065,394.707215216553
2021-12-31,399.66,401.0589,397.34,397.85,33188225,392.242451789448
2022-01-03,399.05,401.94,396.88,401.68,40575854,396.018469359773
2022-01-04,402.24,402.28,393.288,396.47,58027206,390.881902377687
2022-01-05,394.74,395.89,384.03,384.29,75739847,378.873574960832
2022-01-06,382.42,387.35,380.13,384.02,70814324,378.607380510705
2022-01-07,384.03,385.76,378.04,379.86,72652304,374.506014168003
2022-01-10,374.82,380.64,369.31,380.11,91770497,374.752490510713
2022-01-11,379.355,385.9899,377.2182,385.82,67817036,380.38201017822
2022-01-12,388.46,390.2,385.01,387.35,54576366,381.890445395608
2022-01-13,388.77,389.47,376.7,377.66,77993962,372.33702235215
2022-01-14,375.07,380.35,374.86,380.01,80121210,374.653899973629
2022-01-18,374.04,376.22,369.7704,370.55,74312547,365.327235165465
2022-01-19,372.15,374.69,366.21,366.48,80204864,361.314600306138
2022-01-20,369.79,373.87,361.17,361.72,88610680,356.621690740931
2022-01-21,359.47,362.18,351.4,351.69,143388920,346.733059871386
2022-01-24,345.905,353.98,334.15,353.3,199448109,348.320367518442
2022-01-25,346.67,351.0295,341.68,345.11,124398394,340.245802531247
2022-01-26,352.91,356.88,340.78,344.57,146559524,339.713413630992
2022-01-27,349.4,351.27,340.05,341.1,95255656,336.292321994171
2022-01-28,343.03,352.02,337.95,351.8,108167897,346.841509462179
2022-01-31,353.2,363.65,351.52,363.05,94326389,357.93294488415
2022-02-01,364.43,366.19,359.14,365.52,74433023,360.36813115013
2022-02-02,369.76,370.1,364.285,368.49,78777135,363.29627010153
2022-02-03,358.53,361.93,352.46,353.55,95384771,348.566843861152
2022-02-04,354.08,361.4,351.97,358.01,86318301,352.963981815107
2022-02-07,358.62,361.05,353.84,355.13,58198087,350.124574347083
2022-02-08,353.96,360.24,352.8,359.12,64720897,354.058336776742
2022-02-09,363.76,366.81,362.12,366.73,55766422,361.561076648849
2022-02-10,359.52,366.4885,356.54,358.43,112468483,353.378062070861
2022-02-11,358.43,360.07,345.8,347.06,101569102,342.168318004388
2022-02-14,346.49,350.98,343.89,347.49,80254439,342.59225731385
2022-02-15,352.91,356.37,351.82,356.13,55390805,351.110479717924
2022-02-16,353.82,357.0896,350.71,356.04,58947086,351.021748234549
2022-02-17,352.74,353.46,345.02,345.45,61801353,340.581010357333
2022-02-18,346.41,346.81,339.14,341.51,80001513,336.696543196216
2022-02-22,338.49,344.04,334.35,338.08,84137644,333.314887774228
2022-02-23,341.32,342.183,329.1,329.42,86215371,324.776947262737
2022-02-24,318.84,341.04,318.26,340.49,130614053,335.690919717957
2022-02-25,341.31,345.98,337.39,345.77,78842088,340.896500076002
2022-02-28,342.51,348.54,341.32,346.8,77515544,341.91198260797
2022-03-01,345.75,348.078,338.9,341.49,67407000,336.676825088799
2022-03-02,343.08,348.59,340.24,347.22,70609015,342.326062863723
2022-03-03,349.93,350.04,340.35,342.26,71089385,337.435972224347
2022-03-04,339.84,341.31,334.92,337.3,77009763,332.545881584972
2022-03-07,337.29,338.48,324.65,324.86,89933794,320.281218771698
2022-03-08,324.05,333.21,319.94,323.35,116153921,318.792501661727
2022-03-09,331.75,336.38,329.09,334.99,64723366,330.268440178327
2022-03-10,330.82,332.51,326.71,331.27,69362714,326.600872198795
2022-03-11,334.32,334.64,323.9,324.4,66228432,319.827702301111
2022-03-14,323.13,326.59,317.45,318.17,79802606,313.685511840766
2022-03-15,320.88,328.95,319.23,328.15,76470991,323.524847441768
2022-03-16,332.17,340.44,328.401,340.32,105242954,335.523315804914
2022-03-17,338.37,344.5,337.0406,344.44,67809951,339.585245932783
2022-03-18,342.74,351.79,341.55,351.49,83047415,346.535878797218
2022-03-21,350.2,352.48,345.575,350.08,72751026,345.573329524611
2022-03-22,350.59,357.85,350.2,356.96,62230899,352.364761503386
2022-03-23,354.01,357.66,351.77,351.83,70615457,347.300801321538
2022-03-24,353.8,359.7,351.5939,359.65,53555251,355.020132436947
2022-03-25,359.59,360.67,354.9438,359.35,57227368,354.723994414617
2022-03-28,359.34,365.01,358.07,364.91,56833866,360.212419095138
2022-03-29,368.9,371.83,366.06,371.19,68072955,366.411575029252
2022-03-30,369.275,370.98,365.57,367.09,68757710,362.364355390738
2022-03-31,367.24,367.6,361.68,362.54,67011405,357.872928718729
2022-04-01,362.81,363.61,358.59,361.85,54527761,357.191811267369
2022-04-04,362.71,369.31,362.44,369.3,45950171,364.545905488571
2022-04-05,367.81,368.54,359.93,361.1,61230958,356.451466211544
2022-04-06,355.65,356.78,350.56,353.26,90077072,348.712392561312
2022-04-07,352.24,356.35,348.69,354.1,63777373,349.541579023837
2022-04-08,352.32,353.09,348.5,349.15,61956094,344.655301655388
2022-04-11,344.81,345.75,340.535,340.89,66107401,336.501634773894
2022-04-12,345.76,347.69,338.035,339.45,72790215,335.080172266709
2022-04-13,339.8,347.43,339.06,346.35,61367755,341.891346780305
2022-04-14,346.44,346.97,338.21,338.43,73519367,334.073302990786
2022-04-18,337.35,341.04,335.791,338.69,58560555,334.329955943472
2022-04-19,338.03,346.85,336.98,346.26,56515684,341.802505373606
2022-04-20,347.09,347.56,339.96,341.21,64336557,336.817515331046
2022-04-21,345.19,347.87,333.2,334.15,75801008,329.848400538874
2022-04-22,334.31,335.56,324.96,325.4,82562145,321.211041554241
2022-04-25,323.73,329.9,322.43,329.58,101755856,325.337231332043
2022-04-26,327.47,327.66,316.855,317.14,100712246,313.057374672747
2022-04-27,317.24,322.88,315.0,316.76,111204164,312.682266511129
2022-04-28,321.85,329.89,317.52,328.01,99449957,323.787442348514
2022-04-29,323.7,327.225,312.6,313.25,91977859,309.217451649864
2022-05-02,312.83,318.72,309.645,318.48,115511770,314.380124505822
2022-05-03,318.5,321.17,315.98,318.82,78185527,314.715747597797
2022-05-04,319.31,330.29,313.891,329.6,114790439,325.356973866865
2022-05-05,325.17,325.25,309.62,313.0,154607447,308.970669964589
2022-05-06,310.95,315.09,305.105,309.25,139572805,305.268944685461
2022-05-09,303.48,309.3487,295.72,297.15,113387342,293.32471111814
2022-05-10,304.51,305.76,296.57,300.76,124124550,296.888238653514
2022-05-11,298.44,304.09,290.95,291.84,140326148,288.083068122894
2022-05-12,287.45,295.75,284.94,291.15,120910850,287.401950671534
2022-05-13,295.72,302.999,294.0825,301.94,83684931,298.053048208013
2022-05-16,300.15,302.26,297.13,298.44,59190432,294.59810461416
2022-05-17,304.45,306.56,300.55,306.17,62715293,302.22859432287
2022-05-18,301.54,302.25,289.85,291.14,79477109,287.392079404123
2022-05-19,289.29,294.39,287.58,289.58,79920709,285.852161688006
2022-05-20,293.13,293.8,280.21,288.68,91764174,284.963747621015
2022-05-23,289.75,293.87,287.29,293.48,63648400,289.701955978299
2022-05-24,288.125,288.86,282.25,287.24,73491124,283.542285113829
2022-05-25,285.71,293.39,285.5,291.26,67144548,287.510534613055
2022-05-26,290.44,300.92,290.15,299.33,59462231,295.47664741374
2022-05-27,302.54,309.25,302.42,309.1,66985596,305.120875674296
2022-05-31,309.07,311.33,304.33,308.28,60968330,304.311431746593
2022-06-01,310.47,312.65,303.73,306.0,65341653,302.060782776883
2022-06-02,304.85,314.56,303.4001,314.38,59291333,310.332904867308
2022-06-03,309.03,310.47,304.92,306.2,60914684,302.258208125103
2022-06-06,310.75,312.35,305.62,307.22,51785013,303.265077401026
2022-06-07,303.81,310.67,302.6886,309.87,44900292,305.880963264943
2022-06-08,309.05,311.72,306.77,307.64,38342062,303.679670632288
2022-06-09,305.91,309.05,299.23,299.4,55900475,295.545746285617
2022-06-10,293.65,294.87,288.384,288.84,85963456,285.121687899591
2022-06-13,279.75,282.34,274.53,275.41,94442009,271.864575766605
2022-06-14,277.66,278.66,273.3375,275.91,64697521,272.358139137156
2022-06-15,279.415,286.83,276.61,282.8,86051428,279.159442383341
2022-06-16,275.59,276.06,269.28,271.39,81910297,267.89632626738
2022-06-17,272.18,277.19,270.5119,274.69,82703402,271.153844513013
2022-06-21,278.75,283.45,278.64,281.08,51633741,277.982195031904
2022-06-22,278.52,285.18,277.91,280.67,67472924,277.576713674415
2022-06-23,283.21,285.72,280.31,284.85,57457796,281.710645562964
2022-06-24,287.74,295.04,287.5001,294.61,58422262,291.36307982905
2022-06-27,296.0,296.5799,291.29,292.45,54151452,289.226885360326
2022-06-28,293.0,295.65,283.35,283.54,61867060,280.41508317684
2022-06-29,283.4,285.34,280.84,283.8,57302726,280.672217696223
2022-06-30,280.75,283.9441,275.78,280.28,79313580,277.19101189534
2022-07-01,278.95,282.53,277.03,282.13,56675107,279.020622898645
2022-07-05,278.31,287.08,276.7501,286.96,61829272,283.797391085653
2022-07-06,287.35,290.95,285.59,288.8,63194715,285.617112299751
2022-07-07,289.63,295.7,289.63,294.98,56620114,291.729002029711
2022-07-08,292.08,296.75,291.12,295.35,59895478,292.094924230372
2022-07-11,292.88,293.11,288.14,289.04,55273920,285.85446724072
2022-07-12,290.32,292.28,284.61,286.24,55797088,283.085326262745
2022-07-13,280.6,288.05,280.02,285.65,73939418,282.501828699529
2022-07-14,282.99,287.56,279.8,286.67,63741837,283.510587198648
2022-07-15,289.73,291.98,288.08,291.87,63818149,288.653277586317
2022-07-18,294.72,296.16,288.2,289.4,59519581,286.210499652174
2022-07-19,293.11,298.6,291.47,298.3,55172640,295.012412046453
2022-07-20,298.73,304.24,297.9329,303.03,67769430,299.69028234139
2022-07-21,303.5,307.435,300.78,307.38,55049363,303.992340646459
2022-07-22,306.43,308.55,300.115,301.99,57127715,298.661744263857
2022-07-25,302.02,302.5,298.22,300.27,40582381,296.960700520243
2022-07-26,298.53,298.79,293.54,294.37,50074122,291.125724888081
2022-07-27,299.04,308.54,298.46,306.81,69304364,303.428622661657
2022-07-28,306.59,310.3965,302.745,309.81,55139941,306.395559423774
2022-07-29,311.385,316.39,309.931,315.46,57501043,311.98329032576
2022-08-01,313.65,318.81,312.53,315.27,46358833,311.795384330826
2022-08-02,312.92,318.545,311.8401,314.33,48676501,310.865744145362
2022-08-03,316.05,323.7291,315.99,322.89,53735729,319.331403706602
2022-08-04,322.97,324.72,320.77,324.4,38973659,320.824761876867
2022-08-05,319.19,323.83,318.39,321.75,53893972,318.203967736997
2022-08-08,322.69,326.47,319.21,320.71,44066297,317.175429659464
2022-08-09,318.77,319.03,315.42,317.08,39764220,313.585436177303
2022-08-10,324.59,326.23,322.0601,325.93,51459564,322.337899625546
2022-08-11,328.305,330.36,323.36,324.08,45897650,320.508288622241
2022-08-12,326.175,330.585,325.1001,330.39,40928379,326.748745611893
2022-08-15,329.42,333.5652,329.4,333.06,38266614,329.389319330177
2022-08-16,332.055,334.4209,329.16,332.28,41186864,328.617915772026
2022-08-17,329.07,331.43,326.36,328.49,47842155,324.869685662553
2022-08-18,328.44,330.49,326.79,329.28,41937172,325.65097900991
2022-08-19,326.17,326.84,322.08,322.86,51770570,319.301734338981
2022-08-22,318.5,318.74,313.53,314.36,51098890,310.895413512984
2022-08-23,314.12,317.0,313.33,314.1,39497074,310.6382789936
2022-08-24,313.61,316.87,312.99,315.01,38057059,311.538249811442
2022-08-25,316.83,320.6,315.7577,320.58,38098255,317.046862399772
2022-08-26,320.28,321.51,307.35,307.44,69047740,304.051679381702
2022-08-29,304.62,307.22,303.28,304.41,47629824,301.055073251964
2022-08-30,306.1,306.73,298.44,301.02,51184500,297.702434710772
2022-08-31,303.99,304.91,299.16,299.27,50044041,295.971721599538
2022-09-01,296.72,299.78,292.95,299.4,57990745,296.100288859229
2022-09-02,302.34,303.75,293.52,295.17,64666839,291.916908024645
2022-09-06,295.66,296.6,290.87,293.05,55980010,289.820272712749
2022-09-07,293.54,299.99,293.27,298.97,49260381,295.675027923326
2022-09-08,296.85,301.87,295.45,300.52,55649821,297.207945250419
2022-09-09,302.83,307.6,300.5209,307.09,56125215,303.705536759455
2022-09-12,308.5,311.08,308.18,310.74,45905737,307.31530982003
2022-09-13,301.8,303.02,292.785,293.7,79562172,290.463109011208
2022-09-14,294.865,296.93,293.06,296.03,54907198,292.767429896452
2022-09-15,294.07,296.53,289.46,291.1,65299411,287.891763817374
2022-09-16,287.72,289.72,285.62,289.32,79920391,286.131381338518
2022-09-19,286.1,291.21,286.04,291.05,52613831,288.355159780459
2022-09-20,288.49,291.07,286.38,288.73,51271117,286.056640726377
2022-09-21,289.59,293.95,283.42,283.56,82930963,280.934509903271
2022-09-22,282.0,283.03,278.815,280.07,61442267,277.476823912432
2022-09-23,277.55,277.85,272.02,275.51,74815189,272.959045081994
2022-09-26,275.03,279.49,273.56,274.37,71176694,271.829600374385
2022-09-27,277.81,280.21,272.11,274.48,69780115,271.938581881259
2022-09-28,274.46,281.25,272.945,279.94,79652140,277.348027586125
2022-09-29,275.86,276.25,268.84,271.87,81215957,269.352747945416
2022-09-30,271.03,275.19,267.1,267.26,78482378,264.785432066399
2022-10-03,269.07,275.16,267.53,273.53,61267449,270.997377958251
2022-10-04,278.99,282.85,278.99,282.13,66696931,279.517750313901
2022-10-05,278.28,283.81,275.42,281.98,55766318,279.369139168163
2022-10-06,280.96,284.18,279.43,279.76,53489411,277.16969421124
2022-10-07,275.02,275.15,267.74,269.1,71354674,266.60839545412
2022-10-10,269.3,269.7,263.64,266.41,60392990,263.94330224055
2022-10-11,264.7,267.63,261.03,262.75,66522509,260.317190284541
2022-10-12,263.4,265.36,261.95,262.66,50580179,260.228023597098
2022-10-13,255.16,270.17,254.26,268.82,112894068,266.330987982075
2022-10-14,271.2,271.81,260.14,260.74,77244302,258.325800931651
2022-10-17,266.84,270.24,266.74,269.35,64576452,266.856080697017
2022-10-18,276.53,277.21,268.74,271.48,69780995,268.966358966497
2022-10-19,269.93,273.68,268.07,270.49,53115405,267.985525404626
2022-10-20,269.58,274.84,267.92,269.11,60605496,266.618302863836
2022-10-21,267.98,275.969,266.8236,275.42,77897694,272.869878394551
2022-10-24,275.69,279.4,271.97,278.45,63963569,275.87182353846
2022-10-25,279.41,284.6,277.9,284.21,59014494,281.578491534803
2022-10-26,278.46,283.98,277.43,277.93,63898246,275.356638233235
2022-10-27,276.79,278.2795,272.34,272.87,57760302,270.343488917004
2022-10-28,272.23,281.698,272.06,281.22,62651312,278.616176029757
2022-10-31,278.92,279.76,275.99,277.95,47741952,275.376453052667
2022-11-01,281.495,282.07,274.74,275.11,45895897,272.562748693359
2022-11-02,275.08,278.21,265.61,265.68,79803142,263.220061331292
2022-11-03,263.01,264.5,260.1,260.49,70038903,258.078115688754
2022-11-04,265.53,266.61,259.08,264.68,78313213,262.229320359704
2022-11-07,265.75,268.14,263.57,267.59,47333828,265.112376587023
2022-11-08,269.14,272.85,265.52,269.54,63213785,267.044321481618
2022-11-09,267.76,268.56,263.03,263.32,64862129,260.881912638346
2022-11-10,276.01,283.05,273.85,282.75,99256693,280.132009716285
2022-11-11,282.56,288.64,281.19,287.96,66961751,285.293770178255
2022-11-14,285.86,289.215,284.44,285.44,55080048,282.797102929855
2022-11-15,292.21,293.26,285.97,289.39,73985372,286.710529767625
2022-11-16,287.39,289.4838,284.6,285.44,48859804,282.797102929855
2022-11-17,280.88,286.3189,280.72,284.81,55462076,282.172936117755
2022-11-18,287.89,287.99,282.3211,284.82,53588631,282.182843527471
2022-11-21,283.4,284.58,281.04,281.89,40083527,279.27997248072
2022-11-22,282.64,286.11,280.46,285.95,41873444,283.302380825364
2022-11-23,285.97,289.46,285.79,288.82,46389967,286.14580741382
2022-11-25,287.19,287.91,286.42,286.92,15498797,284.263399567804
2022-11-28,284.9,286.96,281.76,282.71,38877045,280.092380077422
2022-11-29,282.94,283.35,279.17,280.57,35618878,277.972194398225
2022-11-30,280.84,293.47,279.97,293.36,74718088,290.643771424826
2022-12-01,293.69,295.75,290.88,293.72,51547332,291.000438174597
2022-12-02,288.54,293.45,288.36,292.55,53583172,289.84127123784
2022-12-05,290.38,291.68,286.15,287.64,41482121,284.976733067347
2022-12-06,287.48,287.62,280.255,281.68,53937605,279.071916876687
2022-12-07,280.47,282.57,278.7801,280.53,45614254,277.932564759362
2022-12-08,281.91,284.84,279.79,283.85,42594913,281.221824785031
2022-12-09,282.81,285.64,281.59,282.04,47860487,279.428583626458
2022-12-12,282.22,285.64,281.16,285.58,35732518,282.935806665877
2022-12-13,296.65,296.875,285.91,288.65,80667675,285.97738144865
2022-12-14,288.05,291.41,283.19,286.51,64984432,283.857195769453
2022-12-15,282.33,283.01,275.67,276.89,60554119,274.326267622784
2022-12-16,276.2,277.77,272.61,274.25,68300351,271.710711457794
2022-12-19,273.87,273.96,268.49,269.75,44167920,267.90171862584
2022-12-20,268.56,271.32,266.95,269.54,51064199,267.69315751032
2022-12-21,270.6,274.78,269.74,273.45,46394694,271.576366851662
2022-12-22,270.38,270.5149,262.455,266.76,60278377,264.932205600107
2022-12-23,265.47,268.04,263.53,267.36,39373584,265.528094501592
2022-12-27,266.74,266.85,263.03,263.58,38009005,261.773994422238
2022-12-28,263.17,265.47,259.73,260.1,47139043,258.317838793627
2022-12-29,262.96,267.405,262.25,266.44,45893567,264.614398185982
2022-12-30,263.62,266.41,262.29,266.28,37858277,264.45549447892
2023-01-03,268.65,270.155,262.13,264.48,42335325,262.667827774465
2023-01-04,266.64,267.45,262.53,265.74,47754861,263.919194467583
2023-01-05,264.04,264.21,261.26,261.58,45396744,259.787698083956
2023-01-06,263.35,269.94,260.34,268.8,54659739,266.958227865155
2023-01-09,270.83,275.29,269.92,270.54,45568676,268.686305679461
2023-01-10,269.49,272.94,268.97,272.83,35247763,270.960614986794
2023-01-11,273.92,277.66,273.12,277.55,44077036,275.648274345141
2023-01-12,278.12,280.1,273.74,279.05,60599953,277.137996598853
2023-01-13,276.5,281.219,276.16,280.97,44802936,279.044841083604
2023-01-17,280.77,282.85,279.581,281.54,36269738,279.610935540014
2023-01-18,283.11,284.69,277.67,277.88,47754549,275.976013240958
2023-01-19,276.22,277.375,273.89,275.15,44150436,273.264718739202
2023-01-20,276.79,283.02,275.71,282.68,60613606,280.743124452835
2023-01-23,283.54,290.21,282.73,288.96,52799905,286.980094955042
2023-01-24,287.31,289.55,286.78,288.37,44875146,286.394137535249
2023-01-25,283.77,288.36,281.18,287.73,50872022,285.758522706998
2023-01-26,291.22,293.52,288.519,293.34,51596335,291.330083935881
2023-01-27,292.0,298.26,291.88,296.26,56441939,294.230076589773
2023-01-30,292.93,294.38,289.89,290.27,49405833,288.281119056617
2023-01-31,290.31,294.72,290.2,294.62,46705106,292.601313592381
2023-02-01,294.41,303.43,292.3,300.92,67562173,298.858147057971
2023-02-02,307.57,313.68,306.73,311.72,83070628,309.584147284696
2023-02-03,304.94,312.39,304.54,306.18,76170804,304.082106427654
2023-02-06,303.51,305.91,302.22,303.59,40802348,301.509852669578
2023-02-07,303.46,311.03,302.32,309.88,67583981,307.756754653476
2023-02-08,308.54,309.5,303.67,304.37,56720860,302.284508241508
2023-02-09,308.84,308.99,300.2,301.68,49137818,299.612939666518
2023-02-10,299.48,301.57,297.25,299.7,50050104,297.646506291619
2023-02-13,301.13,305.1,299.93,304.5,39636720,302.413617503496
2023-02-14,302.89,307.72,300.91,306.75,64079057,304.648200884064
2023-02-15,304.9,309.27,304.2,309.1,43427298,306.982099081546
2023-02-16,304.38,308.43,303.15,303.3,59498630,301.221839700527
2023-02-17,301.07,301.93,298.1,301.16,58230729,299.096502618565
2023-02-21,297.26,298.73,293.89,294.03,46526708,292.015356172588
2023-02-22,294.62,296.3599,292.56,294.25,51389237,292.233848769799
2023-02-23,297.97,298.13,292.55,296.82,69294443,294.786239564492
2023-02-24,291.76,292.97,290.05,291.85,74331958,289.85029316386
2023-02-27,295.07,296.49,293.34,293.94,48995009,291.925972837365
2023-02-28,293.3,296.124,292.96,293.56,48243141,291.548576533092
2023-03-01,293.26,293.93,290.2,291.2,58286972,289.204746853918
2023-03-02,288.66,294.43,288.37,293.61,53738557,291.598233941549
2023-03-03,295.39,299.92,294.87,299.68,60511540,297.626643328236
2023-03-06,300.94,304.0,299.82,300.02,56736294,297.964313705744
2023-03-07,300.07,301.01,295.72,296.34,65955756,294.309528443304
2023-03-08,296.77,298.43,294.88,297.82,50876265,295.779387733633
2023-03-09,298.33,300.98,291.8299,292.66,71456691,290.654743180865
2023-03-10,292.83,294.35,287.38,288.55,98593561,286.572904205694
2023-03-13,286.73,294.47,285.19,290.69,97123603,288.698241287656
2023-03-14,294.31,297.93,293.45,297.37,73602545,295.33247105752
2023-03-15,294.71,299.27,293.24,298.93,83631535,296.88178220138
2023-03-16,298.0,307.18,297.19,306.81,98556824,304.707789774213
2023-03-17,306.72,309.15,303.37,305.36,89923732,303.267724928958
2023-03-20,304.26,306.3,302.01,305.97,56359491,304.342539672048
2023-03-21,307.94,310.8,306.395,310.34,49757048,308.68929555781
2023-03-22,310.27,315.25,305.95,306.12,75791914,304.491741819156
2023-03-23,309.92,314.15,307.01,309.75,74575981,308.102433779183
2023-03-24,309.32,310.99,306.95,310.89,57245803,309.236370097208
2023-03-27,311.6,312.7,307.89,308.76,50287407,307.117699608267
2023-03-28,308.17,308.2,304.774,307.12,48585917,305.48642279988
2023-03-29,310.88,313.35,310.05,312.72,53274266,311.056636291933
2023-03-30,315.24,316.32,312.8088,315.68,58354808,314.000891994875
2023-03-31,315.91,321.17,315.6,320.93,62138097,319.222967143675
2023-04-03,318.77,320.42,317.4201,320.15,47126839,318.44711597871
2023-04-04,320.6,321.63,317.8251,319.07,45875384,317.372860519529
2023-04-05,318.1,319.06,314.07,315.92,62795706,314.239615430249
2023-04-06,314.24,318.55,312.82,318.05,46916496,316.358285919191
2023-04-10,315.07,317.92,313.25,317.87,45134736,316.17924334266
2023-04-11,317.83,317.89,315.31,315.83,40113594,314.150094141984
2023-04-12,317.82,318.42,312.565,313.04,62813305,311.374934205765
2023-04-13,314.83,319.65,313.63,319.17,54613792,317.472328617601
2023-04-14,317.59,320.36,315.61,318.57,56278284,316.875520029167
2023-04-17,318.15,319.1999,316.04,318.84,42546361,317.144083893962
2023-04-18,320.99,321.42,317.64,318.86,46746940,317.163977513577
2023-04-19,316.41,319.79,316.28,318.71,38960127,317.014775366468
2023-04-20,315.69,319.27,314.97,316.28,62462142,314.597700583309
2023-04-21,315.91,317.4,314.1,316.61,59002285,314.925945306948
2023-04-24,316.38,317.7391,313.74,315.95,44043063,314.269455859671
2023-04-25,314.29,314.97,309.89,309.99,57121644,308.341157214557
2023-04-26,313.44,314.935,311.34,311.87,53431194,310.211157458318
2023-04-27,315.7,320.86,315.05,320.35,65430392,318.646052174855
2023-04-28,320.11,322.65,318.96,322.56,59712635,320.844297142255
2023-05-01,322.09,323.63,321.09,322.19,41013386,320.476265179387
2023-05-02,322.12,322.45,317.61,319.38,56519407,317.681211623553
2023-05-03,319.75,322.47,317.18,317.29,59882070,315.60232837384
2023-05-04,317.06,318.23,315.115,316.17,50224520,314.48828567543
2023-05-05,318.47,323.76,316.2116,322.89,51806098,321.172541865893
2023-05-08,322.42,324.04,321.315,323.69,36465796,321.968286650472
2023-05-09,322.0,322.88,321.32,321.64,31768800,319.929190639989
2023-05-10,324.12,326.01,321.6,325.14,60446623,323.410574072522
2023-05-11,325.7,326.75,324.12,326.2,44278548,324.464935912089
2023-05-12,326.74,327.17,322.94,325.03,48432836,323.301159164642
2023-05-15,325.51,327.03,323.96,326.79,33375559,325.051797690716
2023-05-16,326.06,328.9025,326.02,327.16,40019151,325.419829653584
2023-05-17,328.24,331.71,327.04,331.12,47486124,329.35876633725
2023-05-18,331.52,337.49,331.5,337.27,64213466,335.476054368701
2023-05-19,337.49,338.205,335.43,336.51,61554926,334.720096823351
2023-05-22,336.25,338.67,336.24,337.64,43015948,335.844086331569
2023-05-23,335.89,337.06,333.0,333.36,48216663,331.586851734071
2023-05-24,331.37,332.905,329.56,331.65,62891169,329.885947257034
2023-05-25,339.14,341.01,336.665,339.72,66862773,337.913022771474
2023-05-26,340.76,349.245,340.66,348.4,63006952,346.546853684156
2023-05-30,352.71,353.93,348.53,349.98,72652156,348.1184496337
2023-05-31,348.37,350.6,346.51,347.99,64205020,346.13903448206
2023-06-01,347.73,353.36,346.66,352.01,50488601,350.137652024569
2023-06-02,353.8,355.83,352.01,354.65,53372113,352.76360981368
2023-06-05,354.43,357.495,353.85,354.9,47266228,353.012280058861
2023-06-06,354.28,355.82,352.93,354.84,41390400,352.952599200017
2023-06-07,355.13,357.12,348.18,348.82,69225936,346.96461969606
2023-06-08,349.12,353.62,348.89,353.15,47153922,351.271588342594
2023-06-09,354.63,357.66,353.03,354.5,53196927,352.614407666571
2023-06-12,356.19,360.59,355.2,360.49,44817646,358.572546741107
2023-06-13,363.29,364.11,360.03,363.26,57097804,361.327813057711
2023-06-14,363.27,366.19,360.42,365.9,69525642,363.953770846822
2023-06-15,364.61,371.77,363.98,370.26,71138823,368.290579922778
2023-06-16,372.72,372.85,367.48,367.93,80931971,365.972973237691
2023-06-20,365.95,368.32,363.8899,366.9,49204722,365.449721307782
2023-06-21,365.74,366.18,360.96,361.9,53378256,360.469485258343
2023-06-22,360.63,366.33,360.22,366.17,47603043,364.722606844564
2023-06-23,362.21,364.88,360.8227,362.54,48922911,361.106955472671
2023-06-26,362.0,364.84,357.59,357.68,52685478,356.266166032617
2023-06-27,359.25,364.57,358.51,363.83,49428091,362.391856373426
2023-06-28,361.98,366.52,361.9038,364.54,46498031,363.099049892447
2023-06-29,364.24,364.89,362.14,363.81,46150967,362.371935429229
2023-06-30,367.55,370.49,367.23,369.42,58712501,367.959760276699
2023-07-03,370.07,370.93,368.97,370.29,19432862,368.826321349301
2023-07-05,368.695,372.01,368.66,370.28,34460883,368.816360877202
2023-07-06,366.51,367.91,364.52,367.46,49374728,366.007507745319
2023-07-07,367.23,370.48,366.01,366.24,47133749,364.792330149256
2023-07-10,365.96,367.05,363.41,366.36,48498800,364.911855814442
2023-07-11,366.79,368.632,364.62,368.17,38214146,366.714701264339
2023-07-12,372.34,374.19,370.3,372.82,61703696,371.346320790317
2023-07-13,376.05,379.99,375.46,379.15,46960012,377.651299628905
2023-07-14,379.585,382.86,378.18,379.07,55148500,377.571615852114
2023-07-17,379.8,383.5,379.31,382.61,40868915,381.097622975117
2023-07-18,381.96,387.13,380.0,385.74,55343438,384.215250742065
2023-07-19,386.82,387.98,384.3,385.65,54092958,384.125606493175
2023-07-20,382.61,384.095,375.72,376.76,71941674,375.270746797274
2023-07-21,379.18,379.92,375.191,375.63,60499643,374.145213450101
2023-07-24,376.62,377.58,374.34,376.23,40380056,374.742841776034
2023-07-25,376.95,380.47,376.93,378.78,38894384,377.282762161247
2023-07-26,377.72,379.24,375.18,377.52,47075710,376.027742676789
2023-07-27,383.07,384.71,375.31,376.62,63940225,375.13130018789
2023-07-28,380.74,384.52,380.22,383.48,56902926,381.964184047719
2023-07-31,383.79,384.88,382.34,383.68,44019905,382.163393489697
2023-08-01,382.31,383.56,380.69,382.79,41308457,381.276911472897
2023-08-02,379.26,379.26,373.13,374.39,72687107,372.91011490984
2023-08-03,371.94,375.95,371.77,373.79,47855381,372.312486583908
2023-08-04,375.75,378.1,371.53,372.04,61702759,370.569403966604
2023-08-07,373.88,375.29,371.51,375.19,37230444,373.70695267775
2023-08-08,372.64,372.66,368.82,372.0,44726453,370.529562078209
2023-08-09,372.29,372.45,367.14,367.91,51150900,366.455728989768
2023-08-10,370.97,374.36,367.035,368.59,72035265,367.133041092492
2023-08-11,365.99,368.0,364.69,366.24,48707187,364.792330149256
2023-08-14,365.43,370.47,364.7,370.35,42130802,368.886084181894
2023-08-15,369.36,370.169,365.74,366.42,45539891,364.971618647036
2023-08-16,365.87,367.43,362.44,362.54,53190525,361.106955472671
2023-08-17,363.96,364.31,358.16,358.58,62604338,357.162608521516
2023-08-18,355.26,359.41,354.71,358.13,61191389,356.714387277067
2023-08-21,359.62,364.59,359.15,363.9,50696518,362.461579678119
2023-08-22,366.55,366.56,362.68,363.38,44613509,361.943635128977
2023-08-23,364.58,370.22,364.36,369.11,51770603,367.650985641633
2023-08-24,372.64,372.74,361.01,361.22,66842491,359.79217315562
2023-08-25,362.07,365.74,358.58,364.02,69960465,362.581105343305
2023-08-28,366.99,367.71,364.25,366.76,40910019,365.310274698397
2023-08-29,366.56,375.13,366.231,374.77,58492371,373.288612849597
2023-08-30,374.88,377.4467,373.86,376.86,41731511,375.370351518263
2023-08-31,376.94,379.719,376.87,377.99,35730701,376.495884865436
2023-09-01,380.4,380.83,376.0801,377.59,39801177,376.097465981481
2023-09-05,376.77,379.3093,375.83,378.07,32344222,376.575568642227
2023-09-06,377.28,377.63,372.7,374.74,42998735,373.258731433301
2023-09-07,370.21,372.85,369.15,372.06,52060716,370.589324910802
2023-09-08,372.01,374.85,371.6,372.58,35847359,371.107269459943
2023-09-11,375.66,377.49,373.66,376.97,39936634,375.47991671135
2023-09-12,375.27,376.9517,372.5,372.79,41391024,371.31643937402
2023-09-13,373.03,375.84,371.88,374.21,46300677,372.73082641206
2023-09-14,375.99,378.27,373.89,377.27,48039388,375.778730874317
2023-09-15,375.91,376.32,369.86,370.81,69811206,369.344265898442
2023-09-18,369.32,371.79,369.03,370.66,36903545,369.731578856007
2023-09-19,369.32,370.6826,366.8,369.87,37621734,368.943557630905
2023-09-20,370.95,371.31,364.46,364.54,45514189,363.626908099522
2023-09-21,360.8,361.6,357.69,357.86,69734845,356.963640018914
2023-09-22,359.63,361.8,357.59,357.91,51589689,357.013514779997
2023-09-25,356.93,359.7,355.93,359.61,39167985,358.709256656798
2023-09-26,356.99,357.54,353.2101,354.21,53657748,353.322782459899
2023-09-27,355.38,356.98,351.36,355.04,56065972,354.150703493867
2023-09-28,354.11,360.17,353.24,358.01,56453312,357.113264302161
2023-09-29,361.54,362.95,357.02,358.27,64829616,357.37261305979
2023-10-02,358.54,362.68,357.92,361.26,51625054,360.355123772517
2023-10-03,358.78,361.01,353.275,354.92,60478489,354.031004067269
2023-10-04,355.77,360.61,355.3,359.75,54786686,358.848905987829
2023-10-05,359.74,360.15,355.14,358.69,45897390,357.791561052882
2023-10-06,355.65,365.91,354.85,364.7,75049119,363.786507334986
2023-10-09,362.3,367.11,360.78,366.56,45304766,365.641848447251
2023-10-10,366.9,371.28,366.39,368.59,46968806,367.666763747196
2023-10-11,369.94,371.412,368.19,371.22,38215088,370.29017618013
2023-10-12,371.73,373.74,367.5,369.93,49587942,369.003407344204
2023-10-13,370.57,371.16,363.86,365.28,52519876,364.365054563541
2023-10-16,366.62,370.48,366.47,369.41,44201059,368.484709828947
2023-10-17,365.81,369.92,363.66,368.2,50999102,367.277740610753
2023-10-18,365.67,367.91,362.02,363.37,54280490,362.459838690194
2023-10-19,364.81,366.02,359.16,359.97,72274238,359.068354936591
2023-10-20,359.46,360.04,354.37,354.6,72559723,353.711805596342
2023-10-23,353.26,359.26,351.1199,355.67,60665185,354.779125483505
2023-10-24,357.51,359.91,355.79,359.13,47082078,358.230458950407
2023-10-25,356.7,356.88,349.75,350.34,71190536,349.462475952122
2023-10-26,349.12,350.07,342.35,343.66,78621425,342.799207871514
2023-10-27,346.43,348.84,344.08,345.31,63476707,344.445074987233
2023-10-30,347.83,350.54,346.45,349.2,55298536,348.325331399443
2023-10-31,349.23,351.25,346.62,350.87,47671906,349.991148419595
2023-11-01,351.72,357.5298,351.62,356.96,58992666,356.065894319431
2023-11-02,361.54,363.68,360.3,363.44,58162442,362.529663355709
2023-11-03,364.75,369.02,364.52,367.71,53280457,366.788967952146
2023-11-06,368.49,369.78,366.91,369.21,38848743,368.285210784618
2023-11-07,370.27,373.58,369.045,372.7,50777398,371.766469108169
2023-11-08,373.08,373.79,370.62,372.94,35663373,372.005867961364
2023-11-09,373.64,374.8,369.57,370.07,53859421,369.143056675235
2023-11-10,371.82,378.54,371.28,378.39,58368439,377.442216919345
2023-11-13,376.79,378.28,375.24,377.21,40733505,376.265172557801
2023-11-14,383.71,386.26,383.18,385.33,67792634,384.364833757582
2023-11-15,387.25,387.75,384.235,385.62,54141385,384.65410737186
2023-11-16,384.84,386.19,383.56,385.95,45343544,384.983280795003
2023-11-17,385.21,387.07,384.29,386.04,46622745,385.073055364952
2023-11-20,386.05,391.41,386.05,390.74,44536669,389.761282906697
2023-11-21,389.01,389.23,386.7,388.47,43336989,387.496968753556
2023-11-22,390.57,393.07,389.04,390.06,44178572,389.082986155976
2023-11-24,389.65,390.25,388.5,389.51,15718832,388.53436378407
2023-11-27,389.01,391.1499,388.28,389.17,34139656,388.19521540871
2023-11-28,388.41,390.78,388.05,390.19,35491123,389.21266053479
2023-11-29,392.69,394.14,389.46,389.81,38811745,388.833612350564
2023-11-30,390.08,390.55,385.82,388.83,52834381,387.856067033349
2023-12-01,387.75,390.54,386.0726,389.94,40490068,388.963286729378
2023-12-04,386.09,386.595,382.66,386.32,51186944,385.352354027013
2023-12-05,384.39,388.5,384.21,387.29,42932956,386.319924392012
2023-12-06,390.27,390.37,384.7,385.05,41522328,384.08553509552
2023-12-07,388.07,391.27,386.96,390.43,49593545,389.452059387986
2023-12-08,388.67,392.62,388.4801,392.17,46687525,391.187701073653
2023-12-11,391.74,395.79,391.53,395.52,41198021,394.529310066174
2023-12-12,395.56,398.79,394.41,398.67,39221152,397.671420014365
2023-12-13,399.62,404.36,398.8399,403.74,55408129,402.728720788119
2023-12-14,404.98,406.3,400.34,403.39,55447808,402.379597460543
2023-12-15,404.18,406.5399,403.57,405.34,62896645,404.324713142756
2023-12-18,404.93,407.99,404.6,407.08,46609985,406.866590316272
2023-12-19,407.54,409.28,407.345,409.16,35042759,408.945499886524
2023-12-20,408.35,410.4699,402.9,403.08,54042443,402.868687296559
2023-12-21,407.06,408.14,404.47,407.77,45568914,407.556228587173
2023-12-22,409.0,409.97,406.4787,408.38,34314003,408.165908797679
2023-12-26,409.25,411.56,409.15,410.88,22722545,410.664598185001
2023-12-27,410.95,411.7875,410.08,411.5,31833002,411.5
2023-12-28,412.67,412.92,410.94,411.3,27029152,411.3
2023-12-29,411.28,411.64,407.58,409.52,42662120,409.52
2024-01-02,405.84,406.09,400.24,402.59,58026946,402.59
2024-01-03,399.93,401.0,397.89,398.33,47002803,398.33
2024-01-04,396.44,399.59,396.06,396.28,39432797,396.28
2024-01-05,396.45,399.56,395.34,396.75,44742783,396.75
2024-01-08,397.99,405.24,397.8399,404.95,42473796,404.95
2024-01-09,401.91,406.69,401.71,405.75,39132860,405.75
2024-01-10,406.07,409.515,405.17,408.5,33962774,408.5
