date,open,high,low,close,volume
2000-01-03,148.25,148.25,143.88,145.44,8160000
2000-01-04,143.53,144.06,139.64,139.75,8090000
2000-01-05,139.94,141.53,137.25,140.0,12180000
2000-01-06,139.62,141.5,137.75,137.75,6230000
2000-01-07,140.31,145.75,140.06,145.75,8070000
2000-01-10,146.25,146.91,145.03,146.25,5740000
2000-01-11,145.81,146.09,143.5,144.5,7500000
2000-01-12,144.59,144.59,142.88,143.06,6910000
2000-01-13,144.47,145.75,143.28,145.0,5160000
2000-01-14,146.53,147.47,145.97,146.97,7440000
2000-01-18,145.34,146.62,145.19,145.81,6490000
2000-01-19,145.31,147.0,145.0,147.0,6160000
2000-01-20,146.97,146.97,143.81,144.75,5800000
2000-01-21,145.5,145.5,144.06,144.44,6240000
2000-01-24,145.66,145.84,139.41,140.34,7900000
2000-01-25,140.52,141.94,139.0,141.94,9940000
2000-01-26,141.0,141.55,140.09,140.81,5160000
2000-01-27,141.84,142.22,138.12,140.25,10920000
2000-01-28,139.44,140.06,135.53,135.88,11920000
2000-01-31,135.81,139.67,135.0,139.56,10770000
2000-02-01,139.75,141.69,138.53,140.94,8420000
2000-02-02,141.28,142.25,140.38,141.06,6210000
2000-02-03,140.88,143.25,140.0,143.19,8000000
2000-02-04,143.19,144.0,142.12,142.59,4930000
2000-02-07,142.56,142.78,141.44,142.38,5850000
2000-02-08,143.97,144.56,143.62,144.31,4940000
2000-02-09,144.47,144.47,141.27,141.28,8510000
2000-02-10,141.62,142.56,140.88,141.56,6690000
2000-02-11,141.84,141.94,138.03,138.69,9850000
2000-02-14,139.78,139.78,138.31,139.5,8530000
2000-02-15,139.25,141.22,137.8,141.09,11080000
2000-02-16,140.38,140.94,138.8,139.0,8850000
2000-02-17,140.44,140.44,138.22,138.28,7580000
2000-02-18,138.88,138.88,134.62,135.31,9410000
2000-02-22,135.19,136.34,133.53,134.97,16420000
2000-02-23,135.62,137.47,134.5,136.56,12120000
2000-02-24,136.69,137.03,133.09,133.81,17380000
2000-02-25,135.19,136.72,133.12,133.33,10560000
2000-02-28,133.38,136.69,132.72,136.12,13400000
2000-02-29,136.06,137.44,135.75,137.44,8240000
2000-03-01,137.62,139.0,137.22,138.44,6870000
2000-03-02,138.69,139.12,137.34,138.53,7600000
2000-03-03,140.44,141.72,139.72,141.12,12770000
2000-03-06,140.81,141.34,138.75,139.75,11970000
2000-03-07,140.0,140.16,135.22,137.05,20060000
2000-03-08,136.47,137.84,135.03,136.88,11810000
2000-03-09,137.25,140.88,136.12,140.88,5500000
2000-03-10,140.19,142.0,139.53,140.12,7920000
2000-03-13,136.69,140.47,136.5,138.59,10540000
2000-03-14,139.28,140.09,136.16,136.62,8260000
2000-03-15,136.88,140.44,136.06,139.81,10300000
2000-03-16,141.62,146.84,140.88,146.34,25600000
2000-03-17,145.81,148.0,145.44,146.94,10270000
2000-03-20,146.88,147.34,144.78,146.19,12500000
2000-03-21,145.53,149.75,144.5,149.19,13610000
2000-03-22,149.56,150.84,148.69,150.09,8260000
2000-03-23,149.16,153.47,149.16,152.66,11650000
2000-03-24,152.88,155.75,151.72,153.56,11460000
2000-03-27,153.38,153.78,151.81,151.94,8800000
2000-03-28,151.25,152.98,150.59,151.06,6330000
2000-03-29,151.56,152.48,149.66,151.22,6750000
2000-03-30,150.16,151.92,147.12,148.69,9490000
2000-03-31,149.62,152.31,148.44,150.38,9250000
2000-04-03,150.12,151.25,148.69,151.25,8510000
2000-04-04,151.75,153.0,141.39,145.75,21060000
2000-04-05,147.88,150.81,147.62,149.19,8230000
2000-04-06,150.25,151.69,149.0,150.48,6380000
2000-04-07,151.56,152.12,150.5,151.44,6020000
2000-04-10,151.75,153.11,150.31,150.84,9620000
2000-04-11,150.0,151.62,148.38,150.41,9010000
2000-04-12,150.38,151.16,146.16,146.28,10780000
2000-04-13,147.47,148.16,141.12,144.25,12230000
2000-04-14,142.62,142.81,133.5,136.0,29600000
2000-04-17,135.19,140.75,134.69,140.75,23920000
2000-04-18,140.56,144.47,139.78,144.47,11070000
2000-04-19,144.5,145.12,142.53,143.12,6550000
2000-04-20,143.56,143.94,142.38,143.81,8540000
2000-04-24,141.5,143.31,140.5,142.25,12890000
2000-04-25,144.62,148.16,144.44,148.16,14100000
2000-04-26,147.97,148.75,146.0,146.48,7710000
2000-04-27,143.0,147.34,143.0,146.0,15600000
2000-04-28,147.0,147.86,145.06,145.09,8740000
2000-05-01,146.56,148.48,145.84,147.06,7330000
2000-05-02,145.5,147.12,144.12,144.12,9410000
2000-05-03,144.0,144.0,139.78,140.75,12630000
2000-05-04,142.0,142.36,140.75,141.81,5960000
2000-05-05,141.06,144.0,140.94,143.53,7860000
2000-05-08,142.75,143.38,141.84,142.45,5060000
2000-05-09,143.06,143.41,140.27,141.31,5620000
2000-05-10,140.5,140.97,137.75,138.12,10290000
2000-05-11,140.12,141.5,139.12,141.28,7090000
2000-05-12,141.81,143.47,141.62,142.81,5960000
2000-05-15,142.75,145.61,142.0,145.28,4440000
2000-05-16,146.56,147.72,145.31,146.69,8190000
2000-05-17,145.69,146.19,144.47,145.16,5910000
2000-05-18,145.62,146.31,143.38,143.38,4330000
2000-05-19,142.56,143.23,140.41,141.12,6520000
2000-05-22,141.25,141.47,137.0,140.06,10840000
2000-05-23,140.44,140.81,137.56,138.0,7980000
2000-05-24,138.0,140.69,136.5,140.25,11080000
2000-05-25,140.69,141.81,137.72,137.84,8280000
2000-05-26,138.81,139.69,137.33,138.0,4810000
2000-05-30,140.0,142.94,139.47,142.5,5360000
2000-05-31,142.56,144.0,142.09,142.81,6060000
2000-06-01,143.69,145.44,143.0,145.31,8960000
2000-06-02,148.94,149.09,147.48,147.84,8960000
2000-06-05,147.47,148.22,146.88,147.12,7000000
2000-06-06,146.62,147.78,145.91,146.47,4860000
2000-06-07,146.62,148.0,146.0,147.48,4920000
2000-06-08,147.5,147.75,146.06,146.91,5720000
2000-06-09,147.5,147.97,145.62,146.59,3090000
2000-06-12,146.97,146.97,144.88,144.88,3480000
2000-06-13,144.81,147.75,144.62,147.59,6560000
2000-06-14,148.25,148.88,147.19,147.84,6420000
2000-06-15,148.12,148.75,146.84,148.16,5880000
2000-06-16,148.31,148.31,145.88,146.59,5570000
2000-06-19,146.47,149.16,146.25,148.47,5110000
2000-06-20,148.19,148.88,147.0,147.94,6480000
2000-06-21,146.94,148.44,146.89,147.88,3120000
2000-06-22,147.56,147.69,145.0,145.62,7490000
2000-06-23,145.81,146.12,143.88,144.38,4860000
2000-06-26,145.38,146.25,144.88,146.23,5200000
2000-06-27,145.98,146.72,145.02,145.16,4160000
2000-06-28,145.62,146.98,145.31,145.56,5350000
2000-06-29,144.75,145.75,143.52,144.19,6350000
2000-06-30,143.94,145.59,143.89,145.28,7420000
2000-07-03,145.44,147.44,145.19,147.28,1440000
2000-07-05,146.38,146.66,144.38,144.62,2750000
2000-07-06,144.94,146.47,144.22,145.75,5960000
2000-07-07,146.69,148.78,146.25,148.09,3030000
2000-07-10,147.88,148.91,147.53,147.84,2820000
2000-07-11,147.47,149.12,147.16,148.16,5430000
2000-07-12,149.28,150.12,148.69,149.12,5880000
2000-07-13,149.98,150.38,149.19,149.78,5360000
2000-07-14,150.44,151.25,149.67,151.25,5340000
2000-07-17,150.98,151.98,150.69,151.0,4210000
2000-07-18,150.62,150.62,149.34,149.77,4260000
2000-07-19,149.47,149.91,148.25,148.56,8510000
2000-07-20,149.0,150.62,148.81,150.62,4540000
2000-07-21,149.75,149.75,147.69,147.69,5660000
2000-07-24,148.12,148.86,146.56,146.84,5630000
2000-07-25,147.75,147.84,146.78,147.31,4760000
2000-07-26,146.97,147.16,145.64,145.88,12060000
2000-07-27,145.94,146.62,144.69,145.38,7650000
2000-07-28,145.72,145.91,141.52,142.09,6230000
2000-07-31,142.94,144.12,142.06,143.0,5270000
2000-08-01,143.62,144.72,143.12,143.88,3950000
2000-08-02,143.88,145.41,143.62,144.59,7440000
2000-08-03,142.88,145.81,142.62,145.59,4610000
2000-08-04,146.31,146.72,145.41,146.38,3690000
2000-08-07,146.72,148.44,146.38,148.12,4160000
2000-08-08,147.5,148.81,147.5,148.69,3660000
2000-08-09,149.14,149.22,147.38,147.44,5380000
2000-08-10,147.53,147.86,146.28,146.72,4190000
2000-08-11,146.62,148.0,145.56,147.41,5090000
2000-08-14,147.78,149.56,147.06,149.28,2970000
2000-08-15,149.34,149.81,148.56,149.16,5560000
2000-08-16,149.31,149.94,147.84,148.62,5190000
2000-08-17,148.69,150.44,148.34,150.19,5650000
2000-08-18,150.38,150.38,149.22,149.69,4630000
2000-08-21,150.03,150.72,149.41,150.5,2380000
2000-08-22,150.56,151.31,150.09,150.25,3080000
2000-08-23,149.81,151.28,149.28,150.84,5480000
2000-08-24,151.16,151.55,150.5,151.31,4530000
2000-08-25,151.16,151.62,150.94,151.25,2820000
2000-08-28,151.25,152.91,151.25,151.77,5520000
2000-08-29,151.44,151.88,150.91,151.8,3560000
2000-08-30,151.31,151.5,150.34,150.34,3960000
2000-08-31,151.06,153.09,150.91,152.34,4860000
2000-09-01,153.25,153.59,152.0,152.5,3190000
2000-09-05,151.88,152.2,150.81,151.28,3470000
2000-09-06,151.19,151.95,149.53,149.56,4320000
2000-09-07,150.25,151.08,149.83,150.84,4270000
2000-09-08,150.28,150.5,149.33,149.81,3520000
2000-09-11,149.75,151.19,148.69,149.59,3940000
2000-09-12,149.75,150.25,148.44,148.5,4770000
2000-09-13,148.0,149.34,147.66,148.89,7690000
2000-09-14,149.88,149.94,148.16,149.64,3400000
2000-09-15,148.19,148.25,146.0,146.0,4090000
2000-09-18,146.38,146.97,144.2,144.66,5110000
2000-09-19,145.12,146.31,144.7,145.97,6590000
2000-09-20,145.69,146.03,143.16,144.89,6510000
2000-09-21,144.47,145.56,142.62,142.69,5970000
2000-09-22,142.62,145.31,142.42,145.28,7790000
2000-09-25,145.94,146.06,143.72,144.25,9730000
2000-09-26,144.38,145.0,142.41,142.41,5300000
2000-09-27,143.56,143.97,142.12,143.16,7190000
2000-09-28,143.19,146.33,142.89,145.0,7040000
2000-09-29,145.47,145.97,143.62,143.62,9330000
2000-10-02,144.28,144.91,143.14,143.84,5520000
2000-10-03,144.53,145.75,142.28,142.5,9350000
2000-10-04,142.88,144.25,141.75,143.69,6150000
2000-10-05,143.41,144.84,143.31,144.19,4570000
2000-10-06,143.88,144.64,139.75,141.06,10010000
2000-10-09,141.31,141.31,139.38,140.0,4510000
2000-10-10,140.09,141.25,137.69,137.69,6100000
2000-10-11,137.62,138.62,135.12,136.53,10370000
2000-10-12,137.28,137.59,132.78,133.12,12340000
2000-10-13,132.94,137.66,132.88,137.56,11780000
2000-10-16,137.41,138.23,136.69,138.19,5660000
2000-10-17,138.44,138.56,134.41,134.75,7830000
2000-10-18,132.62,136.12,130.16,134.25,10900000
2000-10-19,136.84,139.45,136.44,139.28,8770000
2000-10-20,138.38,141.19,138.38,139.91,7370000
2000-10-23,139.94,141.03,138.94,140.53,5290000
2000-10-24,140.97,141.94,139.0,139.59,5750000
2000-10-25,138.75,139.56,136.12,136.31,9140000
2000-10-26,137.12,137.66,134.03,136.69,9350000
2000-10-27,137.88,139.28,136.62,139.28,9760000
2000-10-30,138.44,141.09,138.16,140.53,10150000
2000-10-31,141.02,143.69,140.06,142.95,7750000
2000-11-01,142.25,143.25,141.22,142.47,6750000
2000-11-02,143.16,143.91,142.52,142.7,11400000
2000-11-03,143.47,143.75,142.38,142.78,5190000
2000-11-06,143.16,144.3,143.03,143.78,4040000
2000-11-07,143.14,144.0,142.56,143.75,5230000
2000-11-08,144.06,144.06,140.56,140.56,6120000
2000-11-09,140.0,141.22,137.25,140.03,10640000
2000-11-10,139.0,139.47,136.53,136.62,8570000
2000-11-13,135.62,136.98,133.02,135.56,17290000
2000-11-14,137.47,139.62,137.0,139.12,7670000
2000-11-15,139.06,140.11,137.75,139.56,8840000
2000-11-16,139.56,139.88,137.31,137.38,6680000
2000-11-17,137.31,139.0,135.75,136.64,6550000
2000-11-20,135.75,136.38,134.31,134.69,5460000
2000-11-21,134.88,136.19,133.52,135.38,7680000
2000-11-22,134.34,134.88,132.12,132.14,5740000
2000-11-24,133.62,134.97,133.62,134.84,3410000
2000-11-27,136.47,136.69,135.31,136.03,5990000
2000-11-28,135.12,136.59,133.64,133.69,5340000
2000-11-29,134.38,135.91,133.27,133.44,6910000
2000-11-30,132.5,133.5,129.75,132.28,11200000
2000-12-01,133.19,134.06,131.0,132.22,7590000
2000-12-04,131.88,133.88,131.5,133.34,7000000
2000-12-05,134.88,138.25,134.41,137.72,8880000
2000-12-06,137.78,138.34,135.03,135.52,12890000
2000-12-07,134.88,135.88,133.66,133.66,6530000
2000-12-08,137.06,139.12,133.88,133.97,10280000
2000-12-11,137.38,139.56,136.72,138.62,6410000
2000-12-12,138.19,138.81,137.38,138.03,5020000
2000-12-13,139.25,139.41,136.03,136.14,6070000
2000-12-14,135.88,136.5,134.03,134.41,7780000
2000-12-15,133.12,133.12,130.56,130.97,9070000
2000-12-18,132.06,133.47,131.77,132.72,7240000
2000-12-19,132.47,134.97,130.02,130.02,9620000
2000-12-20,128.62,128.94,126.09,126.25,9990000
2000-12-21,126.0,128.86,125.53,127.12,14330000
2000-12-22,129.0,131.11,128.84,130.94,10180000
2000-12-26,130.84,132.34,130.28,132.34,4670000
2000-12-27,132.0,133.73,131.25,133.31,4850000
2000-12-28,132.81,133.88,132.59,133.72,8360000
2000-12-29,134.06,134.28,131.19,131.19,8770000
2001-01-02,132.0,132.16,127.56,128.81,8740000
2001-01-03,128.31,136.0,127.66,135.0,19430000
2001-01-04,134.94,135.47,133.0,133.55,9220000
2001-01-05,133.47,133.62,129.19,129.19,12910000
2001-01-08,129.88,130.19,127.69,130.19,6630000
2001-01-09,131.05,131.5,129.42,129.84,5700000
2001-01-10,129.0,132.12,128.81,132.12,8750000
2001-01-11,131.09,133.48,131.09,132.25,7250000
2001-01-12,132.69,133.72,131.28,132.0,7240000
2001-01-16,132.0,133.19,131.52,132.84,8540000
2001-01-17,134.84,135.05,132.64,133.45,7850000
2001-01-18,133.44,135.7,132.94,134.78,8110000
2001-01-19,136.19,136.19,133.88,134.02,7830000
2001-01-22,134.25,135.78,133.56,134.91,7050000
2001-01-23,134.47,136.66,134.16,135.97,8460000
2001-01-24,136.25,137.31,135.84,136.38,6200000
2001-01-25,136.25,137.25,135.66,136.03,10820000
2001-01-26,135.16,136.12,134.45,135.88,7140000
2001-01-29,135.5,136.9,135.37,136.6,6710000
2001-01-30,136.3,137.92,135.79,137.8,7070000
2001-01-31,137.4,138.7,136.6,137.02,9710000
2001-02-01,137.1,137.95,136.25,137.93,8240000
2001-02-02,137.4,137.99,134.75,134.8,8280000
2001-02-05,134.8,135.94,134.75,135.79,4350000
2001-02-06,135.3,136.7,135.22,135.39,7110000
2001-02-07,134.72,135.4,133.68,134.69,5750000
2001-02-08,134.8,135.4,133.1,133.12,5940000
2001-02-09,133.35,133.35,131.26,131.84,9910000
2001-02-12,131.7,133.5,131.7,133.35,5800000
2001-02-13,133.7,134.17,132.0,132.26,6590000
2001-02-14,132.63,132.65,130.66,132.06,8400000
2001-02-15,132.84,133.52,131.99,133.34,5930000
2001-02-16,131.0,131.29,129.3,130.4,6430000
2001-02-20,131.04,131.14,128.1,128.39,5760000
2001-02-21,127.9,128.84,125.5,125.62,10910000
2001-02-22,126.35,126.54,123.02,125.81,21280000
2001-02-23,125.08,125.54,121.8,124.96,20170000
2001-02-26,125.8,127.62,124.5,127.62,11500000
2001-02-27,126.8,127.84,125.51,126.44,11420000
2001-02-28,126.75,126.84,123.27,123.95,14830000
2001-03-01,124.05,124.6,121.75,124.6,14670000
2001-03-02,122.5,125.65,122.3,123.61,12560000
2001-03-05,124.15,124.78,123.81,124.74,5290000
2001-03-06,126.35,127.75,125.49,126.08,6920000
2001-03-07,126.9,127.04,125.76,126.98,6370000
2001-03-08,126.6,127.24,126.14,127.12,6060000
2001-03-09,126.1,126.1,123.11,123.36,10020000
2001-03-12,122.34,122.5,117.75,118.08,13970000
2001-03-13,119.4,120.44,117.53,120.02,12890000
2001-03-14,117.05,119.29,115.75,117.65,19880000
2001-03-15,118.45,118.86,117.36,117.68,10370000
2001-03-16,117.13,117.4,114.81,115.01,58520000
2001-03-19,115.76,117.69,114.82,117.35,10070000
2001-03-20,117.9,118.46,114.11,114.2,15090000
2001-03-21,114.18,115.26,111.9,112.26,19000000
2001-03-22,112.02,112.6,108.04,111.12,28630000
2001-03-23,113.25,114.66,111.5,114.48,12860000
2001-03-26,115.7,116.27,114.77,115.94,9940000
2001-03-27,115.62,118.65,115.28,118.31,12880000
2001-03-28,116.9,116.95,114.9,115.04,10950000
2001-03-29,114.7,116.5,112.14,115.48,12060000
2001-03-30,115.55,116.69,114.5,116.69,9180000
2001-04-02,116.3,117.38,113.8,114.2,10560000
2001-04-03,113.98,114.15,110.06,110.39,12840000
2001-04-04,110.58,112.1,109.3,110.85,14890000
2001-04-05,113.3,115.49,112.5,115.05,21530000
2001-04-06,113.99,114.4,112.06,113.3,14940000
2001-04-09,114.0,114.99,112.78,114.56,9040000
2001-04-10,115.45,117.75,115.17,116.65,17880000
2001-04-11,118.78,118.99,116.14,116.73,12740000
2001-04-12,116.3,118.94,115.96,118.85,9230000
2001-04-16,118.29,118.89,116.91,117.6,7350000
2001-04-17,117.31,119.66,117.02,119.26,10930000
2001-04-18,121.06,126.0,120.69,124.0,32500000
2001-04-19,124.25,125.84,123.58,125.65,13810000
2001-04-20,124.9,125.4,123.66,124.5,7630000
2001-04-23,123.65,123.89,121.91,122.24,8450000
2001-04-24,122.52,123.65,121.1,121.58,10050000
2001-04-25,121.42,123.67,120.95,123.17,8250000
2001-04-26,123.73,125.22,123.5,123.72,10590000
2001-04-27,124.92,125.84,124.2,125.78,8050000
2001-04-30,126.45,127.27,124.67,124.91,10770000
2001-05-01,125.07,127.15,124.6,127.05,10580000
2001-05-02,127.41,127.69,126.0,126.82,9570000
2001-05-03,126.13,126.15,124.22,125.21,9930000
2001-05-04,123.65,127.35,123.44,127.34,12150000
2001-05-07,126.86,127.38,126.23,126.24,7190000
2001-05-08,126.86,127.1,125.56,126.18,6950000
2001-05-09,125.25,126.55,125.06,125.65,9510000
2001-05-10,127.26,127.5,125.77,126.02,6870000
2001-05-11,126.0,126.49,124.4,125.15,7740000
2001-05-14,124.9,125.44,124.46,125.4,7910000
2001-05-15,125.55,126.5,124.85,125.98,9780000
2001-05-16,124.84,129.2,124.62,128.95,14920000
2001-05-17,129.0,130.08,128.56,129.15,11830000
2001-05-18,129.09,129.74,128.1,129.74,6680000
2001-05-21,129.84,131.84,129.15,131.65,11530000
2001-05-22,131.83,132.09,131.07,131.48,8340000
2001-05-23,131.05,131.05,129.25,129.25,12330000
2001-05-24,129.47,130.0,128.55,129.63,7910000
2001-05-25,129.65,129.7,127.9,128.1,7430000
2001-05-29,128.23,128.35,126.9,127.08,9010000
2001-05-30,126.59,127.09,125.0,125.3,10040000
2001-05-31,125.43,126.76,125.26,125.95,9880000
2001-06-01,126.2,127.1,125.12,126.73,8850000
2001-06-04,126.8,127.43,126.08,127.34,5630000
2001-06-05,127.49,129.23,127.27,128.8,9120000
2001-06-06,128.83,128.83,127.36,127.73,12070000
2001-06-07,127.05,128.35,127.0,128.19,7360000
2001-06-08,127.7,127.87,126.14,127.0,8170000
2001-06-11,126.71,126.99,125.41,126.1,7010000
2001-06-12,124.86,126.74,124.04,125.88,9370000
2001-06-13,126.17,126.58,124.65,124.8,7630000
2001-06-14,124.18,124.3,121.75,122.0,12600000
2001-06-15,120.91,122.4,120.4,121.85,16820000
2001-06-18,121.65,122.44,120.91,121.26,11380000
2001-06-19,122.38,122.89,120.89,121.79,7730000
2001-06-20,121.19,122.86,121.1,122.43,8790000
2001-06-21,122.22,124.31,122.15,123.82,12260000
2001-06-22,123.49,123.6,122.16,122.85,12210000
2001-06-25,123.28,123.44,121.5,121.72,8410000
2001-06-26,120.9,122.39,120.57,121.55,8010000
2001-06-27,121.6,122.24,120.91,121.48,10110000
2001-06-28,122.0,123.94,121.93,122.15,10270000
2001-06-29,122.8,124.01,122.26,122.6,9820000
2001-07-02,122.8,124.32,122.62,124.13,8520000
2001-07-03,123.98,124.1,123.05,124.1,3300000
2001-07-05,123.07,123.65,121.66,121.68,5520000
2001-07-06,121.31,121.49,119.05,119.05,11670000
2001-07-09,119.49,120.54,119.2,119.7,8340000
2001-07-10,120.29,120.64,118.21,118.26,8630000
2001-07-11,118.1,118.89,117.09,118.38,15370000
2001-07-12,119.5,121.47,119.31,121.19,12000000
2001-07-13,120.84,122.32,120.62,122.24,10430000
2001-07-16,121.77,122.28,120.29,120.71,6920000
2001-07-17,120.2,121.95,119.83,121.84,7470000
2001-07-18,120.56,121.64,120.06,121.01,7710000
2001-07-19,122.18,122.98,120.76,122.07,10080000
2001-07-20,121.15,121.94,120.92,121.34,6710000
2001-07-23,121.8,121.88,118.95,118.95,8070000
2001-07-24,119.0,119.2,116.75,117.8,12270000
2001-07-25,117.92,119.48,117.46,119.1,12090000
2001-07-26,119.06,120.85,118.56,120.35,12930000
2001-07-27,120.83,121.35,119.91,120.81,8480000
2001-07-30,121.19,121.35,120.3,120.85,8550000
2001-07-31,121.0,122.68,120.8,121.35,11920000
2001-08-01,121.97,122.7,121.55,122.11,11940000
2001-08-02,123.23,123.25,121.89,122.61,11070000
2001-08-03,122.36,122.36,120.9,121.94,10820000
2001-08-06,121.35,121.51,120.1,120.3,8550000
2001-08-07,120.27,121.2,119.91,120.77,8870000
2001-08-08,120.12,121.16,118.43,118.53,15180000
2001-08-09,118.7,118.97,117.86,118.88,14120000
2001-08-10,118.8,119.84,117.34,119.29,11170000
2001-08-13,119.6,119.85,118.82,119.32,7440000
2001-08-14,120.14,120.35,118.8,119.27,13180000
2001-08-15,119.23,119.61,118.08,118.24,8520000
2001-08-16,117.8,118.75,117.0,118.65,10740000
2001-08-17,117.65,117.87,116.01,116.75,11600000
2001-08-20,116.8,117.9,116.55,117.83,10420000
2001-08-21,117.8,118.54,115.8,115.82,14480000
2001-08-22,116.75,117.43,115.78,117.02,11750000
2001-08-23,116.96,117.52,116.49,116.6,8750000
2001-08-24,117.21,119.13,116.74,119.02,11690000
2001-08-27,118.97,119.2,118.26,118.31,7430000
2001-08-28,118.28,118.49,116.58,116.58,12050000
2001-08-29,117.13,117.18,115.17,115.54,16180000
2001-08-30,114.85,115.74,112.04,113.32,17690000
2001-08-31,113.4,114.77,113.13,114.15,15990000
2001-09-04,113.85,116.17,113.37,113.42,24480000
2001-09-05,113.7,114.19,111.95,113.7,21480000
2001-09-06,112.65,113.3,110.77,110.77,21660000
2001-09-07,110.02,111.25,108.63,108.72,33130000
2001-09-10,107.7,110.35,107.7,110.05,23410000
2001-09-17,101.0,106.4,100.0,104.3,32390000
2001-09-18,104.33,105.3,103.36,104.05,22030000
2001-09-19,104.1,104.5,98.56,101.95,42770000
2001-09-20,100.4,101.81,98.57,98.71,36210000
2001-09-21,94.05,98.99,93.8,97.28,49780000
2001-09-24,99.73,101.16,99.06,100.7,25550000
2001-09-25,100.75,102.0,99.9,101.75,25470000
2001-09-26,102.35,102.4,100.43,101.39,18590000
2001-09-27,101.25,102.29,100.0,102.27,20540000
2001-09-28,102.98,104.6,102.5,104.44,21790000
2001-10-01,103.9,104.32,102.83,104.27,20460000
2001-10-02,104.0,105.58,103.65,105.58,19830000
2001-10-03,104.6,107.88,104.35,107.35,32070000
2001-10-04,108.29,108.97,106.75,107.44,32680000
2001-10-05,107.25,107.62,105.52,107.23,29830000
2001-10-08,106.28,107.3,105.87,106.53,12970000
2001-10-09,106.61,106.75,105.6,105.96,15980000
2001-10-10,105.8,108.55,105.52,108.32,19990000
2001-10-11,108.95,110.3,108.95,110.0,23010000
2001-10-12,109.15,109.89,107.3,109.5,31360000
2001-10-15,108.63,109.45,108.06,109.3,16880000
2001-10-16,109.8,110.62,108.95,109.99,15890000
2001-10-17,111.07,111.15,107.65,107.65,28600000
2001-10-18,107.82,108.16,106.75,107.42,16520000
2001-10-19,107.0,107.91,106.01,107.35,21920000
2001-10-22,107.3,109.57,107.21,109.47,17570000
2001-10-23,109.96,110.28,108.38,108.91,22060000
2001-10-24,108.98,109.45,108.22,108.62,16070000
2001-10-25,107.45,110.6,106.74,110.57,27500000
2001-10-26,109.95,111.79,109.67,110.32,18620000
2001-10-29,110.16,110.55,107.45,107.45,18740000
2001-10-30,107.35,107.7,105.56,106.16,26200000
2001-10-31,106.9,107.86,105.8,105.8,28130000
2001-11-01,106.6,109.01,105.7,108.51,29810000
2001-11-02,108.44,109.38,107.87,109.25,17580000
2001-11-05,110.12,111.09,109.95,110.68,16100000
2001-11-06,110.35,112.48,109.85,112.4,23250000
2001-11-07,111.77,113.12,111.64,112.25,19720000
2001-11-08,112.87,114.08,111.9,112.6,22750000
2001-11-09,112.25,112.96,111.44,112.72,15900000
2001-11-12,111.0,112.65,110.0,112.03,26100000
2001-11-13,113.44,114.55,113.18,114.55,15350000
2001-11-14,115.17,115.4,113.71,114.66,17600000
2001-11-15,114.37,115.18,113.93,114.87,19470000
2001-11-16,115.08,115.1,113.4,114.36,18140000
2001-11-19,114.92,115.85,114.45,115.77,13680000
2001-11-20,115.37,115.8,114.64,114.8,16220000
2001-11-21,114.5,114.67,113.51,114.04,11470000
2001-11-23,114.04,115.75,114.0,115.68,6720000
2001-11-26,115.75,116.34,115.07,115.93,13730000
2001-11-27,115.62,116.9,114.09,115.43,19270000
2001-11-28,114.74,115.17,113.25,113.34,20250000
2001-11-29,113.66,114.92,113.0,114.87,17270000
2001-11-30,114.4,114.91,114.02,114.05,13680000
2001-12-03,113.65,114.08,113.01,113.37,15220000
2001-12-04,113.92,115.3,113.35,115.29,17250000
2001-12-05,115.61,118.0,115.56,117.4,25200000
2001-12-06,117.35,117.94,116.93,117.34,17970000
2001-12-07,116.9,117.09,115.7,116.56,18910000
2001-12-10,115.85,116.39,114.35,114.38,13860000
2001-12-11,114.9,115.72,113.9,114.15,20830000
2001-12-12,114.55,114.78,113.11,114.28,16170000
2001-12-13,113.45,113.7,112.04,112.06,19040000
2001-12-14,112.33,113.49,112.0,113.13,16720000
2001-12-17,112.99,114.36,112.9,114.3,13950000
2001-12-18,114.63,115.15,114.34,114.98,13660000
2001-12-19,114.09,115.92,114.0,115.79,20150000
2001-12-20,115.5,115.8,114.55,114.65,14870000
2001-12-21,115.03,115.07,114.2,114.95,14040000
2001-12-24,114.83,115.04,114.61,114.73,5730000
2001-12-26,114.65,116.21,114.65,115.36,10310000
2001-12-27,115.3,116.08,115.26,116.06,9410000
2001-12-28,116.29,116.75,115.92,116.0,10590000
2001-12-31,116.15,116.39,114.23,114.3,14620000
2002-01-02,115.11,115.75,113.81,115.53,18650000
2002-01-03,115.65,116.95,115.54,116.84,15740000
2002-01-04,117.17,117.98,116.55,117.62,20140000
2002-01-07,117.7,117.99,116.56,116.79,13110000
2002-01-08,116.8,117.06,115.97,116.52,12690000
2002-01-09,116.68,117.78,115.34,115.57,16620000
2002-01-10,115.69,116.35,115.3,116.08,12820000
2002-01-11,116.21,116.28,114.7,114.94,13710000
2002-01-14,114.65,114.84,113.96,114.22,12300000
2002-01-15,114.55,115.39,113.9,115.15,20220000
2002-01-16,114.3,114.4,112.69,112.82,17080000
2002-01-17,113.76,114.24,113.4,113.67,17710000
2002-01-18,113.0,113.85,112.67,113.15,17030000
2002-01-22,113.75,113.93,112.02,112.37,11690000
2002-01-23,112.63,113.55,112.02,113.23,12440000
2002-01-24,113.64,114.25,113.32,113.58,12160000
2002-01-25,113.12,114.18,113.04,113.55,12810000
2002-01-28,113.9,114.19,112.92,113.86,10590000
2002-01-29,113.85,114.13,110.05,110.28,27740000
2002-01-30,110.39,111.87,108.4,111.87,34710000
2002-01-31,112.15,113.3,111.62,113.18,19910000
2002-02-01,113.09,113.3,112.17,112.65,15840000
2002-02-04,112.23,112.23,109.45,109.85,24250000
2002-02-05,109.4,110.5,108.53,109.17,33610000
2002-02-06,109.65,109.74,108.06,108.7,29670000
2002-02-07,108.72,109.86,108.0,108.02,23450000
2002-02-08,108.63,110.75,108.3,110.09,19280000
2002-02-11,110.05,111.64,109.82,111.44,18790000
2002-02-12,110.96,111.71,110.03,111.09,13940000
2002-02-13,111.48,112.54,111.35,112.27,16790000
2002-02-14,112.51,112.97,111.59,112.06,20460000
2002-02-15,112.15,112.24,110.71,110.89,18390000
2002-02-19,110.15,110.3,108.61,108.76,16000000
2002-02-20,109.05,110.59,107.82,110.59,29250000
2002-02-21,109.93,110.63,108.26,108.3,26290000
2002-02-22,108.35,109.94,107.87,109.64,26570000
2002-02-25,109.75,111.81,109.7,111.45,17460000
2002-02-26,111.6,112.04,110.57,111.22,22360000
2002-02-27,111.96,112.86,110.65,111.65,28600000
2002-02-28,111.83,112.75,111.03,111.15,23760000
2002-03-01,111.72,113.85,111.51,113.74,26190000
2002-03-04,113.9,115.99,113.65,115.75,27190000
2002-03-05,115.33,116.4,114.97,115.38,22730000
2002-03-06,115.1,117.15,115.08,116.75,20170000
2002-03-07,117.36,117.5,115.57,116.5,19330000
2002-03-08,117.38,117.91,116.48,116.99,19930000
2002-03-11,116.89,117.9,116.43,117.24,15620000
2002-03-12,116.11,117.25,115.94,117.17,17160000
2002-03-13,116.63,116.75,115.64,116.04,17180000
2002-03-14,116.04,116.43,115.63,115.88,11170000
2002-03-15,115.97,116.95,115.9,116.65,21220000
2002-03-18,117.1,117.57,116.1,116.67,17560000
2002-03-19,117.3,117.74,116.82,117.45,17910000
2002-03-20,116.5,116.58,115.19,115.24,17130000
2002-03-21,115.3,115.83,114.12,115.29,26890000
2002-03-22,115.5,115.94,114.7,115.04,15240000
2002-03-25,115.09,115.36,113.3,113.61,17510000
2002-03-26,113.52,115.02,113.47,114.27,19950000
2002-03-27,114.03,115.01,113.76,114.57,19020000
2002-03-28,114.97,115.77,114.5,114.52,17540000
2002-04-01,114.23,115.1,113.5,114.57,17710000
2002-04-02,113.98,114.95,113.77,113.94,15600000
2002-04-03,114.01,114.22,112.16,113.14,25660000
2002-04-04,112.6,113.4,112.23,112.67,23560000
2002-04-05,113.19,113.63,112.18,112.69,19400000
2002-04-08,111.32,113.03,111.23,112.93,16480000
2002-04-09,113.19,113.19,111.93,112.14,15120000
2002-04-10,112.1,113.54,112.09,113.41,17200000
2002-04-11,112.89,113.05,110.5,110.59,25460000
2002-04-12,111.03,111.65,110.57,111.42,14950000
2002-04-15,111.62,111.86,110.2,110.57,17400000
2002-04-16,111.7,113.32,111.67,113.2,15100000
2002-04-17,113.39,113.67,112.6,112.96,12930000
2002-04-18,112.9,113.46,111.15,112.47,25220000
2002-04-19,113.2,113.24,112.56,112.88,10600000
2002-04-22,112.38,112.43,110.84,111.0,13920000
2002-04-23,111.09,111.48,110.17,110.52,16970000
2002-04-24,110.56,111.81,109.4,109.41,18900000
2002-04-25,109.21,109.74,108.72,109.47,25460000
2002-04-26,109.79,110.01,107.29,107.39,19770000
2002-04-29,107.93,108.26,106.63,106.86,17730000
2002-04-30,107.02,108.64,106.64,107.86,19480000
2002-05-01,107.97,109.25,106.8,109.18,24580000
2002-05-02,109.1,109.91,107.78,108.76,15670000
2002-05-03,108.6,108.76,107.2,107.58,18190000
2002-05-06,107.65,108.0,105.31,105.47,23910000
2002-05-07,106.11,106.32,104.9,105.1,22170000
2002-05-08,107.05,109.36,106.79,109.01,27920000
2002-05-09,108.65,109.1,107.58,107.75,18090000
2002-05-10,107.97,108.05,105.6,105.72,18960000
2002-05-13,106.22,107.95,105.8,107.87,14690000
2002-05-14,109.62,110.37,109.0,110.22,34220000
2002-05-15,109.5,110.91,109.29,109.79,29540000
2002-05-16,109.7,110.48,109.33,110.36,28100000
2002-05-17,110.66,111.25,110.1,110.9,27820000
2002-05-20,110.64,110.69,109.49,109.7,13830000
2002-05-21,110.11,110.49,108.32,108.7,16880000
2002-05-22,108.22,109.12,108.0,108.94,15850000
2002-05-23,109.26,110.36,108.48,110.1,13880000
2002-05-24,109.98,110.21,108.61,108.69,11880000
2002-05-28,109.05,109.13,107.45,108.1,24240000
2002-05-29,107.63,108.02,107.13,107.3,14780000
2002-05-30,106.55,107.51,105.9,107.0,18220000
2002-05-31,107.4,108.56,106.85,107.22,19830000
2002-06-03,107.09,107.6,104.13,104.37,26070000
2002-06-04,104.15,105.2,103.55,104.63,25870000
2002-06-05,104.95,105.67,104.35,105.61,19720000
2002-06-06,105.54,105.6,103.15,103.46,23370000
2002-06-07,101.79,103.92,101.72,103.34,24010000
2002-06-10,103.24,104.46,103.02,103.74,18760000
2002-06-11,104.13,104.54,101.73,101.96,19990000
2002-06-12,101.71,102.81,100.78,102.58,31270000
2002-06-13,102.13,103.0,101.34,101.55,21050000
2002-06-14,100.31,101.56,98.5,101.4,39270000
2002-06-17,101.92,104.34,101.85,104.12,17650000
2002-06-18,103.74,105.03,103.63,104.97,21860000
2002-06-19,103.5,104.43,102.24,102.52,21550000
2002-06-20,102.27,103.05,100.96,101.21,25760000
2002-06-21,100.47,100.93,98.69,99.28,31190000
2002-06-24,98.61,100.69,97.25,99.8,37170000
2002-06-25,100.3,100.89,97.54,97.56,33420000
2002-06-26,95.2,98.15,95.19,97.72,37930000
2002-06-27,98.5,99.49,96.57,99.43,31730000
2002-06-28,99.24,100.5,98.88,98.96,28190000
2002-07-01,99.19,99.8,96.89,97.03,20280000
2002-07-02,96.87,97.2,94.77,94.97,34220000
2002-07-03,94.62,95.84,93.73,95.51,30570000
2002-07-05,96.78,99.53,96.67,99.31,19010000
2002-07-08,98.98,99.7,97.56,98.07,19120000
2002-07-09,97.73,98.34,95.01,95.6,28640000
2002-07-10,96.0,96.07,92.04,92.12,50530000
2002-07-11,91.76,93.35,90.32,92.87,59540000
2002-07-12,93.33,93.89,91.52,91.85,39030000
2002-07-15,91.64,92.4,87.89,92.34,77320000
2002-07-16,91.13,92.38,89.87,90.56,53290000
2002-07-17,92.46,93.3,89.75,90.74,49020000
2002-07-18,90.7,91.1,87.75,87.8,32720000
2002-07-19,86.77,87.55,84.3,84.71,77710000
2002-07-22,84.11,85.91,81.45,82.2,78250000
2002-07-23,82.55,83.24,79.75,79.95,74520000
2002-07-24,78.14,85.12,77.68,84.72,107020000
2002-07-25,84.28,85.85,81.6,84.0,87200000
2002-07-26,84.65,85.93,83.8,85.6,41210000
2002-07-29,87.51,90.34,87.3,89.77,53500000
2002-07-30,89.32,91.4,88.72,90.94,47570000
2002-07-31,90.5,91.55,89.25,91.16,44720000
2002-08-01,90.88,91.35,88.33,88.78,66580000
2002-08-02,88.5,88.92,85.62,86.79,51830000
2002-08-05,86.5,86.93,83.55,83.77,47200000
2002-08-06,85.23,87.9,85.05,86.59,65260000
2002-08-07,87.88,88.5,85.77,88.1,43720000
2002-08-08,88.42,91.1,87.8,90.95,48380000
2002-08-09,90.1,91.94,89.35,91.29,41880000
2002-08-12,90.0,91.27,89.55,90.62,25860000
2002-08-13,90.15,91.66,88.65,88.97,49640000
2002-08-14,89.02,92.63,88.02,92.22,57440000
2002-08-15,92.85,93.99,92.2,93.5,45650000
2002-08-16,92.82,94.08,92.0,93.22,36520000
2002-08-19,93.46,95.75,93.1,95.4,33680000
2002-08-20,94.82,95.4,93.62,94.39,30510000
2002-08-21,95.06,95.78,93.57,95.75,39640000
2002-08-22,95.49,97.15,95.07,96.68,38400000
2002-08-23,96.02,96.15,94.15,94.6,33720000
2002-08-26,94.91,95.64,93.5,95.26,33830000
2002-08-27,95.7,96.25,93.5,94.16,46040000
2002-08-28,93.29,93.49,91.8,92.1,38980000
2002-08-29,91.27,93.06,90.81,92.14,42970000
2002-08-30,91.69,93.39,91.4,91.78,30370000
2002-09-03,90.73,91.0,88.15,88.28,76690000
2002-09-04,88.61,90.25,88.06,89.54,51100000
2002-09-05,88.49,89.43,87.5,88.78,67340000
2002-09-06,89.75,90.57,89.35,90.0,38620000
2002-09-09,89.1,91.35,88.8,90.66,34080000
2002-09-10,91.14,91.78,90.56,91.7,41430000
2002-09-11,92.47,93.33,91.1,91.13,27750000
2002-09-12,90.75,90.84,88.99,89.45,43640000
2002-09-13,88.7,89.9,88.25,89.67,41130000
2002-09-16,89.32,89.89,88.47,89.89,28170000
2002-09-17,90.89,91.19,87.75,87.83,47770000
2002-09-18,87.02,88.5,86.28,86.95,54850000
2002-09-19,86.0,86.8,84.7,84.7,48520000
2002-09-20,84.92,85.2,84.05,84.35,46330000
2002-09-23,83.65,84.07,82.69,83.66,46910000
2002-09-24,82.44,83.65,81.85,82.31,69600000
2002-09-25,83.37,84.77,82.04,84.35,59300000
2002-09-26,85.02,85.97,84.45,85.73,53670000
2002-09-27,85.0,85.63,82.75,82.75,64780000
2002-09-30,82.0,82.8,80.01,81.79,73100000
2002-10-01,82.44,85.77,81.47,85.72,67280000
2002-10-02,84.69,85.53,82.6,83.15,56850000
2002-10-03,83.14,84.6,81.95,82.31,55570000
2002-10-04,82.8,82.92,79.58,80.8,68730000
2002-10-07,80.06,81.2,78.55,79.13,53200000
2002-10-08,79.81,81.31,78.2,80.37,79540000
2002-10-09,79.09,79.7,77.78,78.1,79920000
2002-10-10,77.94,81.07,77.07,80.63,76780000
2002-10-11,82.1,84.73,81.82,84.16,82320000
2002-10-14,83.2,84.85,83.04,84.63,40640000
2002-10-15,86.99,88.72,86.86,88.7,82460000
2002-10-16,87.42,87.8,85.92,86.55,63590000
2002-10-17,88.87,89.3,87.85,88.27,68610000
2002-10-18,87.65,89.11,86.93,88.64,47560000
2002-10-21,88.12,90.5,87.57,90.17,45980000
2002-10-22,89.05,90.01,88.52,89.52,41220000
2002-10-23,88.77,90.27,87.68,90.2,55100000
2002-10-24,90.75,90.9,88.1,88.36,55310000
2002-10-25,88.22,90.39,87.94,90.2,43740000
2002-10-28,91.15,91.29,88.85,89.61,39430000
2002-10-29,89.08,89.49,87.0,88.57,59540000
2002-10-30,88.68,89.96,88.23,89.43,41710000
2002-10-31,89.66,90.3,88.19,88.52,41620000
2002-11-01,88.35,90.82,88.05,90.27,51910000
2002-11-04,91.8,92.94,90.9,91.13,49080000
2002-11-05,90.84,92.07,90.84,91.85,37290000
2002-11-06,92.48,93.07,90.79,93.04,65350000
2002-11-07,92.03,92.22,90.22,90.76,51580000
2002-11-08,90.53,91.57,89.52,89.65,37910000
2002-11-11,89.52,89.56,87.8,88.26,33600000
2002-11-12,88.66,89.93,88.37,88.96,37780000
2002-11-13,88.32,89.75,87.45,89.05,63920000
2002-11-14,90.07,91.0,89.76,90.73,31990000
2002-11-15,90.0,91.55,89.95,91.4,39170000
2002-11-18,92.15,92.15,90.35,90.48,29020000
2002-11-19,90.02,91.1,89.76,90.36,32810000
2002-11-20,89.98,92.42,89.95,92.37,36820000
2002-11-21,92.6,94.19,92.43,94.09,55170000
2002-11-22,93.48,94.27,93.27,93.42,32520000
2002-11-25,93.43,94.26,92.77,93.48,34060000
2002-11-26,93.07,93.45,91.62,91.7,42290000
2002-11-27,92.52,94.65,92.43,94.28,37780000
2002-11-29,94.8,94.95,93.77,93.98,19390000
2002-12-02,95.47,96.05,93.22,94.13,49800000
2002-12-03,93.25,93.4,92.35,92.87,34430000
2002-12-04,91.77,93.14,91.43,92.45,64150000
2002-12-05,92.7,92.8,91.1,91.43,36830000
2002-12-06,90.12,92.17,89.98,92.03,50130000
2002-12-09,91.07,91.46,89.48,89.5,36890000
2002-12-10,90.02,91.1,89.76,90.7,33450000
2002-12-11,90.42,91.62,90.16,90.78,39210000
2002-12-12,91.2,91.49,90.2,90.77,34490000
2002-12-13,89.91,90.48,89.27,89.34,36880000
2002-12-16,89.82,91.79,89.66,91.65,37120000
2002-12-17,91.37,91.74,90.74,90.85,32410000
2002-12-18,90.32,90.4,89.33,89.8,35650000
2002-12-19,89.35,90.7,88.6,89.16,39290000
2002-12-20,89.2,90.02,89.1,89.99,31180000
2002-12-23,89.59,90.47,89.31,90.02,22650000
2002-12-24,89.59,89.86,89.25,89.36,10940000
2002-12-26,89.7,90.61,88.84,89.39,17490000
2002-12-27,88.96,89.29,87.38,87.38,22210000
2002-12-30,87.8,88.47,87.22,88.11,29970000
2002-12-31,87.99,88.43,87.11,88.23,34040000
2003-01-02,88.85,91.3,88.54,91.07,44650000
2003-01-03,90.91,91.39,90.5,91.35,32230000
2003-01-06,91.24,93.49,91.18,92.96,41010000
2003-01-07,92.9,93.37,92.2,92.73,38660000
2003-01-08,92.2,92.4,91.05,91.39,38740000
2003-01-09,91.82,93.18,91.41,92.81,34860000
2003-01-10,91.95,93.64,91.8,93.06,37770000
2003-01-13,93.54,93.86,92.44,93.03,31680000
2003-01-14,92.69,93.83,92.41,93.33,30920000
2003-01-15,93.54,93.57,91.91,92.4,33540000
2003-01-16,92.5,92.93,91.45,92.02,45380000
2003-01-17,90.99,92.3,90.15,90.66,35620000
2003-01-21,90.87,90.92,88.95,89.25,42380000
2003-01-22,88.77,89.32,88.0,88.17,42820000
2003-01-23,88.75,89.38,87.95,88.71,56080000
2003-01-24,88.59,88.68,86.17,86.38,68700000
2003-01-27,85.73,86.8,84.5,85.2,58300000
2003-01-28,85.63,86.4,85.13,85.83,46970000
2003-01-29,85.44,87.18,84.77,86.48,53780000
2003-01-30,86.79,86.88,84.4,84.43,49890000
2003-01-31,84.15,86.22,84.15,86.06,55320000
2003-02-03,86.14,86.82,85.92,86.23,39800000
2003-02-04,85.31,85.75,84.3,85.38,43760000
2003-02-05,85.75,86.54,84.49,84.85,55300000
2003-02-06,84.37,84.89,83.65,84.45,53660000
2003-02-07,84.91,84.99,82.97,83.42,43170000
2003-02-10,83.47,84.13,82.65,84.01,45480000
2003-02-11,84.37,84.71,82.83,83.43,46890000
2003-02-12,83.16,83.62,82.09,82.1,35930000
2003-02-13,82.15,82.66,81.0,82.35,58070000
2003-02-14,82.37,84.2,81.83,84.15,59590000
2003-02-18,84.53,85.8,84.39,85.63,39530000
2003-02-19,85.32,85.47,84.28,85.18,31440000
2003-02-20,85.21,85.42,84.05,84.33,29300000
2003-02-21,84.38,85.74,83.46,85.18,60970000
2003-02-24,84.93,85.0,83.59,83.8,30700000
2003-02-25,82.95,84.49,82.22,84.47,56930000
2003-02-26,84.02,84.53,83.08,83.24,37810000
2003-02-27,83.7,84.75,83.16,84.34,51830000
2003-02-28,84.47,85.23,84.16,84.9,43890000
2003-03-03,85.26,85.78,83.72,84.09,42940000
2003-03-04,83.95,84.01,82.65,82.75,31480000
2003-03-05,82.61,83.54,82.36,83.45,44110000
2003-03-06,82.87,83.52,82.47,82.75,41470000
2003-03-07,81.61,83.99,81.43,83.32,63580000
2003-03-10,82.6,82.86,81.1,81.32,41080000
2003-03-11,81.48,82.0,80.48,80.52,48130000
2003-03-12,80.38,81.1,79.38,81.06,62480000
2003-03-13,82.18,83.91,81.53,83.86,72200000
2003-03-14,84.2,84.77,83.35,84.13,63970000
2003-03-17,83.46,86.95,83.22,86.78,88320000
2003-03-18,87.15,87.35,86.28,87.29,51090000
2003-03-19,87.28,88.16,86.68,87.96,49670000
2003-03-20,87.33,88.59,86.35,88.15,67480000
2003-03-21,88.8,89.88,87.93,89.67,71270000
2003-03-24,88.02,88.14,86.35,86.69,65430000
2003-03-25,86.74,88.26,86.44,87.52,61190000
2003-03-26,87.56,87.85,86.8,87.08,45770000
2003-03-27,86.4,87.66,85.99,87.15,53290000
2003-03-28,86.47,87.28,86.25,86.71,32600000
2003-03-31,85.35,86.59,84.4,84.74,60800000
2003-04-01,85.25,86.39,84.91,86.04,53910000
2003-04-02,87.54,88.77,87.5,88.12,50510000
2003-04-03,88.87,88.99,87.65,87.7,49030000
2003-04-04,88.43,88.59,87.62,88.22,36260000
2003-04-07,90.34,90.85,87.97,88.05,69830000
2003-04-08,88.3,88.65,87.71,88.19,39750000
2003-04-09,88.36,89.1,86.77,87.03,55690000
2003-04-10,87.09,87.63,86.54,87.51,42160000
2003-04-11,88.16,88.7,86.86,87.15,47740000
2003-04-14,87.47,89.0,87.0,88.95,36970000
2003-04-15,88.84,89.78,88.42,89.78,49990000
2003-04-16,89.91,90.07,88.03,88.25,51820000
2003-04-17,88.3,89.72,88.19,89.56,37490000
2003-04-21,89.86,90.16,89.06,89.65,32090000
2003-04-22,89.1,91.56,88.89,91.34,59870000
2003-04-23,91.62,92.35,91.24,92.18,44250000
2003-04-24,91.53,92.08,90.96,91.36,50040000
2003-04-25,91.3,91.47,90.02,90.23,43930000
2003-04-28,90.44,92.19,90.3,91.79,46470000
2003-04-29,92.14,92.8,91.4,92.11,52350000
2003-04-30,91.91,92.57,91.41,91.91,48920000
2003-05-01,91.92,92.73,90.5,91.9,50420000
2003-05-02,91.56,93.47,91.49,93.21,50240000
2003-05-05,93.47,93.78,92.5,93.03,35460000
2003-05-06,93.04,94.38,93.0,93.91,44590000
2003-05-07,93.42,94.14,92.97,93.39,41440000
2003-05-08,92.52,93.34,92.28,92.45,40770000
2003-05-09,92.83,93.8,92.61,93.73,33650000
2003-05-12,93.5,95.12,93.28,94.88,35690000
2003-05-13,94.53,95.19,94.26,94.71,39300000
2003-05-14,95.09,95.24,93.91,94.51,32240000
2003-05-15,94.89,95.33,94.25,95.11,43940000
2003-05-16,94.89,95.45,94.26,94.87,38910000
2003-05-19,94.15,94.89,92.33,92.65,43240000
2003-05-20,92.82,93.03,91.6,92.46,55460000
2003-05-21,92.11,92.88,91.91,92.65,49860000
2003-05-22,92.95,94.05,92.68,93.57,38460000
2003-05-23,93.53,93.98,93.14,93.76,26160000
2003-05-27,93.3,95.84,93.18,95.4,43740000
2003-05-28,95.85,96.47,95.43,95.67,37750000
2003-05-29,95.88,96.82,95.08,95.42,50970000
2003-05-30,95.9,97.09,95.56,96.95,52550000
2003-06-02,97.53,98.45,96.67,97.35,50710000
2003-06-03,97.15,97.84,96.85,97.75,39560000
2003-06-04,97.66,99.35,97.57,99.16,49440000
2003-06-05,98.58,99.65,98.27,99.65,46430000
2003-06-06,100.4,101.4,99.13,99.26,60400000
2003-06-09,98.77,99.1,97.77,98.25,38400000
2003-06-10,98.46,99.26,98.19,99.25,30120000
2003-06-11,99.16,100.39,98.71,100.3,37640000
2003-06-12,100.75,100.9,99.62,100.61,36490000
2003-06-13,100.61,100.75,98.95,99.56,48640000
2003-06-16,99.96,101.7,99.8,101.66,36420000
2003-06-17,102.07,102.18,101.23,101.66,36820000
2003-06-18,101.29,102.14,101.0,101.57,35550000
2003-06-19,101.64,101.73,99.84,100.02,43570000
2003-06-20,100.39,100.5,99.42,99.44,41550000
2003-06-23,99.45,99.66,97.92,98.42,34340000
2003-06-24,98.22,99.06,98.02,98.52,36240000
2003-06-25,98.53,99.44,97.53,97.53,47860000
2003-06-26,97.78,98.98,96.96,98.8,33550000
2003-06-27,98.75,99.19,97.58,97.66,54220000
2003-06-30,98.22,98.67,97.47,97.63,33870000
2003-07-01,97.25,98.85,96.43,98.53,51420000
2003-07-02,98.77,99.79,98.57,99.77,34680000
2003-07-03,99.07,99.85,97.9,98.74,30870000
2003-07-07,99.65,100.9,99.65,100.7,31430000
2003-07-08,100.5,101.29,100.17,101.15,33160000
2003-07-09,100.92,101.4,100.03,100.58,36630000
2003-07-10,99.84,100.04,98.63,99.3,49850000
2003-07-11,99.39,100.45,99.39,100.24,40080000
2003-07-14,101.2,101.9,99.92,100.73,42160000
2003-07-15,101.38,101.46,99.95,100.51,63630000
2003-07-16,100.81,100.87,99.23,99.92,40220000
2003-07-17,99.15,99.88,98.16,98.5,48930000
2003-07-18,99.02,99.8,98.46,99.51,35710000
2003-07-21,99.45,99.49,97.85,98.28,35140000
2003-07-22,98.69,99.41,97.91,99.17,50010000
2003-07-23,99.21,99.45,98.28,99.24,37300000
2003-07-24,99.99,100.34,98.37,98.49,41180000
2003-07-25,98.66,100.29,98.04,100.23,43330000
2003-07-28,100.37,100.98,99.67,99.86,34420000
2003-07-29,100.14,100.27,98.68,99.4,53570000
2003-07-30,99.6,99.79,98.93,99.16,28430000
2003-07-31,99.98,100.94,99.05,99.39,59120000
2003-08-01,99.19,99.53,98.24,98.51,49330000
2003-08-04,98.31,99.0,97.0,98.51,55550000
2003-08-05,98.41,98.76,96.34,96.42,61750000
2003-08-06,96.69,98.06,96.42,96.98,51180000
2003-08-07,97.17,98.07,96.76,98.0,43550000
2003-08-08,98.32,98.55,97.76,98.28,27360000
2003-08-11,98.26,99.04,97.84,98.65,34640000
2003-08-12,98.71,99.59,98.42,99.55,43370000
2003-08-13,99.82,99.85,98.53,99.04,36160000
2003-08-14,99.1,99.75,98.45,99.31,36260000
2003-08-15,99.21,99.79,99.12,99.62,12570000
2003-08-18,99.93,100.6,99.74,100.48,22950000
2003-08-19,100.69,100.94,100.0,100.86,37460000
2003-08-20,100.29,100.89,100.16,100.45,23210000
2003-08-21,101.05,101.52,100.4,100.77,46550000
2003-08-22,101.75,101.82,99.73,99.77,52050000
2003-08-25,99.71,100.83,99.28,99.93,23500000
2003-08-26,99.5,100.39,98.83,100.11,45080000
2003-08-27,100.05,100.36,99.57,100.14,18990000
2003-08-28,100.4,101.0,99.66,100.76,27430000
2003-08-29,100.61,101.48,100.48,101.44,28720000
2003-09-02,101.64,102.88,101.05,102.8,50860000
2003-09-03,103.03,103.7,102.78,103.36,44930000
2003-09-04,103.1,103.55,102.76,103.41,28400000
2003-09-05,102.94,103.55,102.4,102.83,31660000
2003-09-08,103.04,103.88,102.93,103.68,32670000
2003-09-09,103.37,103.46,102.68,103.0,35080000
2003-09-10,102.54,102.8,101.55,101.96,45950000
2003-09-11,102.1,102.76,101.84,102.26,38800000
2003-09-12,101.91,102.64,101.35,102.45,42440000
2003-09-15,102.52,102.63,101.95,102.09,21320000
2003-09-16,102.23,103.64,102.17,103.58,37960000
2003-09-17,103.48,103.78,103.05,103.38,32070000
2003-09-18,103.4,104.7,103.17,104.6,30300000
2003-09-19,104.27,104.6,103.4,103.67,34390000
2003-09-22,102.85,102.96,102.03,102.55,36700000
2003-09-23,102.59,103.29,102.36,102.94,32510000
2003-09-24,103.12,103.22,101.07,101.11,41720000
2003-09-25,101.41,101.88,100.2,100.28,53190000
2003-09-26,100.44,100.66,99.85,99.95,42920000
2003-09-29,100.3,100.99,99.79,100.93,36790000
2003-09-30,100.48,100.76,99.25,99.95,70780000
2003-10-01,100.24,102.18,100.2,102.08,65810000
2003-10-02,101.93,102.56,101.63,102.45,44640000
2003-10-03,103.67,104.28,103.08,103.39,48820000
2003-10-06,103.48,103.99,103.2,103.86,20250000
2003-10-07,103.26,104.31,102.91,104.26,42640000
2003-10-08,104.33,104.39,103.41,104.0,30940000
2003-10-09,104.88,105.22,103.83,104.28,40100000
2003-10-10,104.27,104.6,103.91,104.57,22690000
2003-10-13,104.72,105.29,104.51,104.9,23830000
2003-10-14,104.8,105.43,104.36,105.27,38510000
2003-10-15,105.86,105.89,104.64,104.99,39890000
2003-10-16,104.68,105.73,104.65,105.41,32790000
2003-10-17,105.47,105.63,103.98,104.26,32800000
2003-10-20,104.45,105.04,103.94,105.04,27790000
2003-10-21,104.82,105.28,104.32,104.86,26770000
2003-10-22,104.03,104.19,103.19,103.54,34130000
2003-10-23,102.89,103.95,102.84,103.35,46430000
2003-10-24,102.83,103.58,102.18,103.58,51740000
2003-10-27,103.74,104.18,103.27,103.63,32340000
2003-10-28,103.98,105.15,103.82,105.04,35040000
2003-10-29,104.77,105.43,104.69,105.18,30970000
2003-10-30,105.79,105.97,104.8,105.4,39150000
2003-10-31,105.4,105.74,105.22,105.3,25770000
2003-11-03,105.75,106.61,105.71,105.99,37610000
2003-11-04,105.99,106.27,105.58,105.76,31440000
2003-11-05,105.54,105.97,104.9,105.84,33660000
2003-11-06,105.6,106.44,105.1,106.4,28410000
2003-11-07,106.64,106.72,105.57,105.61,31740000
2003-11-10,105.74,105.84,105.01,105.18,25540000
2003-11-11,105.09,105.33,104.8,105.15,26810000
2003-11-12,105.23,106.47,105.16,106.33,28060000
2003-11-13,106.01,106.54,105.78,106.36,29730000
2003-11-14,106.4,106.95,105.29,105.46,49160000
2003-11-17,104.91,105.14,104.04,104.93,44440000
2003-11-18,105.24,105.45,103.7,103.84,41170000
2003-11-19,104.03,105.01,103.92,104.72,29850000
2003-11-20,103.91,105.24,103.75,103.78,53640000
2003-11-21,104.24,104.33,103.62,104.21,30030000
2003-11-24,104.69,105.78,104.68,105.59,28980000
2003-11-25,105.71,106.42,105.45,105.99,37580000
2003-11-26,106.42,106.45,105.39,106.37,33080000
2003-11-28,106.31,106.66,106.2,106.45,10510000
2003-12-01,106.93,107.68,106.8,107.6,38710000
2003-12-02,107.43,107.77,107.07,107.33,35370000
2003-12-03,107.65,108.08,107.07,107.16,39110000
2003-12-04,107.17,107.72,106.94,107.6,36100000
2003-12-05,107.12,107.8,106.62,106.85,28850000
2003-12-08,106.74,107.64,106.68,107.57,32500000
2003-12-09,107.9,107.93,106.54,106.74,43620000
2003-12-10,106.8,106.98,105.96,106.73,36930000
2003-12-11,106.68,108.1,106.67,107.93,45480000
2003-12-12,107.99,108.2,106.65,108.14,34150000
2003-12-15,109.17,109.23,107.48,107.6,38690000
2003-12-16,107.68,108.5,107.52,108.16,32910000
2003-12-17,108.06,108.5,107.8,108.5,23210000
2003-12-18,108.55,109.73,108.39,109.72,29790000
2003-12-19,109.3,109.37,108.58,108.9,41470000
2003-12-22,108.83,109.66,108.78,109.66,27640000
2003-12-23,109.48,109.95,109.38,109.73,24760000
2003-12-24,109.52,109.88,109.43,109.62,8060000
2003-12-26,109.71,110.08,109.63,109.7,8310000
2003-12-29,110.1,111.27,109.78,111.16,22550000
2003-12-30,111.09,111.27,110.85,111.18,19580000
2003-12-31,111.22,111.52,110.84,111.28,31510000
2004-01-02,111.74,112.19,110.73,111.23,38080000
2004-01-05,111.78,112.52,111.59,112.44,27970000
2004-01-06,112.16,112.73,112.0,112.55,20510000
2004-01-07,112.35,113.06,111.89,112.93,30180000
2004-01-08,113.25,113.41,112.77,113.38,37050000
2004-01-09,112.83,113.5,112.27,112.39,54090000
2004-01-12,112.55,113.25,112.36,113.22,33570000
2004-01-13,113.09,113.23,111.76,112.56,54290000
2004-01-14,112.76,113.66,112.67,113.5,30150000
2004-01-15,113.57,114.06,112.58,113.78,38430000
2004-01-16,114.04,114.31,113.63,114.23,31930000
2004-01-20,114.53,114.65,113.82,114.2,29880000
2004-01-21,114.13,115.3,113.72,115.1,30750000
2004-01-22,115.14,115.38,114.58,114.8,29920000
2004-01-23,115.0,115.37,113.95,114.43,49970000
2004-01-26,114.44,115.93,114.38,115.87,30470000
2004-01-27,115.85,116.5,114.65,114.68,35370000
2004-01-28,114.98,115.28,112.94,113.37,52890000
2004-01-29,113.56,113.85,112.56,113.48,60120000
2004-01-30,113.52,113.72,113.09,113.48,30990000
2004-02-02,113.7,114.68,113.12,113.97,38850000
2004-02-03,113.74,114.14,113.44,113.78,25160000
2004-02-04,113.19,113.73,112.79,112.85,39630000
2004-02-05,113.08,113.54,112.78,113.18,36000000
2004-02-06,113.42,114.7,113.2,114.45,37240000
2004-02-09,114.67,114.87,114.29,114.48,24860000
2004-02-10,114.28,115.14,114.26,114.85,27930000
2004-02-11,114.8,116.39,114.66,116.07,42980000
2004-02-12,115.98,116.27,115.58,115.65,27830000
2004-02-13,115.82,116.2,114.75,115.13,44740000
2004-02-17,115.85,116.43,115.77,116.17,23990000
2004-02-18,116.2,116.6,115.35,115.66,28660000
2004-02-19,116.33,116.39,115.06,115.23,51180000
2004-02-20,115.48,115.56,114.32,114.88,46730000
2004-02-23,115.22,115.26,114.17,114.59,36370000
2004-02-24,114.27,114.99,113.03,114.39,43960000
2004-02-25,114.46,115.06,114.32,114.87,31230000
2004-02-26,114.61,115.29,114.34,114.94,29690000
2004-02-27,115.19,115.74,114.63,115.02,39280000
2004-03-01,115.43,116.34,115.25,116.16,33200000
2004-03-02,115.94,116.97,115.23,115.48,38610000
2004-03-03,115.25,115.87,114.92,115.69,31360000
2004-03-04,115.72,116.1,115.52,115.99,21080000
2004-03-05,115.42,116.95,115.28,116.38,55920000
2004-03-08,116.34,116.62,114.91,114.96,39290000
2004-03-09,115.1,115.21,114.24,114.5,39750000
2004-03-10,114.72,114.77,112.56,112.58,67810000
2004-03-11,112.4,113.27,111.1,111.12,89450000
2004-03-12,111.73,112.71,111.58,112.58,54030000
2004-03-15,112.27,112.35,110.9,111.2,57700000
2004-03-16,111.78,112.06,110.84,111.79,60110000
2004-03-17,112.18,113.26,112.1,113.04,41890000
2004-03-18,112.71,113.27,111.93,113.07,60030000
2004-03-19,112.41,112.57,111.04,111.06,48650000
2004-03-22,110.54,110.57,109.1,109.65,62760000
2004-03-23,110.25,110.4,109.36,109.46,54120000
2004-03-24,109.58,110.14,108.85,109.55,51600000
2004-03-25,110.08,111.3,109.79,111.0,50000000
2004-03-26,110.95,111.79,110.8,111.03,37410000
2004-03-29,111.63,112.74,111.58,112.59,44120000
2004-03-30,112.3,113.07,112.22,112.97,39060000
2004-03-31,112.99,113.4,112.38,113.1,48600000
2004-04-01,113.07,113.87,113.05,113.78,45140000
2004-04-02,114.81,114.84,113.9,114.64,51000000
2004-04-05,114.46,115.38,114.44,115.27,30280000
2004-04-06,114.83,115.18,114.62,114.9,28490000
2004-04-07,114.98,114.98,114.11,114.63,45900000
2004-04-08,115.41,115.41,113.74,114.37,46940000
2004-04-12,114.58,115.08,114.57,114.82,23100000
2004-04-13,115.26,115.3,113.02,113.21,56240000
2004-04-14,112.61,113.64,112.55,113.39,62340000
2004-04-15,113.45,113.78,112.36,112.96,61630000
2004-04-16,113.36,114.05,112.98,113.83,47060000
2004-04-19,113.57,113.99,113.27,113.83,28280000
2004-04-20,114.08,114.32,111.78,111.92,53360000
2004-04-21,112.2,112.95,111.87,112.67,50300000
2004-04-22,112.48,114.67,112.44,114.25,62150000
2004-04-23,114.42,114.57,113.79,114.36,29420000
2004-04-26,114.5,114.94,113.6,114.2,35570000
2004-04-27,114.23,115.12,113.96,114.3,43490000
2004-04-28,113.89,114.01,112.5,112.82,50180000
2004-04-29,112.72,113.32,111.16,111.83,69710000
2004-04-30,112.12,112.38,110.9,110.96,48690000
2004-05-03,111.37,112.29,111.35,112.15,33760000
2004-05-04,112.25,113.26,111.66,112.06,51200000
2004-05-05,112.41,112.96,112.16,112.78,34430000
2004-05-06,112.02,112.59,111.0,111.81,55010000
2004-05-07,111.22,112.23,109.96,109.96,60960000
2004-05-10,109.44,109.75,108.36,108.83,75360000
2004-05-11,109.46,110.05,109.33,109.75,48350000
2004-05-12,109.61,110.54,108.06,110.45,90900000
2004-05-13,109.76,110.81,109.63,109.99,57510000
2004-05-14,109.98,110.74,109.27,110.04,54130000
2004-05-17,108.89,109.5,108.41,109.1,55080000
2004-05-18,109.49,109.94,109.33,109.65,30210000
2004-05-19,110.5,111.18,109.15,109.27,55020000
2004-05-20,109.45,109.87,109.04,109.62,38130000
2004-05-21,109.97,110.55,109.47,109.81,47490000
2004-05-24,110.53,110.76,109.68,110.27,40980000
2004-05-25,109.9,111.98,109.6,111.85,51720000
2004-05-26,111.66,112.29,111.51,112.24,35980000
2004-05-27,112.54,113.03,112.06,112.87,45320000
2004-05-28,112.73,112.88,112.36,112.86,23370000
2004-06-01,112.46,112.86,111.87,112.71,41070000
2004-06-02,113.03,113.48,112.46,113.13,39780000
2004-06-03,112.81,113.19,112.07,112.09,38730000
2004-06-04,112.98,113.58,112.71,112.98,32760000
2004-06-07,113.5,114.81,113.42,114.7,31680000
2004-06-08,114.37,114.92,114.17,114.86,32850000
2004-06-09,114.51,114.7,113.72,113.79,36810000
2004-06-10,114.04,114.35,113.93,114.35,21720000
2004-06-14,113.82,113.85,112.87,113.22,34640000
2004-06-15,113.9,114.44,113.51,114.02,37450000
2004-06-16,114.0,114.2,113.7,114.0,26640000
2004-06-17,113.79,114.07,113.33,113.83,28480000
2004-06-18,113.27,114.22,113.18,113.63,31810000
2004-06-21,113.75,114.14,113.13,113.2,24740000
2004-06-22,113.13,113.88,112.67,113.77,37340000
2004-06-23,113.58,114.84,113.42,114.75,35770000
2004-06-24,114.5,114.93,114.26,114.39,39410000
2004-06-25,114.41,114.94,113.68,113.84,32870000
2004-06-28,114.53,114.61,113.41,113.45,41290000
2004-06-29,113.5,114.17,113.42,113.92,28430000
2004-06-30,114.07,114.79,113.65,114.53,52610000
2004-07-01,114.25,114.4,112.58,112.94,57780000
2004-07-02,113.16,113.29,112.6,112.88,34620000
2004-07-06,112.37,112.45,111.63,111.89,38710000
2004-07-07,111.81,112.57,111.75,112.22,30050000
2004-07-08,111.75,112.32,111.2,111.42,45290000
2004-07-09,111.67,111.94,111.38,111.73,27410000
2004-07-12,111.52,112.04,111.0,111.78,35690000
2004-07-13,111.92,112.02,111.6,111.86,26820000
2004-07-14,111.26,112.39,111.12,111.52,54240000
2004-07-15,111.74,111.91,110.7,110.8,38440000
2004-07-16,111.57,111.67,110.44,110.71,40870000
2004-07-19,110.75,110.96,109.99,110.24,39600000
2004-07-20,110.53,111.9,110.25,111.64,47300000
2004-07-21,111.82,112.06,109.45,109.58,56270000
2004-07-22,109.36,110.39,108.77,109.88,72670000
2004-07-23,109.62,109.71,108.69,108.96,49610000
2004-07-26,109.21,109.43,108.21,108.75,49690000
2004-07-27,109.05,110.11,108.97,109.77,51310000
2004-07-28,109.55,110.37,108.59,110.1,66080000
2004-07-29,110.54,110.87,110.0,110.57,52350000
2004-07-30,110.32,110.9,110.1,110.84,41590000
2004-08-02,110.19,111.36,110.05,111.07,38810000
2004-08-03,110.93,111.06,110.16,110.21,40990000
2004-08-04,109.89,110.75,109.64,110.2,40840000
2004-08-05,110.29,110.38,108.27,108.4,50840000
2004-08-06,107.63,107.97,106.62,106.85,74750000
2004-08-09,107.02,107.48,106.87,107.0,37480000
2004-08-10,107.31,108.41,107.26,108.38,56100000
2004-08-11,107.66,108.33,107.1,108.16,53030000
2004-08-12,107.62,107.95,106.63,106.98,50040000
2004-08-13,107.12,107.35,106.59,107.19,41640000
2004-08-16,107.14,108.64,107.1,108.3,45750000
2004-08-17,108.75,109.28,108.53,108.91,40790000
2004-08-18,108.54,110.17,108.49,110.03,43230000
2004-08-19,109.81,110.02,109.18,109.71,39970000
2004-08-20,109.61,110.63,109.51,110.48,44900000
2004-08-23,110.55,110.77,110.05,110.2,33850000
2004-08-24,110.69,110.73,109.85,110.35,30570000
2004-08-25,110.33,111.27,109.9,111.1,38590000
2004-08-26,110.99,111.31,110.85,111.1,26630000
2004-08-27,111.23,111.63,111.05,111.45,24910000
2004-08-30,111.23,111.34,110.45,110.53,26730000
2004-08-31,110.66,111.16,110.1,111.11,44210000
2004-09-01,110.94,111.64,110.48,111.32,52800000
2004-09-02,111.24,112.7,111.24,112.58,42840000
2004-09-03,112.27,112.82,112.01,112.12,30490000
2004-09-07,112.54,113.13,112.32,112.86,37350000
2004-09-08,112.62,113.06,112.31,112.58,33010000
2004-09-09,112.57,112.88,112.03,112.48,34340000
2004-09-10,112.52,113.27,112.08,113.06,27910000
2004-09-13,113.31,113.74,113.01,113.43,44540000
2004-09-14,113.3,113.69,113.19,113.66,28070000
2004-09-15,113.3,113.36,112.68,112.8,38460000
2004-09-16,112.94,113.37,112.8,113.14,23920000
2004-09-17,112.91,113.36,112.69,113.15,33690000
2004-09-20,112.67,112.99,112.28,112.47,37190000
2004-09-21,112.75,113.47,112.54,112.96,40940000
2004-09-22,112.5,112.52,111.47,111.55,49170000
2004-09-23,111.6,111.7,110.95,110.95,44100000
2004-09-24,111.17,111.73,111.13,111.46,35010000
2004-09-27,111.1,111.2,110.58,110.75,39680000
2004-09-28,110.91,111.51,110.41,111.28,41700000
2004-09-29,111.21,111.85,111.0,111.84,33870000
2004-09-30,111.55,111.98,111.26,111.76,43590000
2004-10-01,112.26,113.65,112.21,113.65,62840000
2004-10-04,114.09,114.44,113.8,113.84,33590000
2004-10-05,113.85,114.16,113.54,113.9,37160000
2004-10-06,113.77,114.68,113.68,114.62,42300000
2004-10-07,114.38,114.4,113.36,113.45,39410000
2004-10-08,113.15,113.7,112.35,112.51,51880000
2004-10-11,112.78,113.02,112.64,112.97,20250000
2004-10-12,112.2,112.83,111.94,112.53,41860000
2004-10-13,113.0,113.07,111.32,111.54,54440000
2004-10-14,111.75,111.93,110.58,110.64,64550000
2004-10-15,111.04,111.74,110.57,111.26,63480000
2004-10-18,110.89,111.9,110.7,111.68,43770000
2004-10-19,112.02,112.23,110.59,110.74,56060000
2004-10-20,110.38,110.82,109.75,110.52,57180000
2004-10-21,110.79,111.32,110.21,111.24,53280000
2004-10-22,111.19,111.25,109.86,109.99,48760000
2004-10-25,109.75,110.12,109.35,109.86,44060000
2004-10-26,110.1,111.6,109.88,111.54,54490000
2004-10-27,111.38,113.1,111.12,112.88,73930000
2004-10-28,112.78,113.56,112.49,113.22,54430000
2004-10-29,113.18,113.64,112.9,113.2,48820000
2004-11-01,113.56,113.84,113.2,113.51,36780000
2004-11-02,113.67,114.57,113.22,113.55,56270000
2004-11-03,115.03,115.36,114.24,114.98,77030000
2004-11-04,114.78,116.67,114.68,116.55,55470000
2004-11-05,117.05,117.64,116.49,117.28,63310000
2004-11-08,116.98,117.23,116.72,117.11,34170000
2004-11-09,117.08,117.5,116.76,116.88,44720000
2004-11-10,117.06,117.55,116.76,116.97,45270000
2004-11-11,117.18,118.12,117.1,117.86,38410000
2004-11-12,117.97,119.0,117.68,118.79,55640000
2004-11-15,118.5,118.77,118.23,118.73,35300000
2004-11-16,118.36,118.41,117.73,117.88,40140000
2004-11-17,118.37,119.14,118.07,118.58,54940000
2004-11-18,118.49,118.8,118.23,118.74,31910000
2004-11-19,118.7,118.72,117.14,117.42,54280000
2004-11-22,117.17,118.12,117.03,117.98,37570000
2004-11-23,117.93,118.26,117.37,118.16,41970000
2004-11-24,118.27,118.59,118.05,118.44,29740000
2004-11-26,118.51,118.98,118.3,118.35,15490000
2004-11-29,118.79,119.01,117.48,117.81,61760000
2004-11-30,118.0,118.24,117.64,117.89,54480000
2004-12-01,118.16,119.5,118.1,119.23,49920000
2004-12-02,119.1,119.87,119.01,119.33,60190000
2004-12-03,119.27,120.14,119.09,119.25,49080000
2004-12-06,119.21,119.64,118.84,119.21,33050000
2004-12-07,119.49,119.62,118.04,118.1,52110000
2004-12-08,118.21,118.82,118.01,118.79,43900000
2004-12-09,118.14,119.46,117.73,119.21,60960000
2004-12-10,118.88,119.56,118.85,119.33,47850000
2004-12-13,119.76,120.4,119.35,120.37,38720000
2004-12-14,120.18,120.96,120.18,120.79,41740000
2004-12-15,120.7,121.11,120.31,120.88,46760000
2004-12-16,120.72,121.24,120.04,120.81,51650000
2004-12-17,119.46,119.97,119.16,119.44,71180000
2004-12-20,119.75,120.29,119.17,119.47,47200000
2004-12-21,119.6,120.48,119.46,120.39,33200000
2004-12-22,120.38,121.08,120.05,120.68,31510000
2004-12-23,120.87,121.28,120.09,120.77,25650000
2004-12-27,121.2,121.36,120.39,120.52,29980000
2004-12-28,120.64,121.33,120.6,121.18,23430000
2004-12-29,121.08,121.4,120.95,121.36,23770000
2004-12-30,121.4,121.57,121.04,121.13,21080000
2004-12-31,121.3,121.66,120.8,120.87,28660000
2005-01-03,121.56,121.76,119.9,120.3,56000000
2005-01-04,120.46,120.54,118.44,118.83,69270000
2005-01-05,118.74,119.25,118.0,118.01,65880000
2005-01-06,118.44,119.15,118.26,118.61,48290000
2005-01-07,118.97,119.23,118.13,118.44,55860000
2005-01-10,118.34,119.46,118.34,119.0,56800000
2005-01-11,118.64,118.74,117.99,118.18,63360000
2005-01-12,118.4,118.84,117.52,118.57,74310000
2005-01-13,118.64,118.73,117.5,117.62,55790000
2005-01-14,117.97,118.53,117.76,118.24,42030000
2005-01-18,118.05,119.62,117.95,119.47,57450000
2005-01-19,119.43,119.52,118.21,118.22,54920000
2005-01-20,117.89,118.2,117.29,117.5,72100000
2005-01-21,117.79,118.0,116.65,116.78,63280000
2005-01-24,117.09,117.34,116.37,116.55,58560000
2005-01-25,116.91,117.47,116.72,116.88,68340000
2005-01-26,117.32,117.6,117.04,117.23,57450000
2005-01-27,117.19,117.75,116.98,117.43,56660000
2005-01-28,117.49,117.55,116.61,117.43,60820000
2005-01-31,117.97,118.25,117.71,118.16,54140000
2005-02-01,118.25,119.08,118.1,118.91,52020000
2005-02-02,119.06,119.59,118.9,119.27,52610000
2005-02-03,119.06,119.16,118.57,119.11,49150000
2005-02-04,119.0,120.43,118.98,120.23,50020000
2005-02-07,120.25,120.52,119.96,120.07,46220000
2005-02-08,120.17,120.65,120.07,120.21,39460000
2005-02-09,120.42,120.49,119.25,119.31,55390000
2005-02-10,119.66,120.02,119.26,119.74,46020000
2005-02-11,119.7,121.04,119.46,120.77,53280000
2005-02-14,120.69,120.86,120.48,120.68,32550000
2005-02-15,120.8,121.43,120.68,121.13,44440000
2005-02-16,120.93,121.46,120.67,121.21,51800000
2005-02-17,121.23,121.33,120.22,120.23,58150000
2005-02-18,120.17,120.48,119.9,120.39,49540000
2005-02-22,119.9,120.47,118.58,118.6,80860000
2005-02-23,118.93,119.57,118.62,119.45,68310000
2005-02-24,119.24,120.32,118.98,120.24,69310000
2005-02-25,120.27,121.67,120.18,121.43,61170000
2005-02-28,121.15,121.3,120.04,120.63,69430000
2005-03-01,120.78,121.52,120.78,121.23,47570000
2005-03-02,120.76,121.93,120.65,121.17,64230000
2005-03-03,121.66,121.9,120.7,121.22,62100000
2005-03-04,122.05,122.83,121.79,122.73,56180000
2005-03-07,122.66,123.25,122.4,122.79,43810000
2005-03-08,122.67,123.0,122.11,122.33,44670000
2005-03-09,121.97,122.29,120.96,120.97,73610000
2005-03-10,121.2,121.5,120.4,121.24,65300000
2005-03-11,121.31,121.72,120.16,120.39,58130000
2005-03-14,120.61,121.16,120.28,121.14,36340000
2005-03-15,121.42,121.46,120.08,120.14,62490000
2005-03-16,119.7,119.88,118.9,119.12,76730000
2005-03-17,119.31,119.74,118.98,119.36,62740000
2005-03-18,119.11,119.53,118.15,118.54,61890000
2005-03-21,118.71,118.78,117.76,118.1,61430000
2005-03-22,118.37,118.93,116.9,116.9,93330000
2005-03-23,116.94,117.72,116.75,117.0,71950000
2005-03-24,117.46,117.99,117.06,117.14,52020000
2005-03-28,117.42,117.94,117.31,117.31,46940000
2005-03-29,117.14,117.9,116.25,116.53,73050000
2005-03-30,116.78,118.2,116.77,118.18,62900000
2005-03-31,118.19,118.46,117.87,117.96,65050000
2005-04-01,118.63,118.99,116.91,117.43,97400000
2005-04-04,117.36,117.86,116.74,117.63,71610000
2005-04-05,117.78,118.38,117.67,118.19,50080000
2005-04-06,118.45,118.95,118.18,118.6,53310000
2005-04-07,118.41,119.26,118.32,119.24,47230000
2005-04-08,119.17,119.21,118.0,118.0,64300000
2005-04-11,118.29,118.42,117.83,118.09,45860000
2005-04-12,117.89,119.06,117.07,118.7,86570000
2005-04-13,118.56,118.8,117.13,117.3,66060000
2005-04-14,117.44,117.5,115.77,115.77,99640000
2005-04-15,115.74,116.2,114.1,114.15,134070000
2005-04-18,114.12,114.96,113.96,114.5,100320000
2005-04-19,115.1,115.71,114.83,115.41,68400000
2005-04-20,115.4,115.63,113.55,113.8,114840000
2005-04-21,114.79,116.21,114.38,116.01,87470000
2005-04-22,115.74,116.5,114.27,115.57,89840000
2005-04-25,115.86,116.5,115.72,116.33,52370000
2005-04-26,115.96,116.77,115.15,115.2,75360000
2005-04-27,114.86,116.07,114.44,115.65,85190000
2005-04-28,115.27,115.68,114.2,114.2,74270000
2005-04-29,115.07,115.87,113.97,115.75,104290000
2005-05-02,116.07,116.41,115.52,116.4,56060000
2005-05-03,116.07,116.85,115.69,116.6,86910000
2005-05-04,116.65,117.75,116.28,117.5,82490000
2005-05-05,117.67,118.0,116.74,117.46,97320000
2005-05-06,117.93,117.99,117.06,117.09,69600000
2005-05-09,117.21,118.08,117.05,117.82,43980000
2005-05-10,117.36,117.5,116.39,116.6,75030000
2005-05-11,116.93,117.4,115.85,117.24,92040000
2005-05-12,117.32,117.59,115.41,115.95,95570000
2005-05-13,116.3,116.62,114.8,115.72,85440000
2005-05-16,115.7,116.84,115.66,116.8,49350000
2005-05-17,116.43,117.7,116.16,117.58,61420000
2005-05-18,118.07,119.08,118.01,118.79,78050000
2005-05-19,119.02,119.41,118.7,119.29,62850000
2005-05-20,119.34,119.39,118.74,119.12,46420000
2005-05-23,119.21,120.04,119.19,119.78,51290000
2005-05-24,119.44,119.83,119.2,119.5,51000000
2005-05-25,119.35,119.87,118.83,119.41,48480000
2005-05-26,119.79,120.21,119.62,120.05,43560000
2005-05-27,120.06,120.25,119.8,120.25,24640000
2005-05-31,120.08,120.17,119.4,119.48,44930000
2005-06-01,119.52,120.92,119.45,120.5,69880000
2005-06-02,120.23,120.84,120.1,120.76,40490000
2005-06-03,120.55,120.89,119.73,120.15,61050000
2005-06-06,120.02,120.2,119.55,120.04,36330000
2005-06-07,120.39,121.25,120.01,120.13,66690000
2005-06-08,120.43,120.59,119.67,119.91,50020000
2005-06-09,119.74,120.58,119.44,120.48,57170000
2005-06-10,120.56,120.65,119.6,120.2,36500000
2005-06-13,119.94,121.08,119.81,120.58,49500000
2005-06-14,120.45,121.2,120.38,120.86,34000000
2005-06-15,121.16,121.24,120.23,121.09,53890000
2005-06-16,121.09,121.64,120.92,121.4,46660000
2005-06-17,121.54,121.9,120.49,121.36,53760000
2005-06-20,121.08,121.84,120.94,121.4,42240000
2005-06-21,121.5,121.65,121.03,121.47,40060000
2005-06-22,121.68,121.94,121.07,121.57,46680000
2005-06-23,121.32,121.6,119.83,119.86,62820000
2005-06-24,119.88,120.01,118.84,118.98,59190000
2005-06-27,118.97,119.41,118.75,119.15,51160000
2005-06-28,119.4,120.24,119.37,120.15,42620000
2005-06-29,120.37,120.4,119.76,119.83,43060000
2005-06-30,120.22,120.32,118.95,119.18,62300000
2005-07-01,119.45,119.8,119.21,119.53,49790000
2005-07-05,119.25,120.65,119.19,120.49,51550000
2005-07-06,120.39,120.65,119.41,119.48,54070000
2005-07-07,118.29,119.95,118.26,119.95,103270000
2005-07-08,119.97,121.32,119.72,121.32,64550000
2005-07-11,121.33,122.1,121.31,121.94,49770000
2005-07-12,121.89,122.63,121.64,122.26,52170000
2005-07-13,122.27,122.52,121.99,122.43,41300000
2005-07-14,122.98,123.44,122.49,122.91,64780000
2005-07-15,122.79,123.04,122.36,122.84,56140000
2005-07-18,122.5,122.63,122.05,122.35,56860000
2005-07-19,122.71,123.11,122.41,123.02,59510000
2005-07-20,122.59,123.73,122.3,123.44,69610000
2005-07-21,123.55,123.61,122.47,122.72,100790000
2005-07-22,122.88,123.56,122.63,123.54,55930000
2005-07-25,123.41,123.95,122.85,123.19,57600000
2005-07-26,123.23,123.53,122.37,123.34,42850000
2005-07-27,123.5,123.89,123.05,123.79,45260000
2005-07-28,123.99,124.64,123.64,124.57,48450000
2005-07-29,124.41,124.63,123.5,123.74,62450000
2005-08-01,123.83,124.04,123.45,123.65,42940000
2005-08-02,123.87,124.6,123.74,124.39,46240000
2005-08-03,124.25,124.74,124.12,124.72,37200000
2005-08-04,124.23,124.31,123.57,123.72,51040000
2005-08-05,123.45,123.98,122.67,122.88,53710000
2005-08-08,123.17,123.41,122.38,122.65,48240000
2005-08-09,123.06,123.59,122.87,123.39,47520000
2005-08-10,123.82,124.5,122.82,123.33,73120000
2005-08-11,123.27,124.03,123.01,123.82,58890000
2005-08-12,123.57,123.69,122.75,123.06,54810000
2005-08-15,123.22,123.87,122.83,123.82,36230000
2005-08-16,123.44,123.52,122.09,122.21,72270000
2005-08-17,122.19,122.87,122.03,122.2,62510000
2005-08-18,122.05,122.56,121.84,122.19,53550000
2005-08-19,122.63,122.82,122.2,122.47,39960000
2005-08-22,122.58,123.23,121.88,122.47,69950000
2005-08-23,122.5,122.61,121.15,122.24,56760000
2005-08-24,121.94,122.73,121.09,121.15,79140000
2005-08-25,121.35,121.67,121.21,121.59,35650000
2005-08-26,121.48,121.49,120.68,120.76,61960000
2005-08-29,120.41,121.78,120.38,121.69,56200000
2005-08-30,121.25,121.3,120.39,121.05,74330000
2005-08-31,121.19,122.66,120.74,122.58,103020000
2005-09-01,122.51,123.15,121.14,122.49,74580000
2005-09-02,122.85,122.88,122.04,122.27,47660000
2005-09-06,122.66,123.8,122.65,123.7,57260000
2005-09-07,123.63,124.13,123.46,123.91,41770000
2005-09-08,123.66,124.0,123.31,123.5,39070000
2005-09-09,123.83,124.74,123.8,124.6,44110000
2005-09-12,124.45,124.67,124.27,124.35,33030000
2005-09-13,124.13,124.42,123.52,123.66,58480000
2005-09-14,123.75,123.92,123.02,123.21,55200000
2005-09-15,123.51,123.65,122.9,123.15,73660000
2005-09-16,123.28,123.74,122.87,123.5,75440000
2005-09-19,123.47,123.55,122.64,123.09,53380000
2005-09-20,123.21,123.61,121.87,122.05,85010000
2005-09-21,121.79,121.87,120.78,120.91,94520000
2005-09-22,120.95,121.66,120.44,121.34,84610000
2005-09-23,121.24,121.89,120.9,121.44,59370000
2005-09-26,122.02,122.24,121.08,121.58,70430000
2005-09-27,121.52,121.99,121.02,121.55,66160000
2005-09-28,121.91,122.12,121.2,121.67,58710000
2005-09-29,121.55,122.86,121.08,122.66,66650000
2005-09-30,122.62,123.04,122.45,123.04,47830000
2005-10-03,122.96,123.34,122.45,122.6,51020000
2005-10-04,122.79,123.03,121.16,121.22,60780000
2005-10-05,121.25,121.31,119.57,119.63,106070000
2005-10-06,119.78,120.26,118.17,119.2,141220000
2005-10-07,119.7,120.05,119.13,119.61,75660000
2005-10-10,119.68,119.71,118.3,118.6,52680000
2005-10-11,118.99,119.39,118.32,118.43,75650000
2005-10-12,118.39,119.13,117.41,117.5,100530000
2005-10-13,117.46,118.08,116.88,117.43,99080000
2005-10-14,118.12,118.81,117.56,118.67,88660000
2005-10-17,118.77,119.27,118.45,119.11,68970000
2005-10-18,118.94,118.96,117.8,117.82,75020000
2005-10-19,117.56,119.8,117.12,119.78,116580000
2005-10-20,119.49,119.81,117.3,117.67,132120000
2005-10-21,118.29,118.78,117.51,118.13,96580000
2005-10-24,118.44,120.09,118.41,119.96,72380000
2005-10-25,119.72,120.24,118.94,119.72,77060000
2005-10-26,119.51,120.54,119.19,119.37,82700000
2005-10-27,119.2,119.37,117.93,118.1,68290000
2005-10-28,118.43,119.95,118.1,119.8,72960000
2005-10-31,120.29,121.3,120.13,120.13,80150000
2005-11-01,120.58,120.9,120.22,120.49,67000000
2005-11-02,120.17,121.75,120.13,121.75,74690000
2005-11-03,122.15,122.66,121.75,122.27,84900000
2005-11-04,122.4,122.46,121.55,122.11,59160000
2005-11-07,122.4,122.62,121.85,122.23,46770000
2005-11-08,121.95,122.42,121.79,122.23,42160000
2005-11-09,122.08,122.95,121.86,122.39,57680000
2005-11-10,122.34,123.86,121.75,123.34,79150000
2005-11-11,123.35,123.84,122.43,123.76,34870000
2005-11-14,123.76,124.02,123.38,123.69,45100000
2005-11-15,123.58,124.09,122.86,123.24,69590000
2005-11-16,123.37,123.55,122.98,123.49,51130000
2005-11-17,123.75,124.65,123.14,124.64,55720000
2005-11-18,125.04,125.76,124.33,125.13,72440000
2005-11-21,125.15,125.91,124.98,125.76,50020000
2005-11-22,125.56,126.52,125.42,126.3,66440000
2005-11-23,126.25,127.41,126.21,127.03,50860000
2005-11-25,126.98,127.22,126.81,127.13,15270000
2005-11-28,127.25,127.27,126.04,126.23,54520000
2005-11-29,126.65,126.98,126.09,126.09,51810000
2005-11-30,126.16,126.52,125.29,125.41,56080000
2005-12-01,126.02,127.03,125.98,126.69,65530000
2005-12-02,126.77,127.08,126.5,126.85,46720000
2005-12-05,126.64,126.73,126.18,126.58,59370000
2005-12-06,127.05,127.74,126.63,126.82,57940000
2005-12-07,126.79,126.87,125.68,126.08,66830000
2005-12-08,126.22,126.82,125.48,126.0,62610000
2005-12-09,126.16,126.78,125.82,126.33,50750000
2005-12-12,126.71,126.86,125.96,126.45,48390000
2005-12-13,126.4,127.7,126.29,127.31,88660000
2005-12-14,127.19,128.09,127.14,127.81,64380000
2005-12-15,127.84,128.0,127.18,127.44,55910000
2005-12-16,127.27,128.57,126.36,126.36,46240000
2005-12-19,126.73,126.87,125.69,125.71,48820000
2005-12-20,125.86,126.59,125.48,125.83,46610000
2005-12-21,126.17,126.76,125.8,126.03,51810000
2005-12-22,126.31,126.69,126.08,126.69,32250000
2005-12-23,126.79,126.86,126.42,126.76,27980000
2005-12-27,126.92,127.05,125.38,125.47,44500000
2005-12-28,125.73,125.99,125.5,125.75,30760000
2005-12-29,125.72,125.96,125.06,125.19,33040000
2005-12-30,124.8,125.06,124.36,124.51,44650000
2006-01-03,125.1,127.0,124.39,126.7,73400000
2006-01-04,126.86,127.49,126.7,127.3,52240000
2006-01-05,127.17,127.59,126.88,127.38,47310000
2006-01-06,128.04,128.58,127.36,128.44,62890000
2006-01-09,128.42,129.06,128.38,128.77,43540000
2006-01-10,128.39,128.98,128.26,128.9,44970000
2006-01-11,129.02,129.44,128.73,129.31,49610000
2006-01-12,129.08,129.28,128.44,128.8,40530000
2006-01-13,128.57,128.9,128.2,128.68,44860000
2006-01-17,128.2,128.42,127.81,128.33,52190000
2006-01-18,127.58,128.9,127.16,127.82,75490000
2006-01-19,128.09,128.77,127.81,128.31,78080000
2006-01-20,128.28,128.31,125.97,125.97,115320000
2006-01-23,126.21,126.82,126.13,126.42,67100000
2006-01-24,126.63,127.15,126.42,126.55,53020000
2006-01-25,127.04,127.18,125.84,126.66,87800000
2006-01-26,127.28,127.67,126.76,127.36,71370000
2006-01-27,127.66,128.66,127.45,128.54,65790000
2006-01-30,128.44,128.81,128.35,128.44,33720000
2006-01-31,128.32,128.54,127.49,127.5,73150000
2006-02-01,127.82,128.43,127.72,128.39,63570000
2006-02-02,128.1,128.14,126.8,126.9,83630000
2006-02-03,126.58,128.39,126.14,126.27,86040000
2006-02-06,126.44,126.8,126.17,126.6,45520000
2006-02-07,126.38,126.66,125.4,125.48,71230000
2006-02-08,125.88,128.1,125.6,126.62,59430000
2006-02-09,126.92,127.6,126.37,126.41,62030000
2006-02-10,126.43,127.13,125.45,126.64,64510000
2006-02-13,126.57,126.79,125.95,126.41,52320000
2006-02-14,126.46,128.03,126.19,127.75,91000000
2006-02-15,127.66,128.32,127.24,128.2,85470000
2006-02-16,128.34,129.21,128.18,129.16,61040000
2006-02-17,129.09,129.16,128.58,128.81,40350000
2006-02-21,129.12,129.4,128.29,128.49,46460000
2006-02-22,128.77,129.65,128.65,129.27,42340000
2006-02-23,129.27,129.64,128.28,129.08,43460000
2006-02-24,129.11,129.48,128.76,129.41,36780000
2006-02-27,129.4,130.04,129.28,129.46,35930000
2006-02-28,129.2,129.91,128.13,128.23,74400000
2006-03-01,128.6,129.49,128.5,129.37,48670000
2006-03-02,128.9,129.42,128.61,129.36,60650000
2006-03-03,128.66,130.07,128.65,128.76,73430000
2006-03-06,129.14,129.18,127.85,128.17,57480000
2006-03-07,127.92,128.06,127.4,127.97,61790000
2006-03-08,127.7,128.44,127.18,128.24,66730000
2006-03-09,128.33,128.68,127.38,127.38,56580000
2006-03-10,127.72,128.84,127.44,128.59,60490000
2006-03-13,128.84,129.16,128.53,128.83,45740000
2006-03-14,128.71,130.23,128.61,130.18,69880000
2006-03-15,130.15,130.86,129.85,130.76,53420000
2006-03-16,130.98,131.47,130.84,131.03,67090000
2006-03-17,130.68,130.9,130.38,130.62,47290000
2006-03-20,130.64,130.9,130.21,130.41,45560000
2006-03-21,130.34,130.99,129.45,129.59,87420000
2006-03-22,129.51,130.51,129.45,130.38,51610000
2006-03-23,130.24,130.39,129.66,130.11,46840000
2006-03-24,129.99,130.57,129.74,130.21,43220000
2006-03-27,130.03,130.28,129.74,130.02,32530000
2006-03-28,129.93,130.53,129.05,129.22,82090000
2006-03-29,129.41,130.5,129.29,130.03,61540000
2006-03-30,130.11,130.98,129.55,129.8,70570000
2006-03-31,130.02,130.24,129.37,129.83,62930000
2006-04-03,130.07,130.87,129.49,129.73,61630000
2006-04-04,129.72,130.73,129.36,130.56,54810000
2006-04-05,130.61,131.28,130.38,131.01,50610000
2006-04-06,130.85,131.21,130.19,130.87,57910000
2006-04-07,131.06,131.4,129.35,129.54,80190000
2006-04-10,129.71,130.08,129.26,129.74,41540000
2006-04-11,129.85,130.06,128.25,128.64,72810000
2006-04-12,128.77,129.13,128.61,128.88,43050000
2006-04-13,128.59,129.25,128.31,128.71,51080000
2006-04-17,128.79,129.31,128.02,128.66,64170000
2006-04-18,128.95,130.94,128.84,130.7,92680000
2006-04-19,130.72,131.07,130.24,130.95,87280000
2006-04-20,131.0,131.86,130.6,131.13,86020000
2006-04-21,131.73,131.79,130.62,131.15,72360000
2006-04-24,130.93,131.07,130.38,130.91,52550000
2006-04-25,131.04,131.12,129.92,130.37,84360000
2006-04-26,130.5,131.14,130.3,130.4,67270000
2006-04-27,129.9,131.63,129.59,131.03,124610000
2006-04-28,130.79,131.75,130.71,131.47,55860000
2006-05-01,131.47,131.8,130.32,130.4,65020000
2006-05-02,131.01,131.46,130.74,131.38,49090000
2006-05-03,131.22,131.32,130.45,130.89,60830000
2006-05-04,131.08,131.62,130.34,131.36,42940000
2006-05-05,132.05,132.8,131.85,132.52,62590000
2006-05-08,132.51,132.77,132.36,132.36,30020000
2006-05-09,132.42,132.77,132.31,132.62,29870000
2006-05-10,132.41,132.75,131.89,132.55,64410000
2006-05-11,132.51,132.55,130.52,130.95,80660000
2006-05-12,130.48,130.72,129.19,129.24,91740000
2006-05-15,128.79,129.74,128.61,129.5,84050000
2006-05-16,129.76,130.0,129.01,129.31,62140000
2006-05-17,128.67,129.1,126.77,126.85,144790000
2006-05-18,127.38,127.75,126.11,126.21,87940000
2006-05-19,126.87,127.49,125.8,127.1,124350000
2006-05-22,126.28,127.17,125.5,126.13,110880000
2006-05-23,127.18,127.63,125.17,125.17,92010000
2006-05-24,125.68,126.89,124.76,126.17,168400000
2006-05-25,126.92,127.73,126.43,127.73,78990000
2006-05-26,128.0,128.38,127.51,128.38,62990000
2006-05-30,127.97,128.0,126.05,126.1,72450000
2006-05-31,126.58,127.51,126.2,127.51,86930000
2006-06-01,127.38,128.94,127.27,128.73,73740000
2006-06-02,129.25,129.43,128.32,129.0,91700000
2006-06-05,128.79,128.86,126.77,127.12,86140000
2006-06-06,127.21,127.38,125.76,126.81,130880000
2006-06-07,126.91,127.65,125.79,125.86,108720000
2006-06-08,125.58,126.5,123.87,125.75,204970000
2006-06-09,126.36,126.96,125.29,125.35,94980000
2006-06-12,125.88,125.93,123.82,123.99,95890000
2006-06-13,123.78,124.84,122.55,122.55,185700000
2006-06-14,122.84,123.63,122.34,123.5,163670000
2006-06-15,123.92,126.36,123.86,126.12,134460000
2006-06-16,125.19,125.56,124.46,124.65,94270000
2006-06-19,125.4,125.48,123.55,123.67,95820000
2006-06-20,124.01,124.81,123.72,124.09,65520000
2006-06-21,124.0,125.7,123.96,125.01,75040000
2006-06-22,124.95,125.06,124.04,124.46,75000000
2006-06-23,124.33,125.3,124.03,124.44,54110000
2006-06-26,124.54,125.06,124.25,124.99,37910000
2006-06-27,125.01,125.29,123.77,123.91,69830000
2006-06-28,124.19,124.77,123.65,124.75,62370000
2006-06-29,125.2,127.35,125.17,127.27,110700000
2006-06-30,127.47,127.66,126.96,127.23,54230000
2006-07-03,127.43,128.01,127.31,127.8,23910000
2006-07-05,127.29,127.45,126.52,127.07,69650000
2006-07-06,127.2,127.85,127.08,127.44,51290000
2006-07-07,127.19,127.56,126.29,126.61,81630000
2006-07-10,126.94,127.43,126.41,126.85,60960000
2006-07-11,126.61,127.41,125.94,127.41,73640000
2006-07-12,127.21,127.4,125.72,126.05,82560000
2006-07-13,125.5,125.68,124.0,124.0,102620000
2006-07-14,124.16,124.26,122.83,123.52,103240000
2006-07-17,123.5,124.1,123.15,123.34,81290000
2006-07-18,123.74,124.05,122.39,123.97,123710000
2006-07-19,124.18,126.26,123.72,125.69,134400000
2006-07-20,126.12,126.3,124.66,124.83,112340000
2006-07-21,125.15,125.19,123.82,123.95,101730000
2006-07-24,124.44,126.32,124.44,126.21,92890000
2006-07-25,125.98,127.3,125.72,126.66,95530000
2006-07-26,126.59,127.45,126.18,126.83,84530000
2006-07-27,127.33,127.69,126.2,126.71,87260000
2006-07-28,126.99,128.14,126.86,127.98,82140000
2006-07-31,127.66,127.96,127.45,127.85,49590000
2006-08-01,127.34,127.38,126.6,127.22,65230000
2006-08-02,127.58,128.46,127.55,128.08,64790000
2006-08-03,127.33,128.55,127.15,128.42,63740000
2006-08-04,129.06,129.43,127.48,128.2,96300000
2006-08-07,127.9,128.08,127.4,127.95,45430000
2006-08-08,128.09,128.46,126.95,127.41,90900000
2006-08-09,128.2,128.6,126.61,126.98,78920000
2006-08-10,126.53,127.5,126.28,127.37,69330000
2006-08-11,127.17,127.2,126.39,127.01,47490000
2006-08-14,127.63,128.16,126.92,127.11,58040000
2006-08-15,128.21,128.87,127.9,128.63,68170000
2006-08-16,129.32,129.89,129.04,129.79,71760000
2006-08-17,129.58,130.37,129.49,130.03,71070000
2006-08-18,130.19,130.69,129.59,130.69,58290000
2006-08-21,130.18,130.28,129.8,130.13,42130000
2006-08-22,129.94,130.52,129.68,130.12,60850000
2006-08-23,130.18,130.44,129.19,129.76,66630000
2006-08-24,129.99,130.1,129.4,129.65,57980000
2006-08-25,129.64,130.25,129.55,129.81,41760000
2006-08-28,129.65,130.82,129.64,130.43,52680000
2006-08-29,130.49,130.83,129.81,130.58,61820000
2006-08-30,130.87,131.04,130.55,130.66,50060000
2006-08-31,130.85,130.99,130.58,130.64,38590000
2006-09-01,131.14,131.58,130.84,131.42,48800000
2006-09-05,131.51,131.85,131.2,131.67,52350000
2006-09-06,131.11,131.16,130.33,130.51,53800000
2006-09-07,130.06,130.57,129.35,129.91,86300000
2006-09-08,130.08,130.46,129.83,130.28,45110000
2006-09-11,129.86,130.69,129.48,130.41,68500000
2006-09-12,130.56,131.84,130.37,131.69,69900000
2006-09-13,131.64,132.45,131.52,132.22,62930000
2006-09-14,131.96,132.24,131.75,132.23,57820000
2006-09-15,132.31,132.39,131.68,131.96,76720000
2006-09-18,131.79,132.39,131.65,132.14,64180000
2006-09-19,132.12,132.13,131.07,131.81,92110000
2006-09-20,132.25,132.77,132.06,132.51,75210000
2006-09-21,132.61,132.75,131.42,131.87,88950000
2006-09-22,131.67,131.68,131.0,131.47,65970000
2006-09-25,131.73,132.85,131.05,132.48,92300000
2006-09-26,132.5,133.6,132.4,133.58,74020000
2006-09-27,133.49,133.97,133.27,133.74,82430000
2006-09-28,133.74,133.99,133.28,133.69,58600000
2006-09-29,133.8,133.94,133.48,133.58,47990000
2006-10-02,133.54,133.83,132.34,133.08,52450000
2006-10-03,132.89,133.87,132.65,133.36,73110000
2006-10-04,133.23,135.0,133.08,134.92,80900000
2006-10-05,134.92,135.41,134.75,135.18,60640000
2006-10-06,134.95,135.1,134.4,135.01,65000000
2006-10-09,134.85,135.3,134.64,135.09,41180000
2006-10-10,135.11,135.45,134.84,135.27,56440000
2006-10-11,134.84,135.43,134.3,135.11,104080000
2006-10-12,135.45,136.39,135.4,136.28,59190000
2006-10-13,136.16,136.71,136.04,136.63,53950000
2006-10-16,136.52,137.05,136.42,136.84,42320000
2006-10-17,136.47,136.7,135.67,136.41,90790000
2006-10-18,137.04,137.37,136.1,136.59,87380000
2006-10-19,136.39,136.88,136.23,136.81,64080000
2006-10-20,136.81,136.95,136.33,136.84,48100000
2006-10-23,136.56,137.8,136.39,137.47,66240000
2006-10-24,137.28,137.93,137.22,137.88,51020000
2006-10-25,137.74,138.41,137.51,138.35,80750000
2006-10-26,138.66,139.0,137.98,138.78,66850000
2006-10-27,138.61,138.75,137.63,137.91,80240000
2006-10-30,137.66,138.2,137.4,137.81,49720000
2006-10-31,138.07,138.26,137.25,137.79,71300000
2006-11-01,138.22,138.31,136.72,136.86,83010000
2006-11-02,136.51,137.01,136.36,136.78,60700000
2006-11-03,137.27,137.39,135.62,136.54,71350000
2006-11-06,136.96,138.28,136.95,138.08,63310000
2006-11-07,138.2,138.98,138.0,138.61,63390000
2006-11-08,138.0,139.05,136.86,138.91,87520000
2006-11-09,139.01,139.14,137.9,138.18,95920000
2006-11-10,138.14,138.34,137.72,138.24,48990000
2006-11-13,138.18,139.04,138.07,138.58,59410000
2006-11-14,138.97,139.74,138.12,139.62,96720000
2006-11-15,139.57,140.45,139.53,140.02,76520000
2006-11-16,140.44,140.68,139.49,140.38,76750000
2006-11-17,139.93,140.43,139.73,140.42,56360000
2006-11-20,140.3,140.74,139.94,140.5,69190000
2006-11-21,140.49,140.67,140.29,140.64,51370000
2006-11-22,140.75,141.16,140.5,140.92,45510000
2006-11-24,140.24,140.84,140.2,140.35,31000000
2006-11-27,140.28,140.35,138.38,138.42,84550000
2006-11-28,138.24,139.16,138.11,139.02,106670000
2006-11-29,139.47,140.53,139.08,140.47,91540000
2006-11-30,140.44,141.05,139.76,140.53,84000000
2006-12-01,140.53,140.66,138.97,140.22,126160000
2006-12-04,140.25,141.55,140.23,141.29,87820000
2006-12-05,141.56,141.96,141.26,141.9,73380000
2006-12-06,141.87,142.07,141.5,141.78,53330000
2006-12-07,142.03,142.3,141.11,141.16,62860000
2006-12-08,141.13,141.9,140.78,141.42,79630000
2006-12-11,141.42,142.09,141.34,141.83,39780000
2006-12-12,141.69,141.87,140.89,141.72,77460000
2006-12-13,142.23,142.34,141.56,141.87,55570000
2006-12-14,141.86,143.24,141.84,143.12,64780000
2006-12-15,142.64,142.89,142.24,142.34,70860000
2006-12-18,142.54,142.88,141.75,141.95,48960000
2006-12-19,141.55,142.56,141.19,142.22,65080000
2006-12-20,142.28,142.66,142.01,142.14,41470000
2006-12-21,142.27,142.43,141.32,141.62,48700000
2006-12-22,141.64,141.65,140.67,140.75,62070000
2006-12-26,140.81,141.61,140.78,141.58,32700000
2006-12-27,141.87,142.6,141.83,142.51,39730000
2006-12-28,142.41,142.7,141.99,142.21,37290000
2006-12-29,142.1,142.54,141.43,141.62,45470000
2007-01-03,142.25,142.86,140.57,141.37,94850000
2007-01-04,141.23,142.05,140.61,141.67,69640000
2007-01-05,141.33,141.4,140.38,140.54,76700000
2007-01-08,140.82,141.41,140.25,141.19,71680000
2007-01-09,141.31,141.6,140.4,141.07,75730000
2007-01-10,140.58,141.57,140.3,141.54,72480000
2007-01-11,141.56,142.62,141.5,142.16,55530000
2007-01-12,142.12,143.24,142.11,143.24,57640000
2007-01-16,143.07,143.44,142.73,142.96,44990000
2007-01-17,142.85,143.46,142.73,143.02,51600000
2007-01-18,143.17,143.26,142.31,142.54,68260000
2007-01-19,142.54,143.1,142.46,142.82,56980000
2007-01-22,143.07,143.1,141.93,142.38,60260000
2007-01-23,142.26,143.08,142.06,142.8,54090000
2007-01-24,142.97,143.98,142.91,143.95,56470000
2007-01-25,143.84,143.92,142.01,142.26,74970000
2007-01-26,142.57,142.65,141.58,142.16,74590000
2007-01-29,142.19,142.8,141.74,142.05,66220000
2007-01-30,142.35,142.86,142.06,142.79,70420000
2007-01-31,142.63,144.13,142.4,143.75,91910000
2007-02-01,144.15,144.66,143.91,144.61,69320000
2007-02-02,144.73,144.95,144.38,144.81,49610000
2007-02-05,144.7,144.94,144.34,144.85,45750000
2007-02-06,144.97,145.03,144.33,144.89,57080000
2007-02-07,145.12,145.36,144.57,145.21,55700000
2007-02-08,144.78,145.12,144.27,145.02,70650000
2007-02-09,145.06,145.33,143.39,143.94,79090000
2007-02-12,143.94,144.04,143.19,143.45,65660000
2007-02-13,143.77,144.9,143.76,144.66,64110000
2007-02-14,144.8,145.9,144.78,145.61,66060000
2007-02-15,145.67,145.95,145.43,145.8,38730000
2007-02-16,145.44,145.76,145.23,145.73,39840000
2007-02-20,145.56,146.2,144.06,146.04,56920000
2007-02-21,145.61,146.07,145.35,145.98,63990000
2007-02-22,146.05,146.42,145.17,145.87,79080000
2007-02-23,145.74,145.79,144.75,145.3,71990000
2007-02-26,145.83,145.95,144.75,145.17,70100000
2007-02-27,143.88,144.2,139.0,139.5,274950000
2007-02-28,140.39,141.98,139.8,140.93,177570000
2007-03-01,139.34,141.25,138.05,140.51,212850000
2007-03-02,140.05,140.66,138.66,138.67,162610000
2007-03-05,137.93,139.58,137.33,137.35,144650000
2007-03-06,138.78,140.12,137.72,139.7,143450000
2007-03-07,139.59,140.46,139.4,139.56,115250000
2007-03-08,140.54,141.16,140.07,140.74,117900000
2007-03-09,141.31,141.42,140.08,140.78,107770000
2007-03-12,140.42,141.34,140.16,140.99,80380000
2007-03-13,140.18,140.77,138.04,138.25,190610000
2007-03-14,138.43,139.36,136.75,139.28,231850000
2007-03-15,138.97,139.99,138.8,139.47,132440000
2007-03-16,139.31,139.63,138.12,138.53,122070000
2007-03-19,139.26,140.33,138.55,140.2,96220000
2007-03-20,140.08,141.05,139.96,140.97,83360000
2007-03-21,141.1,143.65,140.82,143.29,153440000
2007-03-22,143.48,143.68,142.79,143.18,119000000
2007-03-23,143.28,143.81,143.15,143.39,74430000
2007-03-26,143.5,143.65,142.09,143.2,113810000
2007-03-27,143.12,143.16,142.39,142.86,100590000
2007-03-28,142.14,142.47,141.26,141.82,152970000
2007-03-29,142.54,142.61,141.19,141.97,139510000
2007-03-30,142.24,142.84,140.56,142.0,128210000
2007-04-02,142.16,142.46,140.89,142.16,79450000
2007-04-03,142.97,143.98,142.91,143.69,82520000
2007-04-04,143.69,143.95,143.16,143.85,64020000
2007-04-05,143.67,144.44,143.61,144.24,46870000
2007-04-09,144.65,144.8,144.15,144.44,51150000
2007-04-10,144.33,144.85,144.27,144.61,56640000
2007-04-11,144.82,144.86,143.54,144.02,106560000
2007-04-12,143.74,144.92,143.34,144.66,116460000
2007-04-13,144.9,145.32,144.36,145.32,85180000
2007-04-16,145.83,146.86,145.82,146.7,83210000
2007-04-17,146.97,147.4,146.65,147.09,108450000
2007-04-18,146.6,147.7,146.57,147.27,88350000
2007-04-19,146.55,147.4,146.36,147.23,103370000
2007-04-20,148.22,148.62,147.04,148.62,124130000
2007-04-23,148.37,148.73,147.97,148.06,77590000
2007-04-24,148.23,148.4,147.32,148.12,114480000
2007-04-25,148.73,149.66,148.02,149.48,109170000
2007-04-26,149.49,149.8,149.1,149.65,88760000
2007-04-27,149.09,149.74,148.84,149.53,108200000
2007-04-30,149.64,149.74,148.21,148.29,101020000
2007-05-01,148.42,149.47,147.67,148.67,134450000
2007-05-02,148.9,149.95,148.75,149.54,87180000
2007-05-03,149.97,150.4,149.05,150.35,87870000
2007-05-04,150.75,151.12,150.22,150.92,96420000
2007-05-07,150.88,151.2,150.81,150.95,63690000
2007-05-08,150.58,150.92,150.13,150.75,81540000
2007-05-09,150.64,152.82,150.37,151.16,102950000
2007-05-10,150.73,151.02,149.27,149.58,153700000
2007-05-11,149.75,150.93,149.72,150.86,113420000
2007-05-14,150.86,151.3,149.79,150.53,108070000
2007-05-15,150.7,151.66,150.19,150.57,180950000
2007-05-16,150.8,151.63,150.38,151.6,114670000
2007-05-17,151.38,151.96,151.11,151.3,101570000
2007-05-18,152.01,152.62,151.81,152.62,99190000
2007-05-21,152.58,153.23,152.5,152.54,174710000
2007-05-22,152.7,153.16,152.38,152.42,82280000
2007-05-23,152.95,153.5,152.36,152.44,133960000
2007-05-24,152.53,153.21,150.74,151.06,187780000
2007-05-25,151.49,152.02,151.18,151.69,83310000
2007-05-29,151.94,152.5,151.45,152.24,83960000
2007-05-30,151.46,153.54,151.34,153.48,131290000
2007-05-31,153.66,153.89,153.12,153.32,115780000
2007-06-01,153.88,154.4,153.51,154.08,107820000
2007-06-04,153.54,154.39,153.48,154.1,78080000
2007-06-05,153.74,153.9,152.86,153.49,127970000
2007-06-06,152.91,152.95,151.75,151.84,164160000
2007-06-07,151.56,152.5,149.06,149.1,232540000
2007-06-08,149.5,151.19,149.09,151.04,176990000
2007-06-11,150.93,151.95,150.7,151.3,102540000
2007-06-12,150.67,151.54,149.55,149.65,235780000
2007-06-13,150.5,152.07,149.72,151.89,193260000
2007-06-14,152.06,153.12,152.03,152.86,146780000
2007-06-15,153.14,153.66,152.93,153.07,154430000
2007-06-18,153.38,153.39,152.66,152.89,88640000
2007-06-19,152.55,153.38,152.36,153.27,111130000
2007-06-20,153.58,153.58,150.96,151.14,177250000
2007-06-21,151.08,152.11,150.25,151.98,205280000
2007-06-22,151.52,151.77,149.85,150.55,205160000
2007-06-25,150.24,151.25,149.02,149.83,232070000
2007-06-26,150.21,150.46,148.28,148.29,198450000
2007-06-27,148.13,150.57,148.06,150.4,213640000
2007-06-28,150.38,151.41,149.67,150.38,157700000
2007-06-29,150.9,151.65,149.15,150.43,199700000
2007-07-02,150.87,151.92,150.77,151.79,103360000
2007-07-03,152.18,152.5,151.99,152.34,54050000
2007-07-05,152.4,152.56,151.63,152.18,89280000
2007-07-06,152.38,153.17,151.93,152.98,81110000
2007-07-09,153.16,153.36,152.62,153.0,72350000
2007-07-10,152.29,152.61,150.77,150.92,180360000
2007-07-11,150.75,152.05,150.52,151.99,175610000
2007-07-12,152.37,154.75,152.34,154.39,133880000
2007-07-13,154.57,155.46,154.39,154.85,111790000
2007-07-16,154.99,155.53,154.58,154.83,98380000
2007-07-17,154.93,156.0,154.68,154.75,126200000
2007-07-18,154.23,154.8,153.3,154.47,237890000
2007-07-19,155.2,155.53,154.75,155.07,145250000
2007-07-20,154.89,155.25,152.29,153.5,245500000
2007-07-23,154.18,154.72,153.3,153.97,121180000
2007-07-24,153.12,154.28,150.76,151.3,256880000
2007-07-25,152.02,152.39,150.25,151.61,265210000
2007-07-26,150.19,150.8,146.39,148.02,467590000
2007-07-27,148.21,148.87,145.05,145.11,422990000
2007-07-30,145.93,147.81,145.29,147.38,283020000
2007-07-31,148.33,149.46,145.04,145.72,316980000
2007-08-01,145.18,147.01,143.95,146.43,467670000
2007-08-02,146.76,147.76,145.26,147.6,294760000
2007-08-03,147.28,147.58,143.2,143.8,359400000
2007-08-06,144.21,146.83,142.53,146.21,324980000
2007-08-07,145.94,149.0,145.23,147.77,280690000
2007-08-08,148.41,150.59,147.34,149.83,274930000
2007-08-09,147.43,149.9,145.29,145.39,358180000
2007-08-10,144.39,146.5,143.12,144.71,411020000
2007-08-13,146.5,146.89,145.02,145.23,181990000
2007-08-14,145.7,146.06,142.72,143.01,264130000
2007-08-15,142.72,144.46,140.62,141.04,323830000
2007-08-16,139.79,142.94,137.0,142.1,546740000
2007-08-17,145.5,145.9,141.39,144.71,388220000
2007-08-20,145.17,145.47,143.29,144.64,187320000
2007-08-21,144.6,145.97,144.14,144.93,157070000
2007-08-22,146.01,146.8,145.33,146.65,173160000
2007-08-23,147.34,147.65,145.61,146.52,203920000
2007-08-24,146.48,148.33,146.28,148.33,128900000
2007-08-27,147.85,148.33,146.73,146.95,113020000
2007-08-28,146.16,146.25,143.46,143.72,219790000
2007-08-29,144.37,146.74,143.96,146.54,207650000
2007-08-30,145.45,147.19,145.31,146.15,191820000
2007-08-31,147.65,148.5,146.83,147.59,185480000
2007-09-04,147.45,149.98,147.4,149.08,120060000
2007-09-05,148.2,148.36,147.0,147.79,166260000
2007-09-06,147.95,148.61,147.12,148.13,127880000
2007-09-07,146.48,146.89,145.26,146.07,235450000
2007-09-10,146.52,146.72,144.33,145.79,192370000
2007-09-11,146.24,147.7,146.13,147.49,162080000
2007-09-12,147.29,148.44,146.98,147.87,149590000
2007-09-13,148.55,149.45,148.2,148.91,154080000
2007-09-14,147.96,149.09,147.74,148.9,121910000
2007-09-17,148.31,148.89,147.63,148.1,109870000
2007-09-18,148.83,152.5,148.13,152.46,263760000
2007-09-19,153.41,154.39,152.71,153.36,193780000
2007-09-20,153.34,153.43,152.11,152.28,175190000
2007-09-21,152.71,153.12,151.74,151.97,141460000
2007-09-24,152.42,152.82,151.36,151.69,139450000
2007-09-25,150.81,151.66,150.47,151.39,142300000
2007-09-26,152.25,152.77,151.39,152.19,135590000
2007-09-27,152.91,153.1,152.19,153.09,102710000
2007-09-28,152.85,153.19,151.98,152.58,133370000
2007-10-01,152.6,154.75,152.5,154.3,148160000
2007-10-02,154.61,154.65,153.81,154.09,112980000
2007-10-03,153.81,154.41,153.01,153.78,119060000
2007-10-04,154.11,154.26,153.59,154.02,76860000
2007-10-05,155.03,156.1,154.63,155.85,134580000
2007-10-08,155.39,155.49,154.77,155.02,71280000
2007-10-09,155.6,156.5,155.03,156.48,94050000
2007-10-10,156.04,156.44,155.41,156.22,101710000
2007-10-11,156.93,157.52,154.54,155.47,233530000
2007-10-12,155.46,156.35,155.27,156.33,124550000
2007-10-15,156.27,156.36,153.94,155.01,161150000
2007-10-16,154.41,156.48,153.47,153.78,166530000
2007-10-17,154.98,155.09,152.47,154.25,216690000
2007-10-18,153.45,154.19,153.08,153.69,148460000
2007-10-19,153.09,156.48,149.66,149.67,297170000
2007-10-22,148.86,150.76,148.66,150.54,261990000
2007-10-23,151.46,151.95,150.25,151.76,180090000
2007-10-24,151.21,151.74,148.0,151.48,326690000
2007-10-25,151.65,152.29,149.88,151.84,237370000
2007-10-26,153.06,153.62,151.9,153.62,176490000
2007-10-29,153.93,154.44,153.55,154.13,106840000
2007-10-30,153.45,153.75,152.87,153.06,132980000
2007-10-31,153.98,155.27,152.84,154.65,220950000
2007-11-01,153.29,153.41,150.59,151.03,333040000
2007-11-02,151.53,152.0,149.21,151.2,331230000
2007-11-05,149.64,151.16,148.0,150.05,226850000
2007-11-06,150.86,152.11,149.9,152.07,177800000
2007-11-07,150.44,152.11,147.55,147.91,306640000
2007-11-08,147.99,149.3,145.07,147.16,374510000
2007-11-09,145.69,147.54,144.89,145.14,277750000
2007-11-12,145.21,146.61,143.7,143.7,243090000
2007-11-13,145.37,148.31,145.22,148.08,191120000
2007-11-14,149.22,149.4,146.78,147.67,230560000
2007-11-15,146.57,147.49,144.52,145.54,263110000
2007-11-16,146.31,146.47,144.57,145.79,308770000
2007-11-19,145.28,145.36,143.19,143.76,267750000
2007-11-20,144.02,145.53,142.11,144.64,414770000
2007-11-21,143.08,143.91,141.67,141.68,259200000
2007-11-23,143.07,144.34,142.7,144.13,77690000
2007-11-26,144.43,144.88,140.66,140.95,214230000
2007-11-27,141.74,143.23,140.95,142.57,293900000
2007-11-28,144.19,147.47,144.14,147.13,259100000
2007-11-29,146.62,147.72,146.1,147.18,199410000
2007-11-30,149.04,149.87,147.33,148.66,222910000
2007-12-03,148.19,148.45,147.29,147.68,146430000
2007-12-04,146.66,147.54,146.31,146.36,136530000
2007-12-05,147.93,149.2,147.83,148.81,171130000
2007-12-06,148.63,151.21,148.57,150.94,154540000
2007-12-07,151.42,151.5,150.55,150.91,148980000
2007-12-10,151.28,152.25,150.86,152.08,123910000
2007-12-11,152.14,152.89,147.83,147.91,250350000
2007-12-12,151.06,151.77,147.2,149.37,322440000
2007-12-13,148.32,149.39,147.3,149.06,237610000
2007-12-14,147.93,149.1,147.1,147.17,159150000
2007-12-17,146.61,146.87,144.86,145.07,177270000
2007-12-18,146.1,146.48,143.96,145.88,245570000
2007-12-19,145.94,146.89,144.94,145.88,198920000
2007-12-20,146.84,146.86,145.18,146.8,214810000
2007-12-21,147.37,148.42,147.09,148.13,146090000
2007-12-24,148.82,149.48,148.48,149.23,45600000
2007-12-26,148.65,149.68,148.5,149.55,67120000
2007-12-27,149.02,149.03,147.32,147.67,122980000
2007-12-28,148.54,148.61,146.9,147.3,116400000
2007-12-31,147.1,147.61,146.06,146.21,108130000
2008-01-02,146.53,146.99,143.88,144.93,204940000
2008-01-03,144.91,145.49,144.07,144.86,125130000
2008-01-04,143.34,143.44,140.91,141.31,232330000
2008-01-07,141.81,142.23,140.1,141.19,234990000
2008-01-08,142.08,142.9,138.44,138.91,326370000
2008-01-09,139.09,140.79,137.7,140.37,301910000
2008-01-10,139.68,142.8,139.37,141.29,335700000
2008-01-11,140.78,141.9,139.0,140.15,267080000
2008-01-14,141.16,141.86,140.4,141.28,170370000
2008-01-15,139.79,141.49,137.9,138.17,240460000
2008-01-16,137.36,139.12,136.28,136.98,378960000
2008-01-17,137.81,137.88,132.93,133.43,398400000
2008-01-18,134.74,135.02,131.1,132.06,348560000
2008-01-22,127.21,132.43,126.0,130.72,435930000
2008-01-23,127.09,134.19,126.84,133.86,511910000
2008-01-24,134.48,135.46,133.31,134.99,259950000
2008-01-25,136.51,136.76,132.6,133.04,269600000
2008-01-28,133.26,135.52,132.06,135.24,217930000
2008-01-29,136.1,136.45,134.88,135.91,168970000
2008-01-30,135.58,138.54,134.6,134.91,334940000
2008-01-31,133.4,138.54,133.2,137.37,343680000
2008-02-01,137.94,139.61,137.52,139.58,206840000
2008-02-04,139.21,139.3,137.64,137.82,124690000
2008-02-05,135.94,136.25,133.67,134.13,286880000
2008-02-06,134.58,135.25,132.41,133.05,250790000
2008-02-07,131.8,134.79,131.73,133.93,297540000
2008-02-08,133.09,134.22,132.1,133.07,221640000
2008-02-11,133.1,134.23,132.04,133.75,188580000
2008-02-12,134.91,136.31,133.98,134.99,256650000
2008-02-13,136.01,137.1,135.14,136.37,181970000
2008-02-14,136.95,137.0,134.79,135.17,215210000
2008-02-15,134.55,136.1,133.36,135.14,154110000
2008-02-19,136.69,136.89,134.61,135.52,145190000
2008-02-20,133.99,137.6,133.76,135.92,220710000
2008-02-21,136.66,137.01,134.07,134.79,201050000
2008-02-22,134.97,135.85,132.86,135.62,205490000
2008-02-25,135.54,137.65,134.78,137.33,190110000
2008-02-26,136.75,138.95,136.5,138.36,212420000
2008-02-27,137.56,139.14,137.41,138.22,168400000
2008-02-28,137.24,137.96,136.55,136.87,170830000
2008-02-29,135.6,137.02,132.78,133.82,252720000
2008-03-03,133.14,133.81,132.24,133.5,195610000
2008-03-04,132.23,133.4,130.99,132.99,282510000
2008-03-05,133.41,134.77,132.34,133.83,270680000
2008-03-06,132.98,133.22,130.55,131.06,247910000
2008-03-07,129.63,131.74,128.58,129.71,326430000
2008-03-10,129.81,129.93,127.59,128.0,235680000
2008-03-11,130.72,132.72,127.72,132.6,341880000
2008-03-12,132.73,133.77,131.16,131.36,229160000
2008-03-13,129.61,132.64,128.6,131.65,351880000
2008-03-14,132.77,132.81,127.78,129.61,484690000
2008-03-17,126.57,129.26,126.07,128.3,405310000
2008-03-18,130.62,133.69,129.98,133.63,334420000
2008-03-19,134.14,134.65,130.04,130.32,345970000
2008-03-20,130.05,132.91,129.26,132.08,245320000
2008-03-24,133.31,135.81,133.24,134.72,209110000
2008-03-25,134.86,135.55,133.77,134.85,192950000
2008-03-26,134.46,135.09,133.11,133.2,196930000
2008-03-27,134.2,134.44,132.36,132.78,225150000
2008-03-28,132.99,133.36,131.06,131.51,180920000
2008-03-31,131.29,132.73,131.09,131.97,166690000
2008-04-01,133.71,136.84,133.51,136.61,254550000
2008-04-02,137.06,137.67,135.98,136.7,210910000
2008-04-03,135.94,137.44,135.71,137.04,175880000
2008-04-04,137.12,137.96,136.12,136.89,204470000
2008-04-07,137.87,138.57,136.74,136.96,154380000
2008-04-08,136.19,137.16,135.95,136.82,148940000
2008-04-09,136.61,136.8,134.89,135.83,195610000
2008-04-10,135.39,136.67,134.9,136.02,192970000
2008-04-11,134.45,135.98,133.01,133.38,222970000
2008-04-14,133.19,133.54,132.55,132.93,160520000
2008-04-15,133.58,133.69,132.33,133.24,172390000
2008-04-16,134.54,136.93,134.4,136.85,189270000
2008-04-17,136.02,137.25,135.66,137.05,179710000
2008-04-18,138.94,139.56,138.26,138.48,218530000
2008-04-21,138.23,138.98,136.87,138.55,118590000
2008-04-22,138.19,138.37,136.64,137.94,162170000
2008-04-23,138.09,138.78,137.12,137.72,193310000
2008-04-24,138.08,139.74,137.04,138.32,229380000
2008-04-25,139.41,139.89,137.91,139.6,190790000
2008-04-28,139.88,140.25,139.38,139.63,105620000
2008-04-29,139.39,139.73,138.61,139.08,125510000
2008-04-30,139.29,140.59,138.26,138.26,208400000
2008-05-01,138.39,141.12,138.27,141.12,187280000
2008-05-02,142.33,142.37,140.56,141.51,181590000
2008-05-05,141.05,141.61,140.41,140.83,118510000
2008-05-06,140.01,142.2,139.69,142.05,179340000
2008-05-07,141.89,142.04,139.13,139.52,199270000
2008-05-08,139.74,140.32,138.98,139.16,178320000
2008-05-09,138.6,139.39,138.45,138.9,152590000
2008-05-12,139.25,140.56,138.73,140.46,150910000
2008-05-13,140.8,140.89,139.73,140.48,159140000
2008-05-14,141.07,142.2,140.46,140.77,181910000
2008-05-15,141.04,142.63,140.83,142.53,166930000
2008-05-16,142.86,142.87,141.61,142.66,204240000
2008-05-19,142.81,144.3,142.3,143.05,165700000
2008-05-20,142.27,142.34,141.0,141.89,178550000
2008-05-21,141.81,142.12,139.0,139.49,252720000
2008-05-22,139.43,140.17,139.0,139.51,170820000
2008-05-23,139.05,139.66,137.52,137.64,181440000
2008-05-27,137.8,139.0,137.53,138.66,168320000
2008-05-28,139.17,140.0,138.0,139.3,181290000
2008-05-29,139.13,140.93,139.08,140.0,173930000
2008-05-30,140.47,140.74,139.94,140.35,117360000
2008-06-02,139.83,139.86,138.0,138.9,181070000
2008-06-03,139.3,139.62,137.23,138.09,272050000
2008-06-04,137.7,139.16,137.46,138.02,246730000
2008-06-05,138.58,140.89,138.32,140.78,237870000
2008-06-06,139.55,139.8,136.22,136.29,384280000
2008-06-09,136.86,137.5,135.41,136.62,228260000
2008-06-10,135.67,137.1,135.35,135.94,260230000
2008-06-11,135.97,136.26,133.93,133.94,284060000
2008-06-12,134.6,135.87,133.52,134.45,252790000
2008-06-13,135.17,136.52,134.42,136.15,244730000
2008-06-16,135.55,136.93,135.46,136.23,185830000
2008-06-17,137.07,137.12,135.37,135.57,191740000
2008-06-18,134.69,135.52,133.71,134.25,266970000
2008-06-19,134.15,135.24,132.0,134.42,304310000
2008-06-20,132.84,133.09,131.22,131.58,289280000
2008-06-23,132.09,132.23,131.32,131.45,165120000
2008-06-24,131.05,132.44,130.19,131.19,267300000
2008-06-25,131.72,133.4,131.24,131.81,287850000
2008-06-26,130.57,131.42,128.08,128.23,297770000
2008-06-27,128.28,128.86,127.03,127.53,303420000
2008-06-30,127.89,128.91,127.3,127.98,258890000
2008-07-01,126.52,128.47,125.93,128.38,388620000
2008-07-02,128.79,129.16,125.95,126.18,291220000
2008-07-03,127.11,127.11,124.99,126.31,239360000
2008-07-07,126.79,127.34,123.92,125.02,372430000
2008-07-08,124.99,127.39,124.2,127.24,376230000
2008-07-09,127.5,127.74,124.39,124.79,336790000
2008-07-10,124.43,125.79,123.58,125.3,436480000
2008-07-11,123.97,125.9,122.49,123.84,481120000
2008-07-14,125.26,125.5,122.4,122.72,322720000
2008-07-15,121.8,123.49,120.02,120.99,502500000
2008-07-16,121.45,124.57,121.1,123.96,371640000
2008-07-17,125.14,126.26,124.09,125.2,375490000
2008-07-18,126.17,126.42,125.15,125.98,267030000
2008-07-21,126.51,126.8,125.19,126.05,222860000
2008-07-22,125.15,127.8,124.85,127.48,296900000
2008-07-23,127.89,129.15,127.55,128.17,311700000
2008-07-24,128.34,128.41,125.16,125.51,248630000
2008-07-25,125.89,126.49,125.17,125.48,219130000
2008-07-28,125.51,126.06,123.42,123.64,205200000
2008-07-29,123.98,126.38,123.64,126.28,261510000
2008-07-30,127.11,128.6,126.28,128.53,354710000
2008-07-31,127.4,128.57,126.63,126.83,277400000
2008-08-01,127.12,127.28,125.46,126.16,248700000
2008-08-04,126.04,126.14,124.76,124.99,188250000
2008-08-05,126.02,128.56,124.97,128.36,251620000
2008-08-06,128.02,129.3,127.48,128.93,209560000
2008-08-07,127.96,129.06,126.54,127.01,246310000
2008-08-08,126.58,129.93,126.38,129.37,260810000
2008-08-11,129.47,131.51,129.23,130.71,249430000
2008-08-12,130.28,130.7,128.73,129.35,213200000
2008-08-13,128.79,129.65,127.67,128.57,256470000
2008-08-14,127.84,130.28,127.75,129.54,239560000
2008-08-15,129.93,130.5,129.3,130.17,181010000
2008-08-18,130.43,130.48,127.66,128.39,172280000
2008-08-19,127.42,128.12,126.53,126.99,194670000
2008-08-20,127.39,127.95,126.34,127.58,225500000
2008-08-21,126.75,128.44,126.6,127.8,180610000
2008-08-22,128.67,129.65,127.8,129.65,167720000
2008-08-25,128.8,129.65,126.75,127.02,171940000
2008-08-26,127.02,127.87,126.58,127.39,159120000
2008-08-27,127.55,128.83,127.3,128.63,171030000
2008-08-28,129.28,130.34,128.63,130.19,167540000
2008-08-29,129.73,130.14,128.51,128.79,189210000
2008-09-02,130.03,130.71,127.52,127.99,252470000
2008-09-03,127.88,128.5,126.93,127.88,251950000
2008-09-04,126.97,127.23,123.96,124.03,340440000
2008-09-05,123.29,124.95,122.0,124.42,289510000
2008-09-08,128.04,128.24,124.42,126.99,364150000
2008-09-09,127.1,127.36,122.8,123.22,377330000
2008-09-10,123.89,124.9,122.55,123.72,298920000
2008-09-11,122.12,125.74,121.6,125.51,375370000
2008-09-12,124.29,126.21,123.83,126.09,297850000
2008-09-15,121.63,125.65,119.89,120.09,483610000
2008-09-16,117.2,122.32,117.0,122.1,581740000
2008-09-17,119.64,121.85,116.0,116.61,624100000
2008-09-18,118.05,121.79,113.8,120.07,776110000
2008-09-19,126.7,128.0,116.52,124.12,501140000
2008-09-22,124.45,124.75,120.36,121.31,249970000
2008-09-23,120.85,122.02,118.28,118.55,328230000
2008-09-24,119.35,120.0,117.79,118.93,311870000
2008-09-25,119.4,121.91,118.44,120.79,328250000
2008-09-26,118.83,121.5,118.51,120.85,285920000
2008-09-29,119.18,121.18,110.97,111.38,459560000
2008-09-30,113.51,116.8,110.53,115.99,328510000
2008-10-01,115.27,116.69,113.95,116.06,333080000
2008-10-02,114.95,115.11,111.06,111.85,365630000
2008-10-03,112.86,115.45,109.68,110.34,461830000
2008-10-06,107.15,107.62,100.64,104.72,610790000
2008-10-07,106.84,107.33,99.65,100.03,540210000
2008-10-08,97.52,102.18,96.81,97.51,725790000
2008-10-09,99.66,100.62,90.25,90.7,534760000
2008-10-10,86.76,93.94,83.58,88.5,871550000
2008-10-13,93.87,101.35,89.95,101.35,456900000
2008-10-14,104.7,105.53,97.11,99.85,546690000
2008-10-15,97.46,97.8,89.71,90.02,484630000
2008-10-16,91.29,94.77,86.54,93.77,708810000
2008-10-17,91.99,98.59,91.65,93.21,476770000
2008-10-20,95.35,99.1,94.09,98.81,321290000
2008-10-21,96.97,98.64,95.22,95.86,356500000
2008-10-22,93.2,95.86,87.53,90.64,516170000
2008-10-23,90.29,92.45,85.81,91.69,634670000
2008-10-24,84.06,89.92,84.0,87.04,545810000
2008-10-27,85.97,89.51,83.7,83.95,400240000
2008-10-28,87.34,94.24,84.53,93.76,639940000
2008-10-29,93.77,97.17,92.1,93.08,531380000
2008-10-30,95.78,96.54,92.9,96.3,414580000
2008-10-31,95.08,98.57,94.48,96.83,411500000
2008-11-03,96.78,97.69,95.95,97.11,205570000
2008-11-04,99.06,100.86,96.71,100.41,346980000
2008-11-05,99.2,100.71,95.0,96.19,390400000
2008-11-06,94.46,95.44,90.06,90.86,477980000
2008-11-07,91.65,94.0,90.5,93.86,380540000
2008-11-10,95.21,95.53,90.92,92.63,301900000
2008-11-11,90.76,92.14,88.65,89.77,418600000
2008-11-12,88.23,89.77,85.12,85.82,454330000
2008-11-13,86.13,91.73,82.09,91.17,753800000
2008-11-14,89.41,92.06,86.52,86.62,540350000
2008-11-17,86.38,88.56,85.16,85.47,415540000
2008-11-18,85.15,87.22,82.91,87.08,524140000
2008-11-19,85.91,86.87,80.92,81.5,558810000
2008-11-20,80.13,82.51,75.05,75.45,814180000
2008-11-21,77.46,80.9,74.34,79.52,718770000
2008-11-24,81.92,86.98,80.36,85.03,523460000
2008-11-25,87.3,87.51,83.82,85.66,454190000
2008-11-26,84.3,89.19,84.24,88.97,370320000
2008-11-28,88.63,90.13,88.48,90.09,119910000
2008-12-01,87.51,87.55,81.86,82.11,370830000
2008-12-02,83.47,85.49,82.04,85.27,469790000
2008-12-03,83.4,87.83,83.14,87.32,520100000
2008-12-04,86.06,88.05,83.74,85.3,444340000
2008-12-05,83.65,88.42,82.24,87.93,472060000
2008-12-08,90.34,92.38,88.08,91.0,413020000
2008-12-09,90.37,92.13,88.98,89.5,370860000
2008-12-10,90.32,91.36,89.0,90.11,396380000
2008-12-11,89.54,91.0,87.37,87.94,366330000
2008-12-12,85.55,89.07,85.2,88.99,415140000
2008-12-15,89.02,89.15,86.29,87.75,256850000
2008-12-16,88.3,92.02,88.18,91.88,377700000
2008-12-17,90.84,92.43,90.06,90.99,288100000
2008-12-18,91.4,91.67,88.21,89.29,374830000
2008-12-19,89.1,90.62,88.09,88.19,301520000
2008-12-22,88.58,88.67,85.49,87.06,244190000
2008-12-23,87.53,87.93,85.8,86.16,221770000
2008-12-24,86.45,86.87,86.0,86.66,62140000
2008-12-26,87.24,87.3,86.5,87.16,74780000
2008-12-29,87.24,87.33,85.6,86.91,128420000
2008-12-30,87.51,89.05,86.88,88.97,168560000
2008-12-31,89.08,90.97,88.87,90.24,194140000
2009-01-02,90.44,93.44,89.85,92.96,227640000
2009-01-05,92.63,94.55,91.89,92.85,240700000
2009-01-06,93.64,94.45,92.68,93.47,328480000
2009-01-07,92.0,92.26,90.2,90.67,281050000
2009-01-08,90.16,91.09,89.67,91.04,263830000
2009-01-09,91.16,91.32,85.36,89.09,331160000
2009-01-12,88.84,88.91,86.41,86.95,278010000
2009-01-13,86.73,87.88,86.2,87.11,356730000
2009-01-14,85.54,85.75,83.16,84.37,435970000
2009-01-15,84.12,85.25,81.72,84.4,533810000
2009-01-16,85.86,85.99,83.05,85.06,399310000
2009-01-20,84.23,85.06,80.05,80.57,420110000
2009-01-21,81.94,84.24,80.47,84.05,364770000
2009-01-22,82.42,84.04,81.17,82.75,427940000
2009-01-23,80.9,83.99,80.57,83.11,386800000
2009-01-26,83.59,85.36,82.81,83.68,318270000
2009-01-27,84.13,85.15,83.3,84.53,274110000
2009-01-28,86.4,87.95,86.07,87.39,330320000
2009-01-29,86.11,87.49,84.47,84.55,294590000
2009-01-30,84.98,85.4,82.21,82.83,383460000
2009-02-02,81.57,83.18,81.31,82.58,288490000
2009-02-03,83.1,84.36,82.22,83.74,278480000
2009-02-04,84.3,85.37,83.04,83.33,322990000
2009-02-05,82.7,85.29,77.73,84.57,417680000
2009-02-06,84.86,87.34,84.68,86.98,366100000
2009-02-09,86.96,87.74,86.32,87.1,240080000
2009-02-10,86.27,87.03,82.45,83.11,536210000
2009-02-11,83.45,84.05,82.4,83.6,324670000
2009-02-12,82.17,83.82,81.05,83.66,469300000
2009-02-13,83.55,84.24,82.74,82.76,294000000
2009-02-17,80.16,82.96,79.17,79.22,478910000
2009-02-18,79.79,79.94,78.28,79.03,362970000
2009-02-19,79.84,80.15,78.02,78.18,316870000
2009-02-20,76.73,78.34,75.77,77.42,477180000
2009-02-23,78.27,78.27,74.59,74.65,379640000
2009-02-24,75.29,77.95,74.7,77.48,426410000
2009-02-25,77.14,78.42,75.63,76.87,462040000
2009-02-26,77.82,79.67,75.53,75.62,363370000
2009-02-27,74.01,75.69,73.81,73.93,470570000
2009-03-02,72.52,73.92,70.37,70.6,426450000
2009-03-03,71.61,71.7,69.64,70.07,443760000
2009-03-04,71.23,72.87,70.07,71.73,462760000
2009-03-05,70.1,71.73,68.17,68.8,485550000
2009-03-06,69.4,70.45,67.1,68.92,490500000
2009-03-09,67.95,70.0,67.73,68.11,379910000
2009-03-10,69.51,72.37,69.37,72.17,406230000
2009-03-11,73.0,73.75,71.83,72.64,356810000
2009-03-12,72.62,75.75,71.97,75.5,409820000
2009-03-13,76.01,76.98,74.73,76.09,337470000
2009-03-16,76.96,77.97,75.81,75.86,360820000
2009-03-17,76.07,78.36,75.45,78.18,357080000
2009-03-18,77.81,80.9,77.07,79.93,473550000
2009-03-19,80.93,81.0,78.69,78.94,428600000
2009-03-20,78.76,78.91,76.53,76.71,371170000
2009-03-23,78.74,82.29,78.31,82.22,420250000
2009-03-24,81.24,82.36,80.51,80.6,328150000
2009-03-25,81.23,82.7,79.06,81.45,442000000
2009-03-26,82.25,83.3,81.32,83.11,422030000
2009-03-27,82.05,82.53,81.31,81.61,322340000
2009-03-30,79.8,79.87,77.96,78.79,324110000
2009-03-31,79.56,81.08,79.05,79.52,364240000
2009-04-01,78.53,81.42,78.33,81.06,377020000
2009-04-02,83.08,84.61,81.13,83.43,476230000
2009-04-03,83.49,84.28,82.67,84.26,284650000
2009-04-06,83.34,84.27,82.29,83.6,264870000
2009-04-07,82.25,82.65,81.51,81.65,259070000
2009-04-08,82.06,82.94,81.54,82.53,230400000
2009-04-09,84.67,85.82,84.33,85.81,269650000
2009-04-13,84.92,86.54,84.58,85.83,224850000
2009-04-14,85.03,85.76,84.08,84.35,276600000
2009-04-15,83.84,85.42,83.61,85.25,250730000
2009-04-16,85.93,87.15,84.77,86.5,335200000
2009-04-17,86.83,87.65,86.14,87.08,262650000
2009-04-20,85.54,87.05,83.34,83.43,293690000
2009-04-21,82.82,85.13,82.75,85.06,300480000
2009-04-22,84.29,86.34,84.07,84.54,340400000
2009-04-23,84.71,85.42,83.63,85.37,324900000
2009-04-24,86.03,87.31,85.69,86.66,287700000
2009-04-27,85.68,87.01,85.54,85.84,289580000
2009-04-28,84.97,86.59,84.76,85.57,247930000
2009-04-29,86.52,88.36,86.3,87.39,311510000
2009-04-30,88.55,89.02,86.92,87.42,301420000
2009-05-01,87.44,88.21,86.72,87.89,236110000
2009-05-04,88.55,90.94,88.38,90.88,287120000
2009-05-05,90.57,90.93,89.84,90.57,243040000
2009-05-06,91.68,92.2,90.61,92.14,291940000
2009-05-07,93.01,93.15,90.28,90.86,317800000
2009-05-08,92.03,93.22,90.91,92.98,299080000
2009-05-11,91.7,92.11,91.04,91.24,247920000
2009-05-12,91.63,91.83,89.85,90.97,282430000
2009-05-13,89.74,90.01,88.5,88.68,269620000
2009-05-14,88.72,90.12,88.5,89.44,260100000
2009-05-15,89.37,90.0,88.15,88.71,271500000
2009-05-18,89.55,91.34,88.57,91.23,242220000
2009-05-19,91.18,91.97,90.81,91.12,206100000
2009-05-20,91.95,92.8,90.41,90.51,285900000
2009-05-21,89.46,89.8,88.26,89.21,258990000
2009-05-22,89.46,90.0,88.68,89.02,166810000
2009-05-26,88.36,91.56,88.32,91.3,236320000
2009-05-27,91.44,91.75,89.53,89.67,246310000
2009-05-28,90.46,91.34,89.1,90.92,289090000
2009-05-29,91.42,93.7,90.68,92.53,258640000
2009-06-01,93.67,95.17,93.43,94.77,276250000
2009-06-02,94.4,95.37,87.53,94.85,230870000
2009-06-03,94.04,94.13,92.76,93.65,235400000
2009-06-04,94.0,94.67,93.3,94.53,210100000
2009-06-05,95.49,95.67,93.8,94.55,284260000
2009-06-08,93.84,95.1,93.04,94.16,238570000
2009-06-09,94.69,95.14,94.02,94.64,225130000
2009-06-10,95.48,95.49,93.19,94.4,296100000
2009-06-11,94.58,96.11,94.56,94.82,275410000
2009-06-12,94.4,95.14,94.0,95.08,184370000
2009-06-15,93.96,94.02,92.4,92.9,224190000
2009-06-16,93.23,93.29,91.58,91.64,227320000
2009-06-17,91.6,92.33,90.83,91.55,223450000
2009-06-18,91.69,92.67,91.25,92.22,211730000
2009-06-19,92.58,92.7,91.52,92.04,215660000
2009-06-22,91.14,91.19,89.25,89.28,251910000
2009-06-23,89.47,89.88,88.85,89.35,188310000
2009-06-24,90.16,91.08,89.6,90.12,211580000
2009-06-25,89.67,92.17,89.57,92.08,279410000
2009-06-26,91.77,92.24,91.27,91.84,167580000
2009-06-29,92.11,92.82,91.6,92.7,168480000
2009-06-30,92.72,93.06,91.27,91.95,228890000
2009-07-01,92.34,93.23,92.21,92.33,173040000
2009-07-02,91.13,92.36,89.76,89.81,212310000
2009-07-06,88.94,89.93,88.66,89.8,174500000
2009-07-07,89.71,89.82,88.0,88.06,197090000
2009-07-08,88.59,88.8,87.0,88.0,248050000
2009-07-09,88.61,88.9,87.91,88.17,163780000
2009-07-10,87.7,88.49,87.35,87.96,173520000
2009-07-13,88.31,90.17,87.59,90.1,217410000
2009-07-14,90.38,90.69,89.73,90.61,181560000
2009-07-15,91.81,93.51,90.68,93.26,220880000
2009-07-16,93.0,94.51,92.82,94.15,231170000
2009-07-17,94.06,94.32,93.54,94.13,138560000
2009-07-20,94.68,95.29,94.19,95.13,164180000
2009-07-21,95.87,95.9,94.42,95.57,217720000
2009-07-22,94.96,96.13,94.89,95.55,196070000
2009-07-23,95.61,98.08,95.53,97.66,258800000
2009-07-24,97.2,98.14,96.69,98.06,154000000
2009-07-27,97.88,98.4,97.34,98.35,159260000
2009-07-28,97.66,98.37,97.06,97.89,186690000
2009-07-29,97.44,98.09,96.98,97.65,194400000
2009-07-30,98.83,99.83,98.6,98.67,225580000
2009-07-31,98.65,99.47,98.38,98.81,207360000
2009-08-03,99.85,100.53,99.31,100.44,175780000
2009-08-04,99.99,100.84,99.78,100.7,176710000
2009-08-05,100.77,100.86,99.58,100.41,184730000
2009-08-06,100.87,101.02,99.42,99.89,193200000
2009-08-07,100.94,102.03,100.39,101.2,220680000
2009-08-10,100.74,101.22,100.27,100.99,130900000
2009-08-11,100.54,100.61,99.46,99.73,157300000
2009-08-12,99.56,101.56,99.51,100.8,219050000
2009-08-13,101.26,101.61,100.26,101.57,176450000
2009-08-14,101.52,101.6,99.7,100.79,199690000
2009-08-17,98.85,98.95,98.11,98.31,237890000
2009-08-18,98.53,99.44,98.35,99.09,173460000
2009-08-19,98.31,100.3,98.21,99.96,192810000
2009-08-20,100.09,101.22,99.87,100.99,174130000
2009-08-21,101.82,103.13,101.62,102.97,224600000
2009-08-24,103.39,103.95,102.59,102.96,191280000
2009-08-25,103.37,104.26,102.94,103.16,215310000
2009-08-26,102.84,103.64,102.49,103.17,194620000
2009-08-27,103.11,103.72,101.94,103.4,196230000
2009-08-28,104.23,104.35,102.67,103.38,147020000
2009-08-31,102.37,102.58,101.79,102.46,176050000
2009-09-01,101.95,103.24,99.99,100.2,321280000
2009-09-02,99.78,100.44,99.57,99.82,171800000
2009-09-03,100.4,100.77,99.59,100.65,143570000
2009-09-04,100.85,102.09,100.55,102.06,142690000
2009-09-08,103.0,103.05,102.39,102.94,132910000
2009-09-09,103.12,104.08,102.8,103.73,154610000
2009-09-10,103.8,104.86,103.22,104.79,162900000
2009-09-11,104.99,105.3,104.28,104.77,152380000
2009-09-14,103.88,105.46,103.15,105.28,149590000
2009-09-15,105.45,106.11,104.76,105.72,196800000
2009-09-16,106.1,107.34,105.73,107.32,206410000
2009-09-17,107.17,108.06,106.57,107.16,229170000
2009-09-18,107.15,107.16,106.36,106.72,153800000
2009-09-21,105.89,107.0,105.66,106.45,151890000
2009-09-22,107.08,107.37,106.6,107.07,143130000
2009-09-23,107.32,108.03,105.99,106.18,225950000
2009-09-24,106.41,106.64,104.55,105.01,228640000
2009-09-25,104.78,105.36,104.09,104.45,204060000
2009-09-28,104.85,106.55,104.83,106.32,118290000
2009-09-29,106.51,107.02,105.78,106.0,133730000
2009-09-30,106.36,106.46,104.62,105.59,254380000
2009-10-01,105.34,105.73,102.95,103.0,281840000
2009-10-02,102.02,103.1,101.99,102.49,224750000
2009-10-05,102.9,104.32,102.6,104.02,149870000
2009-10-06,104.77,106.11,104.71,105.51,202490000
2009-10-07,105.27,105.91,105.07,105.8,159200000
2009-10-08,106.55,107.17,105.84,106.61,183310000
2009-10-09,106.64,107.26,106.36,107.26,135010000
2009-10-12,107.76,108.09,107.28,107.68,118030000
2009-10-13,107.39,107.71,106.76,107.46,157690000
2009-10-14,108.72,109.42,107.42,109.31,191420000
2009-10-15,108.78,109.71,108.73,109.71,173870000
2009-10-16,108.8,109.27,108.23,108.89,192070000
2009-10-19,109.07,110.13,108.73,109.79,159530000
2009-10-20,109.95,109.98,108.68,109.21,180920000
2009-10-21,109.04,110.31,108.15,108.23,225790000
2009-10-22,108.19,109.68,107.5,109.33,238440000
2009-10-23,109.69,109.76,107.63,108.08,240030000
2009-10-26,108.2,109.31,106.61,106.91,242030000
2009-10-27,107.03,107.39,106.16,106.42,253270000
2009-10-28,106.15,106.48,104.35,104.41,248820000
2009-10-29,105.19,106.86,104.94,106.65,198110000
2009-10-30,106.3,106.62,103.44,103.56,325610000
2009-11-02,104.13,105.41,103.08,104.32,254490000
2009-11-03,103.74,104.8,103.54,104.65,228360000
2009-11-04,105.51,106.33,104.65,104.92,248000000
2009-11-05,105.66,106.88,105.44,106.85,180020000
2009-11-06,106.26,107.4,106.05,107.13,170950000
2009-11-09,107.95,109.63,107.87,109.57,159500000
2009-11-10,109.31,109.93,108.97,109.59,171900000
2009-11-11,110.31,110.82,109.62,110.15,169470000
2009-11-12,110.0,110.57,108.75,109.03,157140000
2009-11-13,109.31,110.09,108.75,109.62,150960000
2009-11-16,110.38,111.69,110.32,111.21,210920000
2009-11-17,110.92,111.39,110.5,111.34,147130000
2009-11-18,111.26,111.43,110.57,111.27,156490000
2009-11-19,110.51,111.31,109.13,109.82,208730000
2009-11-20,109.25,109.76,109.01,109.43,134200000
2009-11-23,110.72,111.74,110.6,110.82,148010000
2009-11-24,111.0,111.2,110.01,110.99,138420000
2009-11-25,111.17,111.5,110.82,111.38,109560000
2009-11-27,108.4,110.32,108.29,109.57,126000000
2009-11-30,109.48,110.2,108.12,109.94,160870000
2009-12-01,110.92,111.66,110.73,111.3,159610000
2009-12-02,111.28,112.01,110.92,111.25,132320000
2009-12-03,111.55,112.18,110.29,110.38,167320000
2009-12-04,111.84,112.38,110.04,111.01,274910000
2009-12-07,110.91,111.53,110.49,110.84,127970000
2009-12-08,110.04,110.77,109.27,109.61,169860000
2009-12-09,109.58,110.18,109.02,110.02,155060000
2009-12-10,110.7,111.12,110.45,110.64,138010000
2009-12-11,111.11,111.36,110.61,111.11,124850000
2009-12-14,111.87,112.0,105.48,111.87,107140000
2009-12-15,111.46,111.92,111.0,111.35,120410000
2009-12-16,111.8,112.13,111.27,111.52,155360000
2009-12-17,110.72,110.93,110.08,110.18,183390000
2009-12-18,110.2,110.3,109.28,110.21,174590000
2009-12-21,110.76,111.7,110.76,111.33,118100000
2009-12-22,111.57,111.97,111.43,111.73,91710000
2009-12-23,112.0,112.11,111.5,111.95,111780000
2009-12-24,112.19,112.6,111.99,112.48,39680000
2009-12-28,112.9,112.99,112.32,112.72,87510000
2009-12-29,113.01,113.03,112.55,112.56,80570000
2009-12-30,112.23,112.65,112.17,112.52,73140000
2009-12-31,112.77,112.8,111.39,111.44,90640000
2010-01-04,112.37,113.39,111.51,113.33,118940000
2010-01-05,113.26,113.68,112.85,113.63,111580000
2010-01-06,113.52,113.99,113.43,113.71,116070000
2010-01-07,113.5,114.33,113.18,114.19,131090000
2010-01-08,113.89,114.62,113.66,114.57,126400000
2010-01-11,115.08,115.13,114.23,114.73,106380000
2010-01-12,113.97,114.21,113.22,113.66,163330000
2010-01-13,113.95,114.94,113.37,114.62,161820000
2010-01-14,114.49,115.14,114.42,114.93,115780000
2010-01-15,114.73,114.84,113.2,113.64,212280000
2010-01-19,113.62,115.13,113.59,115.06,139170000
2010-01-20,114.28,114.45,112.98,113.89,216490000
2010-01-21,113.92,114.27,111.56,111.7,344860000
2010-01-22,111.2,111.74,109.09,109.21,345940000
2010-01-25,110.21,110.41,109.41,109.77,186940000
2010-01-26,109.34,110.47,109.04,109.31,211170000
2010-01-27,109.17,110.08,108.33,109.83,271860000
2010-01-28,110.19,110.25,107.91,108.57,316100000
2010-01-29,109.04,109.8,107.22,107.39,310680000
2010-02-01,108.15,109.07,107.5,109.06,187860000
2010-02-02,109.26,110.59,108.88,110.38,216330000
2010-02-03,109.88,110.48,109.51,109.83,172730000
2010-02-04,108.98,109.03,106.42,106.44,356720000
2010-02-05,106.56,106.88,104.58,106.66,493590000
2010-02-08,106.74,107.33,105.81,105.89,224170000
2010-02-09,107.13,108.15,106.27,107.22,337820000
2010-02-10,107.05,107.6,106.11,107.01,240510000
2010-02-11,106.87,108.25,106.25,108.13,223590000
2010-02-12,106.99,108.1,106.51,108.04,304620000
2010-02-16,108.86,109.85,107.82,109.74,159320000
2010-02-17,110.27,110.41,109.74,110.26,168850000
2010-02-18,110.08,111.14,110.04,110.91,193710000
2010-02-19,110.62,111.57,110.36,111.14,222680000
2010-02-22,111.55,111.58,110.83,111.16,132350000
2010-02-23,110.86,111.2,109.52,109.81,207500000
2010-02-24,110.14,111.0,109.86,110.82,176350000
2010-02-25,109.24,110.75,108.94,110.67,259630000
2010-02-26,110.77,111.12,110.11,110.74,173590000
2010-03-01,111.2,112.0,111.17,111.89,147710000
2010-03-02,112.37,112.74,112.0,112.2,160990000
2010-03-03,112.49,112.97,112.02,112.3,150780000
2010-03-04,112.45,112.8,112.03,112.64,135770000
2010-03-05,113.37,114.34,113.1,114.25,176120000
2010-03-08,114.26,114.52,114.07,114.27,114630000
2010-03-09,113.93,114.99,113.87,114.46,154560000
2010-03-10,114.51,115.28,114.41,114.97,186090000
2010-03-11,114.7,115.48,114.35,115.45,160880000
2010-03-12,115.95,115.97,115.14,115.46,162070000
2010-03-15,115.26,115.58,114.6,115.49,146820000
2010-03-16,115.81,116.52,115.49,116.41,168670000
2010-03-17,116.76,117.48,116.42,117.1,177470000
2010-03-18,117.11,117.27,116.57,117.04,196510000
2010-03-19,116.96,117.29,115.52,115.97,226640000
2010-03-22,115.31,116.8,115.24,116.59,184480000
2010-03-23,116.76,117.51,116.38,117.41,182940000
2010-03-24,116.97,117.43,115.58,116.84,196180000
2010-03-25,117.63,118.17,116.51,116.65,223400000
2010-03-26,116.87,117.42,116.12,116.58,205810000
2010-03-29,117.17,117.53,116.69,117.32,134510000
2010-03-30,117.46,117.83,116.91,117.4,145770000
2010-03-31,116.95,117.52,116.61,117.0,161080000
2010-04-01,117.8,118.25,117.1,117.8,161220000
2010-04-05,118.25,118.84,117.92,118.76,105850000
2010-04-06,118.42,119.25,118.29,119.04,110380000
2010-04-07,118.8,119.36,117.81,118.36,184580000
2010-04-08,117.95,118.97,117.6,118.77,158700000
2010-04-09,119.02,119.6,118.8,119.55,133010000
2010-04-12,119.7,120.05,119.56,119.74,110280000
2010-04-13,119.62,120.04,119.0,119.83,125130000
2010-04-14,120.27,121.19,120.08,121.19,161610000
2010-04-15,120.99,121.56,120.95,121.29,144620000
2010-04-16,120.86,121.28,118.75,119.36,366880000
2010-04-19,119.01,119.93,118.47,119.81,217950000
2010-04-20,120.56,120.98,119.87,120.88,157710000
2010-04-21,120.95,121.23,119.99,120.66,192910000
2010-04-22,119.81,121.17,119.12,121.02,239190000
2010-04-23,120.94,121.86,120.63,121.81,177340000
2010-04-26,121.85,122.12,121.23,121.35,143460000
2010-04-27,120.65,121.33,118.25,118.48,355850000
2010-04-28,119.05,119.68,118.27,119.38,300680000
2010-04-29,120.1,121.11,120.07,120.86,193770000
2010-04-30,120.88,121.01,118.78,118.81,270000000
2010-05-03,119.38,120.68,119.2,120.35,182750000
2010-05-04,119.01,119.03,116.92,117.52,360350000
2010-05-05,116.56,117.8,115.97,116.82,328970000
2010-05-06,116.26,117.0,105.0,112.94,647320000
2010-05-07,112.64,113.77,109.41,111.26,637560000
2010-05-10,115.81,116.65,114.91,116.16,396160000
2010-05-11,115.07,117.36,114.91,115.83,317850000
2010-05-12,116.29,117.62,116.09,117.45,235610000
2010-05-13,117.13,117.68,115.89,115.99,234460000
2010-05-14,115.12,115.33,112.87,113.89,345600000
2010-05-17,114.2,114.52,111.77,113.95,325940000
2010-05-18,114.88,115.22,112.03,112.4,360600000
2010-05-19,111.77,112.77,110.36,111.76,394760000
2010-05-20,109.38,109.89,107.47,107.54,530420000
2010-05-21,105.91,109.38,105.36,109.11,500910000
2010-05-24,108.52,109.39,107.61,107.71,269820000
2010-05-25,105.11,107.87,104.38,107.82,396510000
2010-05-26,108.48,109.47,106.85,107.17,349720000
2010-05-27,109.19,110.8,108.78,110.76,300870000
2010-05-28,110.64,110.72,108.85,109.37,297930000
2010-06-01,108.35,109.95,107.37,107.53,277910000
2010-06-02,108.08,110.34,107.51,110.33,240240000
2010-06-03,110.65,111.06,109.58,110.71,226620000
2010-06-04,108.61,109.33,106.47,106.82,398480000
2010-06-07,107.2,107.61,105.41,105.49,264610000
2010-06-08,105.57,106.83,104.65,106.62,357770000
2010-06-09,107.24,108.28,105.6,106.05,268020000
2010-06-10,107.86,109.28,106.04,109.15,317890000
2010-06-11,108.19,109.75,108.12,109.68,214130000
2010-06-14,110.52,111.12,109.4,109.51,207200000
2010-06-15,110.28,112.1,110.09,112.0,238270000
2010-06-16,111.42,112.42,111.2,111.96,216370000
2010-06-17,112.28,112.33,111.05,112.14,263190000
2010-06-18,111.83,112.13,111.37,111.73,174010000
2010-06-21,113.12,113.2,110.79,111.41,213140000
2010-06-22,111.41,111.9,109.41,109.57,239360000
2010-06-23,109.64,110.03,108.48,109.23,254700000
2010-06-24,108.69,108.83,107.14,107.42,268690000
2010-06-25,107.74,108.42,106.77,107.87,238730000
2010-06-28,108.03,108.32,107.14,107.53,169330000
2010-06-29,106.02,107.51,103.55,104.21,373760000
2010-06-30,103.92,104.88,102.88,103.22,284100000
2010-07-01,103.15,103.49,101.13,102.76,382920000
2010-07-02,103.11,103.42,101.62,102.2,233390000
2010-07-06,103.64,104.37,101.88,102.87,256940000
2010-07-07,103.13,106.24,103.02,106.11,253770000
2010-07-08,107.0,107.28,105.91,107.16,210840000
2010-07-09,107.13,107.97,106.93,107.96,145000000
2010-07-12,107.6,108.24,107.15,108.03,131280000
2010-07-13,109.15,110.09,108.93,109.66,213030000
2010-07-14,109.31,110.08,108.86,109.65,184430000
2010-07-15,109.61,110.06,108.17,109.68,232340000
2010-07-16,109.09,109.21,106.45,106.66,282690000
2010-07-19,107.05,107.63,106.22,107.29,186710000
2010-07-20,105.87,108.56,105.82,108.48,258160000
2010-07-21,109.04,109.07,106.63,107.07,264530000
2010-07-22,108.34,109.94,108.33,109.46,274780000
2010-07-23,109.24,110.57,108.93,110.41,222020000
2010-07-26,110.6,111.67,110.29,111.56,182130000
2010-07-27,112.17,112.29,111.11,111.55,204860000
2010-07-28,111.32,111.66,110.46,110.83,163060000
2010-07-29,111.52,111.82,109.41,110.29,220150000
2010-07-30,109.17,110.86,108.98,110.27,220070000
2010-08-02,111.99,112.94,111.54,112.76,188260000
2010-08-03,112.48,112.77,111.85,112.22,146660000
2010-08-04,112.53,113.11,112.16,112.97,158170000
2010-08-05,112.25,112.91,112.08,112.85,140470000
2010-08-06,111.74,112.57,110.92,112.39,239730000
2010-08-09,112.92,113.18,112.32,112.99,120800000
2010-08-10,112.03,112.98,111.37,112.38,242920000
2010-08-11,110.65,110.69,109.12,109.3,273410000
2010-08-12,107.65,109.02,107.6,108.63,239540000
2010-08-13,108.29,108.96,108.18,108.31,158700000
2010-08-16,107.57,108.61,107.18,108.26,147900000
2010-08-17,109.19,110.39,108.88,109.59,172270000
2010-08-18,109.54,110.38,108.91,109.79,182920000
2010-08-19,109.22,109.49,107.43,107.88,265850000
2010-08-20,107.56,107.94,106.75,107.53,209710000
2010-08-23,108.04,108.57,107.07,107.12,163490000
2010-08-24,105.95,106.39,104.97,105.53,280800000
2010-08-25,104.95,106.34,104.29,105.94,272330000
2010-08-26,106.44,106.58,104.88,105.23,224490000
2010-08-27,105.89,106.97,104.31,106.86,272700000
2010-08-30,106.58,106.91,105.3,105.31,167240000
2010-08-31,104.92,105.98,104.49,105.31,273930000
2010-09-01,106.73,108.61,106.66,108.46,267830000
2010-09-02,108.72,109.49,108.49,109.47,156110000
2010-09-03,110.54,110.99,109.95,110.89,212200000
2010-09-07,110.37,110.51,109.55,109.64,141970000
2010-09-08,109.86,110.85,109.81,110.41,150270000
2010-09-09,111.65,111.68,110.62,110.92,147020000
2010-09-10,111.12,111.61,110.87,111.48,127820000
2010-09-13,112.58,112.95,112.13,112.72,178500000
2010-09-14,112.5,113.29,112.08,112.65,209820000
2010-09-15,112.32,113.21,111.98,113.08,168610000
2010-09-16,112.73,113.12,112.35,113.05,199960000
2010-09-17,113.04,113.15,112.18,112.49,195840000
2010-09-20,112.88,114.46,112.52,114.21,214790000
2010-09-21,114.3,114.84,113.51,113.98,268630000
2010-09-22,113.8,114.44,113.1,113.42,191320000
2010-09-23,112.49,113.67,112.18,112.5,202350000
2010-09-24,113.75,114.9,113.65,114.82,209670000
2010-09-27,114.86,114.99,114.16,114.27,128800000
2010-09-28,114.42,115.04,113.18,114.67,209210000
2010-09-29,114.38,114.91,114.02,114.47,179670000
2010-09-30,115.05,115.79,113.59,114.13,287110000
2010-10-01,114.99,115.12,113.93,114.61,174640000
2010-10-04,114.37,114.85,113.18,113.75,166150000
2010-10-05,114.8,116.32,114.67,116.04,229630000
2010-10-06,116.02,116.33,115.56,116.03,148630000
2010-10-07,116.5,116.53,115.19,115.89,164860000
2010-10-08,116.05,116.86,115.61,116.54,177760000
2010-10-11,116.72,116.97,116.25,116.65,103100000
2010-10-12,116.27,117.35,115.65,117.01,182210000
2010-10-13,117.66,118.55,117.38,117.92,194350000
2010-10-14,117.81,118.01,116.72,117.46,217760000
2010-10-15,118.28,118.35,116.76,117.7,243700000
2010-10-18,117.74,118.67,117.31,118.28,141500000
2010-10-19,117.19,117.85,116.02,116.73,280600000
2010-10-20,116.94,118.44,116.87,117.87,200050000
2010-10-21,118.4,119.09,117.21,118.13,221550000
2010-10-22,118.31,118.53,118.0,118.35,108210000
2010-10-25,119.14,119.76,118.61,118.7,151150000
2010-10-26,118.1,118.84,117.87,118.72,158980000
2010-10-27,117.89,118.51,117.26,118.38,190020000
2010-10-28,119.06,119.11,117.83,118.4,168580000
2010-10-29,118.28,118.72,118.07,118.49,144310000
2010-11-01,119.07,119.75,117.85,118.53,174070000
2010-11-02,119.42,119.75,119.1,119.47,158350000
2010-11-03,119.67,120.02,118.45,119.95,226700000
2010-11-04,121.28,122.32,119.97,122.26,215040000
2010-11-05,122.34,122.92,122.18,122.72,180650000
2010-11-08,122.34,122.69,121.94,122.49,155900000
2010-11-09,122.82,122.95,121.12,121.61,186620000
2010-11-10,121.58,122.16,120.66,122.1,221390000
2010-11-11,121.05,121.82,120.68,121.64,158020000
2010-11-12,120.82,121.35,119.65,120.2,239070000
2010-11-15,120.58,121.05,119.98,120.03,163940000
2010-11-16,119.29,119.49,117.59,118.16,300330000
2010-11-17,118.21,118.71,117.86,118.22,172310000
2010-11-18,119.36,120.39,119.35,119.96,197720000
2010-11-19,119.9,120.34,119.25,120.29,156850000
2010-11-22,119.69,120.24,118.77,120.19,181590000
2010-11-23,118.77,119.02,117.99,118.45,222310000
2010-11-24,119.2,120.23,119.18,120.2,140160000
2010-11-26,119.16,119.81,119.03,119.29,76010000
2010-11-29,118.5,119.48,117.74,119.16,223640000
2010-11-30,117.98,119.17,117.81,118.49,233930000
2010-12-01,120.2,121.24,120.19,121.01,221040000
2010-12-02,121.2,122.65,121.13,122.56,191210000
2010-12-03,122.14,123.03,122.11,122.89,151290000
2010-12-06,122.63,123.04,122.5,122.76,103050000
2010-12-07,123.94,124.01,122.76,122.83,206580000
2010-12-08,122.98,123.38,122.41,123.28,138020000
2010-12-09,123.97,124.02,123.15,123.76,123710000
2010-12-10,124.14,124.6,123.73,124.48,117570000
2010-12-13,125.05,125.2,124.52,124.56,133810000
2010-12-14,124.75,125.23,124.29,124.67,147250000
2010-12-15,124.44,124.93,123.89,124.1,160820000
2010-12-16,124.18,124.91,123.75,124.82,185040000
2010-12-17,124.08,124.46,123.82,124.3,141080000
2010-12-20,124.64,124.9,123.98,124.6,119090000
2010-12-21,124.99,125.47,124.87,125.39,94970000
2010-12-22,125.48,125.82,125.41,125.78,78880000
2010-12-23,125.64,125.78,125.29,125.6,70080000
2010-12-27,125.13,125.77,125.04,125.65,58130000
2010-12-28,125.9,125.95,125.5,125.83,55310000
2010-12-29,125.98,126.2,125.9,125.92,58030000
2010-12-30,125.8,126.13,125.53,125.72,76620000
2010-12-31,125.53,125.87,125.33,125.75,91270000
2011-01-03,126.71,127.6,125.7,127.05,138730000
2011-01-04,127.33,127.37,126.19,126.98,137410000
2011-01-05,126.58,127.72,126.46,127.64,133980000
2011-01-06,127.69,127.83,127.01,127.39,122520000
2011-01-07,127.56,127.77,126.15,127.14,156030000
2011-01-10,126.58,127.16,126.2,126.98,122400000
2011-01-11,127.44,127.74,126.95,127.43,110290000
2011-01-12,128.21,128.72,127.46,128.58,107930000
2011-01-13,128.63,128.69,128.05,128.37,129230000
2011-01-14,128.19,129.33,128.1,129.3,117680000
2011-01-18,129.18,129.64,129.03,129.52,114400000
2011-01-19,129.41,129.54,127.91,128.25,151960000
2011-01-20,127.96,128.4,127.13,128.08,175750000
2011-01-21,128.88,129.17,128.23,128.37,151460000
2011-01-24,128.28,129.25,128.26,129.1,113720000
2011-01-25,128.76,129.28,128.11,129.17,167550000
2011-01-26,129.49,130.05,129.23,129.67,141280000
2011-01-27,129.7,130.21,129.47,129.99,123300000
2011-01-28,130.14,130.35,127.51,127.72,295640000
2011-01-31,128.07,128.78,127.75,128.68,149250000
2011-02-01,129.46,130.97,129.38,130.74,167190000
2011-02-02,130.4,130.84,130.33,130.49,118320000
2011-02-03,130.26,130.98,129.57,130.78,145890000
2011-02-04,130.83,131.2,130.23,131.15,134630000
2011-02-07,131.44,132.4,131.43,131.97,112440000
2011-02-08,132.09,132.64,131.73,132.57,99070000
2011-02-09,132.21,132.63,131.61,132.27,146440000
2011-02-10,131.6,132.47,131.3,132.32,162710000
2011-02-11,131.8,133.28,131.77,133.11,137720000
2011-02-14,133.03,133.54,132.88,133.43,101690000
2011-02-15,133.02,133.22,132.32,133.01,119580000
2011-02-16,133.46,134.01,133.19,133.85,130180000
2011-02-17,133.46,134.43,133.34,134.25,109810000
2011-02-18,134.37,134.69,134.06,134.53,130000000
2011-02-22,133.12,134.56,131.47,131.83,233120000
2011-02-23,131.75,132.07,130.21,131.02,227610000
2011-02-24,130.88,131.44,129.7,130.93,260470000
2011-02-25,131.48,132.41,131.4,132.33,141690000
2011-02-28,132.82,133.32,132.38,133.15,141600000
2011-03-01,133.57,133.69,130.89,130.93,258580000
2011-03-02,130.75,131.82,130.35,131.21,200280000
2011-03-03,132.4,133.62,132.39,133.47,176490000
2011-03-04,133.37,133.63,131.6,132.47,277370000
2011-03-07,132.86,133.16,130.74,131.43,216890000
2011-03-08,131.64,133.0,131.07,132.58,174710000
2011-03-09,132.32,132.8,131.6,132.39,153900000
2011-03-10,131.0,131.18,129.81,129.94,301670000
2011-03-11,129.52,131.31,129.49,130.84,225760000
2011-03-14,129.99,130.48,129.06,130.05,235610000
2011-03-15,126.59,129.33,126.5,128.56,359790000
2011-03-16,128.15,128.57,125.28,126.17,469160000
2011-03-17,128.0,128.39,127.1,127.85,254520000
2011-03-18,128.84,128.88,127.51,127.76,230650000
2011-03-21,129.35,130.01,129.2,129.74,154070000
2011-03-22,129.72,129.89,129.17,129.29,129740000
2011-03-23,128.93,130.0,128.32,129.66,148650000
2011-03-24,130.4,131.09,129.67,130.9,159240000
2011-03-25,131.24,131.87,130.89,131.3,155770000
2011-03-28,131.58,131.92,130.94,130.98,109840000
2011-03-29,130.87,131.9,130.44,131.86,129840000
2011-03-30,132.55,133.16,132.36,132.77,135900000
2011-03-31,132.6,132.96,132.45,132.59,132760000
2011-04-01,133.41,133.77,132.83,133.15,154040000
2011-04-04,133.43,133.67,132.88,133.26,100770000
2011-04-05,133.0,133.83,132.94,133.24,121080000
2011-04-06,133.88,134.0,133.12,133.66,120450000
2011-04-07,133.42,133.98,132.66,133.32,170970000
2011-04-08,133.91,133.99,132.31,132.86,148010000
2011-04-11,133.0,133.45,132.14,132.46,121520000
2011-04-12,131.72,131.98,130.99,131.47,161480000
2011-04-13,132.08,132.18,130.96,131.46,162170000
2011-04-14,130.7,131.76,130.27,131.56,161270000
2011-04-15,131.8,132.37,131.41,132.04,170150000
2011-04-18,130.59,132.03,129.51,130.56,210910000
2011-04-19,130.76,131.35,130.44,131.31,124320000
2011-04-20,132.88,133.39,132.79,133.1,156470000
2011-04-21,133.79,133.84,133.1,133.78,136210000
2011-04-25,133.68,133.86,133.2,133.64,65760000
2011-04-26,134.05,135.06,133.91,134.79,146660000
2011-04-27,135.05,135.87,134.5,135.67,143100000
2011-04-28,135.43,136.29,135.41,136.11,124870000
2011-04-29,136.16,136.57,135.98,136.43,115090000
2011-05-02,137.07,137.18,135.95,136.22,126310000
2011-05-03,135.96,136.19,135.04,135.73,138450000
2011-05-04,135.67,135.73,134.23,134.83,182820000
2011-05-05,134.08,134.95,133.02,133.61,227070000
2011-05-06,134.94,135.63,133.68,134.2,222950000
2011-05-09,134.19,135.11,133.98,134.72,114130000
2011-05-10,135.17,136.11,135.0,135.87,114890000
2011-05-11,135.67,135.69,133.82,134.44,193750000
2011-05-12,134.08,135.36,133.39,135.08,171650000
2011-05-13,135.15,135.34,133.56,134.04,157500000
2011-05-16,133.56,134.61,132.97,133.19,141770000
2011-05-17,132.69,133.35,132.12,133.17,192850000
2011-05-18,133.24,134.5,132.95,134.36,135230000
2011-05-19,134.8,135.03,133.94,134.68,119580000
2011-05-20,134.33,134.68,133.36,133.61,182640000
2011-05-23,131.98,133.65,131.59,132.06,168800000
2011-05-24,132.44,132.73,131.7,131.95,147200000
2011-05-25,131.42,132.94,131.38,132.39,151100000
2011-05-26,132.03,133.24,131.78,133.0,164980000
2011-05-27,133.37,133.87,132.96,133.51,120920000
2011-05-31,134.77,134.92,133.84,134.9,164730000
2011-06-01,134.51,134.92,131.76,131.87,233090000
2011-06-02,131.96,132.24,130.96,131.73,200470000
2011-06-03,130.15,131.42,130.08,130.42,234690000
2011-06-06,130.09,130.36,128.87,129.04,179950000
2011-06-07,129.7,130.07,128.85,128.96,161810000
2011-06-08,128.76,129.19,128.18,128.42,198700000
2011-06-09,128.77,129.93,128.46,129.4,160960000
2011-06-10,128.85,128.93,127.26,127.6,238630000
2011-06-13,127.89,128.24,127.05,127.7,207600000
2011-06-14,128.87,129.77,128.82,129.32,160570000
2011-06-15,128.24,129.3,126.68,127.02,300960000
2011-06-16,127.06,127.97,126.32,127.3,308040000
2011-06-17,127.93,127.94,126.62,127.05,235000000
2011-06-20,126.62,127.97,126.58,127.7,159480000
2011-06-21,128.36,129.7,127.75,129.45,193160000
2011-06-22,129.05,129.81,128.59,128.67,176890000
2011-06-23,127.16,128.64,126.19,128.3,334290000
2011-06-24,128.27,128.37,126.62,126.81,226130000
2011-06-27,126.89,128.43,126.64,127.94,168910000
2011-06-28,128.45,129.63,128.27,129.61,165560000
2011-06-29,130.2,130.93,129.63,130.72,244300000
2011-06-30,131.14,132.18,130.71,131.97,223500000
2011-07-01,132.09,134.1,131.78,133.92,202390000
2011-07-05,133.78,134.08,133.39,133.81,165940000
2011-07-06,133.49,134.14,133.11,133.97,143330000
2011-07-07,135.16,135.7,134.88,135.36,170460000
2011-07-08,133.83,135.36,133.39,134.4,194170000
2011-07-11,132.75,133.18,131.66,131.97,195920000
2011-07-12,131.69,132.78,131.36,131.4,214680000
2011-07-13,132.09,133.22,131.52,131.84,204060000
2011-07-14,132.17,132.78,130.68,130.93,226110000
2011-07-15,131.66,131.87,130.77,131.69,220120000
2011-07-18,131.08,131.28,129.63,130.61,196870000
2011-07-19,131.34,132.89,131.31,132.73,166550000
2011-07-20,133.07,133.15,132.42,132.65,137150000
2011-07-21,133.4,134.82,132.67,134.49,245270000
2011-07-22,134.52,134.72,133.76,134.58,126020000
2011-07-25,133.3,134.49,133.16,133.83,136650000
2011-07-26,133.74,133.96,133.03,133.33,131280000
2011-07-27,132.59,132.63,130.43,130.6,249020000
2011-07-28,130.6,131.77,130.01,130.22,207940000
2011-07-29,128.91,130.55,127.97,129.33,307040000
2011-08-01,130.84,130.96,127.53,128.78,325790000
2011-08-02,127.81,128.5,125.49,125.49,346650000
2011-08-03,125.66,126.31,123.53,126.17,371030000
2011-08-04,124.42,124.62,120.06,120.26,520720000
2011-08-05,121.76,122.07,116.86,120.08,655560000
2011-08-08,116.91,120.12,112.02,112.26,702260000
2011-08-09,114.07,117.64,110.27,117.48,717830000
2011-08-10,115.26,116.28,111.95,112.29,662610000
2011-08-11,113.26,118.92,112.32,117.33,487980000
2011-08-12,118.4,119.22,117.28,118.12,313730000
2011-08-15,119.19,120.74,119.0,120.62,258810000
2011-08-16,119.47,120.69,118.31,119.59,294100000
2011-08-17,120.25,121.2,118.72,119.67,238200000
2011-08-18,116.5,119.71,113.39,114.51,512960000
2011-08-19,112.96,115.88,112.5,112.64,428280000
2011-08-22,115.17,115.23,112.41,112.73,275090000
2011-08-23,113.15,116.57,112.58,116.44,331140000
2011-08-24,116.19,118.24,115.92,118.08,246870000
2011-08-25,118.73,119.4,115.87,116.28,312370000
2011-08-26,115.69,118.51,113.85,117.97,314500000
2011-08-29,119.56,121.43,118.06,121.36,190980000
2011-08-30,120.83,122.43,119.26,121.68,241320000
2011-08-31,122.46,123.51,121.3,122.22,301830000
2011-09-01,122.29,123.4,120.78,120.94,254590000
2011-09-02,118.42,120.87,117.43,117.85,255520000
2011-09-06,114.39,117.16,114.38,116.99,285140000
2011-09-07,118.76,120.34,118.36,120.29,209800000
2011-09-08,119.57,120.94,118.77,119.04,250570000
2011-09-09,117.68,119.06,115.28,115.92,380200000
2011-09-12,114.47,116.76,114.05,116.67,305790000
2011-09-13,117.05,118.18,116.22,117.74,272510000
2011-09-14,118.34,120.8,116.72,119.37,319390000
2011-09-15,120.65,121.47,119.4,121.43,326780000
2011-09-16,121.29,121.97,120.32,121.52,284530000
2011-09-19,119.53,120.93,118.72,120.31,241520000
2011-09-20,120.82,121.99,120.01,120.17,218930000
2011-09-21,120.23,120.6,116.44,116.63,316250000
2011-09-22,113.25,114.21,111.3,112.86,513920000
2011-09-23,112.11,114.16,112.02,113.54,307240000
2011-09-26,114.61,116.4,112.98,116.24,260670000
2011-09-27,118.53,119.56,116.84,117.54,311750000
2011-09-28,117.78,118.49,114.97,115.14,286700000
2011-09-29,117.05,117.63,113.93,116.05,298110000
2011-09-30,114.45,115.45,113.07,113.15,288690000
2011-10-03,112.49,113.95,109.81,109.93,365140000
2011-10-04,108.35,112.58,107.43,112.34,459180000
2011-10-05,112.62,114.72,111.58,114.42,284110000
2011-10-06,114.36,116.66,113.51,116.49,257800000
2011-10-07,117.17,117.25,115.06,115.71,312660000
2011-10-10,117.68,119.63,117.67,119.58,230670000
2011-10-11,118.87,120.04,118.75,119.7,209090000
2011-10-12,120.6,122.14,120.33,120.75,281540000
2011-10-13,120.04,120.87,119.12,120.51,212540000
2011-10-14,121.91,122.6,121.23,122.57,211400000
2011-10-17,121.99,122.55,119.93,120.23,202310000
2011-10-18,120.14,123.5,119.2,122.58,318860000
2011-10-19,122.38,123.08,120.71,121.13,226600000
2011-10-20,121.43,122.1,119.82,121.66,262080000
2011-10-21,123.09,124.12,122.72,123.97,279000000
2011-10-24,124.17,125.8,124.06,125.49,203220000
2011-10-25,124.89,124.95,122.78,123.05,268600000
2011-10-26,124.35,124.77,122.21,124.3,289050000
2011-10-27,127.63,129.42,124.32,128.63,343800000
2011-10-28,128.0,128.85,127.8,128.6,225910000
2011-10-31,127.16,128.62,125.32,125.5,228150000
2011-11-01,122.03,123.51,121.52,122.0,416570000
2011-11-02,123.83,124.4,122.79,123.99,245530000
2011-11-03,125.27,126.5,123.59,126.25,291170000
2011-11-04,125.23,125.7,124.01,125.48,249400000
2011-11-07,125.39,126.39,124.2,126.26,196620000
2011-11-08,126.92,128.02,125.71,127.88,224430000
2011-11-09,124.89,125.8,122.86,123.16,337980000
2011-11-10,124.79,124.94,123.02,124.32,231870000
2011-11-11,125.83,126.99,125.79,126.66,189920000
2011-11-14,126.19,127.45,124.92,125.46,159260000
2011-11-15,125.17,126.75,124.72,126.08,184710000
2011-11-16,124.81,126.34,123.9,124.08,235780000
2011-11-17,123.85,124.16,121.23,122.11,331220000
2011-11-18,122.5,122.75,121.47,121.98,215580000
2011-11-21,120.2,120.35,118.65,119.66,229610000
2011-11-22,119.4,120.1,118.52,119.19,216490000
2011-11-23,118.07,119.19,116.56,116.56,224530000
2011-11-25,116.38,117.7,116.2,116.34,99560000
2011-11-28,119.54,120.18,118.82,119.71,210690000
2011-11-29,120.05,121.0,119.61,120.05,199240000
2011-11-30,123.49,125.22,120.0,124.99,324440000
2011-12-01,124.85,125.64,124.43,124.97,176950000
2011-12-02,126.12,126.5,124.78,124.86,221110000
2011-12-05,126.84,127.18,125.44,126.22,225260000
2011-12-06,126.21,127.11,125.76,126.26,178840000
2011-12-07,125.84,127.26,124.97,126.73,237800000
2011-12-08,125.9,126.18,123.65,123.95,240860000
2011-12-09,124.51,126.37,124.4,126.05,209110000
2011-12-12,124.95,124.97,123.16,124.21,215830000
2011-12-13,124.86,125.57,122.45,123.05,245160000
2011-12-14,122.56,123.03,121.47,121.74,238620000
2011-12-15,123.03,123.2,121.99,122.19,199110000
2011-12-16,122.23,122.95,121.3,121.59,220480000
2011-12-19,122.06,122.32,120.03,120.29,183900000
2011-12-20,122.18,124.14,120.37,123.93,225420000
2011-12-21,123.93,124.36,122.75,124.17,194230000
2011-12-22,124.63,125.4,124.23,125.27,119470000
2011-12-23,125.67,126.43,125.41,126.39,92190000
2011-12-27,126.17,126.82,126.06,126.49,86080000
2011-12-28,126.51,126.53,124.73,124.83,119110000
2011-12-29,125.24,126.25,124.86,126.12,123510000
2011-12-30,126.02,126.33,125.5,125.5,95600000
2012-01-03,127.76,128.38,127.43,127.5,193700000
2012-01-04,127.2,127.81,126.71,127.7,127190000
2012-01-05,127.01,128.23,126.43,128.04,173890000
2012-01-06,128.2,128.22,127.29,127.71,148050000
2012-01-09,128.0,128.18,127.41,128.02,99530000
2012-01-10,129.39,129.65,128.95,129.13,115280000
2012-01-11,128.73,129.37,128.52,129.2,111540000
2012-01-12,129.57,129.7,128.54,129.51,118980000
2012-01-13,128.64,129.05,127.72,128.84,179840000
2012-01-17,130.08,130.32,128.9,129.34,132210000
2012-01-18,129.31,130.84,129.08,130.77,163400000
2012-01-19,131.22,131.57,130.8,131.46,126330000
2012-01-20,131.24,131.95,130.92,131.95,138230000
2012-01-23,131.51,132.25,130.98,131.61,129300000
2012-01-24,130.8,131.5,130.6,131.46,103080000
2012-01-25,131.26,132.87,130.75,132.56,198610000
2012-01-26,133.15,133.4,131.36,131.88,184880000
2012-01-27,131.24,132.05,131.15,131.82,135260000
2012-01-30,130.51,131.44,130.06,131.37,147310000
2012-01-31,132.02,132.18,130.68,131.32,157210000
2012-02-01,132.29,133.14,132.13,132.47,166230000
2012-02-02,132.73,133.02,132.21,132.68,113090000
2012-02-03,134.0,134.62,133.77,134.54,160600000
2012-02-06,133.98,134.51,133.83,134.45,107690000
2012-02-07,134.17,135.02,133.64,134.79,135530000
2012-02-08,134.86,135.22,134.31,135.19,139360000
2012-02-09,135.41,135.59,134.56,135.36,148600000
2012-02-10,134.16,134.47,133.84,134.36,167910000
2012-02-13,135.32,135.52,134.74,135.36,115840000
2012-02-14,135.0,135.27,134.25,135.19,166000000
2012-02-15,135.63,135.83,134.29,134.56,195200000
2012-02-16,134.57,136.17,134.33,136.05,186570000
2012-02-17,136.52,136.63,135.96,136.41,129870000
2012-02-21,136.73,137.05,136.05,136.47,134040000
2012-02-22,136.26,136.55,135.79,136.03,124460000
2012-02-23,135.96,136.73,135.5,136.63,137700000
2012-02-24,136.93,137.2,136.63,136.93,105540000
2012-02-27,136.02,137.53,135.8,137.16,145730000
2012-02-28,137.2,137.72,136.93,137.56,129360000
2012-02-29,137.76,138.19,136.54,137.02,185930000
2012-03-01,137.31,137.99,136.93,137.73,145030000
2012-03-02,137.64,137.82,137.0,137.31,120640000
2012-03-05,137.1,137.2,136.28,136.75,140760000
2012-03-06,135.35,135.43,134.36,134.75,202130000
2012-03-07,135.06,135.91,134.93,135.69,143690000
2012-03-08,136.52,137.32,136.24,137.04,116970000
2012-03-09,137.3,137.93,137.13,137.57,122840000
2012-03-12,137.55,137.76,137.09,137.58,104000000
2012-03-13,138.32,140.13,138.09,140.06,184090000
2012-03-14,140.1,140.44,139.48,139.91,145160000
2012-03-15,140.12,140.78,139.76,140.72,165120000
2012-03-16,140.36,140.48,140.0,140.3,152890000
2012-03-19,140.21,141.28,140.11,140.85,125290000
2012-03-20,140.05,140.61,139.64,140.44,121730000
2012-03-21,140.52,140.65,139.92,140.21,122390000
2012-03-22,139.18,139.55,138.74,139.2,135220000
2012-03-23,139.32,139.81,138.55,139.65,120520000
2012-03-26,140.65,141.61,140.6,141.61,120160000
2012-03-27,141.74,141.83,141.08,141.17,119870000
2012-03-28,141.1,141.32,139.64,140.47,148560000
2012-03-29,139.64,140.49,139.09,140.23,164960000
2012-03-30,140.92,141.05,140.05,140.81,135490000
2012-04-02,140.64,142.21,140.36,141.84,151740000
2012-04-03,141.64,141.88,140.43,141.26,155810000
2012-04-04,140.22,140.34,139.34,139.86,146900000
2012-04-05,139.38,140.2,139.26,139.79,137440000
2012-04-09,138.03,139.84,137.84,138.22,127560000
2012-04-10,137.95,138.34,135.76,135.9,235360000
2012-04-11,137.29,137.54,136.75,137.0,154130000
2012-04-12,137.13,138.9,137.03,138.79,154320000
2012-04-13,138.47,138.82,137.01,137.14,169250000
2012-04-16,137.84,138.04,136.58,137.05,147830000
2012-04-17,137.84,139.36,137.7,139.08,147880000
2012-04-18,138.46,139.08,138.38,138.61,123880000
2012-04-19,138.63,139.15,137.07,137.72,198670000
2012-04-20,138.33,138.83,137.87,137.95,143200000
2012-04-23,136.54,136.91,135.94,136.79,171840000
2012-04-24,136.91,137.66,136.8,137.31,137480000
2012-04-25,138.65,139.25,138.53,139.19,150250000
2012-04-26,138.89,140.32,138.81,140.16,136290000
2012-04-27,140.58,140.79,139.8,140.39,124640000
2012-04-30,140.11,140.21,139.49,139.87,115090000
2012-05-01,139.79,141.66,139.63,140.74,138840000
2012-05-02,139.92,140.46,139.46,140.32,121080000
2012-05-03,140.34,140.45,138.99,139.25,143760000
2012-05-04,138.51,139.3,136.92,137.0,193930000
2012-05-07,136.51,137.56,136.46,137.1,127770000
2012-05-08,136.28,136.77,134.92,136.55,213380000
2012-05-09,135.1,136.61,134.49,135.74,220780000
2012-05-10,136.68,136.85,135.71,136.02,150600000
2012-05-11,135.17,136.87,135.11,135.61,153030000
2012-05-14,134.31,135.61,133.91,134.11,163910000
2012-05-15,134.02,134.81,133.13,133.34,207630000
2012-05-16,133.94,134.55,132.8,132.83,207270000
2012-05-17,132.86,133.02,130.79,130.86,247990000
2012-05-18,131.37,131.6,129.55,129.74,319630000
2012-05-21,130.16,132.02,129.95,131.97,177860000
2012-05-22,132.31,133.23,131.34,132.2,197530000
2012-05-23,131.25,132.46,129.99,132.27,204960000
2012-05-24,132.63,132.84,131.42,132.53,167360000
2012-05-25,132.48,132.85,131.78,132.1,135470000
2012-05-29,133.16,133.93,131.17,133.7,152880000
2012-05-30,132.56,133.69,131.49,131.76,162370000
2012-05-31,131.71,132.45,130.34,131.47,196190000
2012-06-01,129.41,131.5,128.16,128.16,253240000
2012-06-04,128.39,128.74,127.14,128.1,202550000
2012-06-05,127.85,129.26,127.78,129.07,164150000
2012-06-06,129.97,132.03,129.93,131.97,184200000
2012-06-07,133.47,133.53,131.78,132.05,184770000
2012-06-08,131.71,133.12,131.29,133.1,143920000
2012-06-11,134.17,134.25,131.28,131.41,169760000
2012-06-12,131.79,133.01,131.16,132.92,181930000
2012-06-13,132.53,133.36,131.62,132.07,172220000
2012-06-14,132.34,134.0,131.98,133.47,230620000
2012-06-15,133.38,134.26,133.1,134.14,169440000
2012-06-18,133.58,134.73,133.28,134.4,131370000
2012-06-19,135.08,136.25,134.37,135.7,137380000
2012-06-20,135.71,136.1,134.27,135.48,206470000
2012-06-21,135.64,135.78,132.33,132.44,205270000
2012-06-22,133.13,133.71,132.62,133.46,130030000
2012-06-25,132.05,132.1,130.85,131.32,146380000
2012-06-26,131.7,132.38,130.93,131.98,141630000
2012-06-27,132.42,133.43,131.97,133.17,108090000
2012-06-28,132.29,132.99,131.28,132.79,169240000
2012-06-29,135.2,136.27,134.85,136.1,212250000
2012-07-02,136.48,136.65,135.52,136.51,129520000
2012-07-03,136.48,137.51,136.34,137.41,80450000
2012-07-05,136.9,137.8,136.29,136.79,126180000
2012-07-06,135.47,135.77,134.85,135.49,151190000
2012-07-09,135.38,135.57,134.7,135.32,103780000
2012-07-10,136.01,136.23,133.68,134.14,167880000
2012-07-11,134.21,134.6,133.38,134.16,141730000
2012-07-12,133.38,134.23,132.6,133.51,143580000
2012-07-13,133.86,135.89,133.84,135.75,129640000
2012-07-16,135.44,135.83,134.9,135.43,97530000
2012-07-17,135.97,136.64,134.55,136.36,138860000
2012-07-18,136.04,137.64,135.96,137.37,113350000
2012-07-19,137.65,138.18,137.21,137.73,129850000
2012-07-20,136.95,137.16,136.32,136.47,142900000
2012-07-23,134.47,136.39,133.84,135.09,145210000
2012-07-24,135.19,135.25,133.03,133.93,173300000
2012-07-25,134.21,134.56,133.25,133.96,129120000
2012-07-26,135.89,136.46,135.26,136.17,156530000
2012-07-27,136.89,139.07,136.14,138.68,236770000
2012-07-30,138.52,139.34,138.27,138.68,106780000
2012-07-31,138.49,138.87,137.71,137.71,120580000
2012-08-01,138.7,138.73,137.4,137.59,138290000
2012-08-02,136.55,137.57,135.58,136.64,199560000
2012-08-03,138.56,139.64,136.68,139.35,157820000
2012-08-06,139.72,140.17,139.56,139.62,86330000
2012-08-07,140.18,140.92,140.03,140.32,109550000
2012-08-08,139.85,140.65,139.81,140.49,89750000
2012-08-09,140.29,140.89,140.15,140.61,90290000
2012-08-10,140.04,140.89,139.81,140.84,99790000
2012-08-13,140.6,140.84,140.04,140.77,79430000
2012-08-14,141.29,141.38,140.37,140.79,102380000
2012-08-15,140.64,141.19,140.55,140.95,71090000
2012-08-16,141.15,142.16,140.8,141.99,112010000
2012-08-17,142.23,142.3,141.86,142.18,90810000
2012-08-20,141.98,142.22,141.59,142.19,78260000
2012-08-21,142.54,143.09,141.45,141.76,105580000
2012-08-22,141.4,142.05,141.07,141.82,133240000
2012-08-23,141.47,141.48,140.44,140.66,111470000
2012-08-24,140.31,141.83,140.22,141.51,99480000
2012-08-27,141.89,142.08,141.34,141.54,68790000
2012-08-28,141.18,141.84,140.97,141.4,75690000
2012-08-29,141.52,141.89,141.12,141.51,65420000
2012-08-30,140.9,140.94,140.19,140.49,96590000
2012-08-31,141.29,141.82,140.36,141.16,151970000
2012-09-04,141.04,141.46,140.13,141.03,120230000
2012-09-05,141.09,141.47,140.63,140.91,100660000
2012-09-06,141.76,143.78,141.75,143.77,158270000
2012-09-07,144.01,144.39,143.88,144.33,107270000
2012-09-10,144.19,144.44,143.46,143.51,86460000
2012-09-11,143.6,144.37,143.56,143.91,88760000
2012-09-12,144.39,144.55,143.9,144.39,87640000
2012-09-13,144.37,147.04,143.99,146.59,225470000
2012-09-14,146.88,148.11,146.76,147.24,169780000
2012-09-17,146.94,147.19,146.37,146.74,119430000
2012-09-18,146.49,146.81,146.25,146.62,98330000
2012-09-19,146.79,147.17,146.41,146.7,128320000
2012-09-20,146.03,146.79,145.63,146.71,154010000
2012-09-21,146.64,146.67,145.81,145.87,108740000
2012-09-24,145.15,145.98,145.04,145.65,95680000
2012-09-25,145.96,146.24,144.06,144.1,133170000
2012-09-26,144.06,144.11,142.95,143.29,146500000
2012-09-27,143.89,144.97,143.51,144.64,111830000
2012-09-28,144.09,144.56,143.46,143.97,150700000
2012-10-01,144.52,145.69,144.01,144.34,135910000
2012-10-02,144.92,145.15,143.83,144.5,113420000
2012-10-03,144.89,145.43,144.13,145.09,121280000
2012-10-04,145.64,146.34,145.44,146.12,124310000
2012-10-05,146.91,147.16,145.7,146.14,124840000
2012-10-08,145.6,146.12,145.31,145.64,78420000
2012-10-09,145.53,145.65,144.15,144.2,148870000
2012-10-10,144.18,144.32,143.09,143.28,124250000
2012-10-11,144.28,144.49,143.33,143.36,123600000
2012-10-12,143.46,143.95,142.58,142.89,124180000
2012-10-15,143.23,144.23,142.77,144.08,107690000
2012-10-16,144.76,145.64,144.66,145.54,108820000
2012-10-17,145.64,146.32,145.42,146.2,128830000
2012-10-18,145.82,146.52,145.33,145.82,148110000
2012-10-19,145.55,145.56,143.05,143.39,185650000
2012-10-22,143.15,143.67,142.28,143.41,125580000
2012-10-23,141.86,142.06,140.83,141.42,192060000
2012-10-24,141.93,142.1,140.8,141.02,120180000
2012-10-25,142.02,142.28,140.57,141.43,134460000
2012-10-26,141.3,141.84,140.39,141.35,146020000
2012-10-31,141.85,142.03,140.68,141.35,103440000
2012-11-01,141.65,143.01,141.52,142.83,101000000
2012-11-02,143.68,143.72,141.41,141.56,137700000
2012-11-05,141.35,142.17,140.93,141.85,98380000
2012-11-06,142.28,143.52,142.13,142.96,107070000
2012-11-07,141.66,141.68,139.06,139.72,264300000
2012-11-08,139.7,140.41,137.93,138.04,181520000
2012-11-09,137.62,139.44,137.55,138.16,201060000
2012-11-12,138.59,138.81,137.96,138.26,97680000
2012-11-13,137.54,139.25,137.36,137.79,123020000
2012-11-14,138.21,138.43,135.62,135.93,191500000
2012-11-15,135.98,136.49,135.18,135.7,178130000
2012-11-16,135.9,136.64,134.7,136.37,239480000
2012-11-19,137.9,139.15,136.41,139.13,151500000
2012-11-20,138.91,139.42,138.08,139.19,119810000
2012-11-21,139.31,139.57,139.03,139.45,81710000
2012-11-23,140.13,141.4,140.04,141.35,65410000
2012-11-26,140.65,141.36,140.19,141.05,100120000
2012-11-27,140.91,141.39,140.24,140.33,128650000
2012-11-28,139.76,141.54,139.0,141.46,177090000
2012-11-29,141.99,142.51,141.37,142.12,151090000
2012-11-30,142.14,142.42,141.66,142.16,136570000
2012-12-03,142.8,142.92,141.34,141.45,124660000
2012-12-04,141.44,141.87,140.87,141.25,127620000
2012-12-05,141.37,142.16,140.37,141.5,147300000
2012-12-06,141.37,142.04,141.16,141.98,103220000
2012-12-07,142.53,142.69,141.67,142.41,108730000
2012-12-10,142.21,142.81,142.15,142.47,98840000
2012-12-11,143.06,144.11,142.99,143.44,152570000
2012-12-12,144.0,144.55,143.31,143.51,145880000
2012-12-13,143.42,143.83,142.28,142.63,135710000
2012-12-14,142.32,142.58,141.88,142.11,137700000
2012-12-17,142.47,143.85,142.43,143.77,143740000
2012-12-18,144.0,145.5,143.79,145.37,177760000
2012-12-19,145.53,145.58,144.24,144.29,150900000
2012-12-20,144.38,145.14,143.98,145.12,168490000
2012-12-21,142.17,144.09,141.94,142.79,245880000
2012-12-24,142.48,142.56,142.19,142.35,53870000
2012-12-26,142.64,142.71,141.35,141.75,106950000
2012-12-27,141.79,142.08,139.92,141.56,167920000
2012-12-28,140.64,141.42,139.87,140.03,148810000
2012-12-31,139.66,142.56,139.54,142.41,243950000
2013-01-02,145.11,146.15,144.73,146.06,192060000
2013-01-03,145.99,146.37,145.34,145.73,144760000
2013-01-04,145.97,146.61,145.67,146.37,116820000
2013-01-07,145.85,146.44,145.43,145.97,110000000
2013-01-08,145.71,145.91,144.98,145.55,121270000
2013-01-09,145.87,146.32,145.64,145.92,90750000
2013-01-10,146.73,147.09,145.97,147.08,130740000
2013-01-11,147.04,147.15,146.61,147.07,113920000
2013-01-14,146.89,147.07,146.43,146.97,89570000
2013-01-15,146.29,147.21,146.2,147.07,93170000
2013-01-16,146.77,147.28,146.61,147.05,104850000
2013-01-17,147.7,148.42,147.14,148.0,133830000
2013-01-18,147.97,148.49,147.43,148.33,169910000
2013-01-22,148.33,149.13,147.98,149.13,111800000
2013-01-23,149.13,149.5,148.86,149.37,104600000
2013-01-24,149.15,150.14,149.01,149.41,146430000
2013-01-25,149.88,150.25,149.37,150.25,147220000
2013-01-28,150.29,150.33,149.51,150.07,113360000
2013-01-29,149.77,150.85,149.67,150.66,105690000
2013-01-30,150.64,150.94,149.93,150.07,137450000
2013-01-31,149.89,150.38,149.6,149.7,108980000
2013-02-01,150.65,151.42,150.39,151.24,131170000
2013-02-04,150.32,151.27,149.43,149.53,159070000
2013-02-05,150.35,151.48,150.29,151.05,113910000
2013-02-06,150.52,151.26,150.41,151.16,138760000
2013-02-07,151.21,151.35,149.86,150.96,162490000
2013-02-08,151.22,151.89,151.22,151.8,103130000
2013-02-11,151.74,151.9,151.39,151.77,73770000
2013-02-12,151.78,152.3,151.61,152.02,65390000
2013-02-13,152.33,152.61,151.72,152.15,82320000
2013-02-14,151.69,152.47,151.52,152.29,80830000
2013-02-15,152.43,152.59,151.55,152.11,215230000
2013-02-19,152.37,153.28,152.16,153.25,95110000
2013-02-20,153.14,153.19,151.26,151.34,160570000
2013-02-21,150.96,151.42,149.94,150.42,183260000
2013-02-22,151.15,151.89,150.49,151.89,106360000
2013-02-25,152.63,152.86,149.0,149.0,245820000
2013-02-26,149.72,150.2,148.73,150.02,186600000
2013-02-27,149.89,152.33,149.76,151.91,150780000
2013-02-28,151.9,152.87,151.41,151.61,126870000
2013-03-01,151.09,152.34,150.41,152.11,170630000
2013-03-04,151.76,152.92,151.52,152.92,99010000
2013-03-05,153.66,154.7,153.64,154.29,121660000
2013-03-06,154.84,154.92,154.16,154.5,94470000
2013-03-07,154.7,154.98,154.52,154.78,86100000
2013-03-08,155.46,155.65,154.66,155.44,123490000
2013-03-11,155.32,156.04,155.13,156.03,83750000
2013-03-12,155.92,156.1,155.21,155.68,105760000
2013-03-13,155.76,156.12,155.23,155.91,92550000
2013-03-14,156.31,156.8,155.91,156.73,126330000
2013-03-15,155.85,156.04,155.31,155.83,138600000
2013-03-18,154.34,155.64,154.2,154.97,126700000
2013-03-19,155.3,155.51,153.59,154.61,167570000
2013-03-20,155.52,155.95,155.26,155.69,113760000
2013-03-21,154.76,155.64,154.1,154.36,128600000
2013-03-22,154.85,155.6,154.73,155.6,111160000
2013-03-25,156.01,156.27,154.35,154.95,151320000
2013-03-26,155.59,156.23,155.42,156.19,86860000
2013-03-27,155.26,156.25,155.0,156.19,99950000
2013-03-28,156.09,156.85,155.75,156.67,102930000
2013-04-01,156.59,156.91,155.67,156.05,99190000
2013-04-02,156.61,157.21,156.37,156.82,101500000
2013-04-03,156.91,157.03,154.82,155.23,154170000
2013-04-04,155.43,156.17,155.09,155.86,131880000
2013-04-05,153.95,155.35,153.77,155.16,159670000
2013-04-08,155.27,156.22,154.75,156.21,86570000
2013-04-09,156.5,157.32,155.98,156.75,101920000
2013-04-10,157.17,158.87,157.13,158.67,135710000
2013-04-11,158.7,159.71,158.54,159.19,110140000
2013-04-12,158.68,159.04,157.92,158.8,116360000
2013-04-15,158.0,158.13,155.1,155.12,217260000
2013-04-16,156.29,157.49,155.91,157.41,147510000
2013-04-17,156.29,156.32,154.28,155.11,226830000
2013-04-18,155.37,155.41,153.55,154.14,167580000
2013-04-19,154.5,155.55,154.12,155.48,149690000
2013-04-22,155.78,156.54,154.75,156.17,106550000
2013-04-23,156.95,157.93,156.17,157.78,166140000
2013-04-24,157.83,158.3,157.54,157.88,96780000
2013-04-25,158.34,159.27,158.1,158.52,131060000
2013-04-26,158.33,158.6,157.73,158.24,95920000
2013-04-29,158.67,159.65,158.42,159.3,88570000
2013-04-30,159.27,159.72,158.61,159.68,116010000
2013-05-01,159.33,159.41,158.1,158.28,138870000
2013-05-02,158.68,159.89,158.53,159.75,96410000
2013-05-03,161.14,161.88,159.78,161.37,144200000
2013-05-06,161.49,162.01,161.42,161.78,66880000
2013-05-07,162.13,162.65,161.67,162.6,90360000
2013-05-08,162.42,163.39,162.33,163.34,97420000
2013-05-09,163.27,163.7,162.47,162.88,106740000
2013-05-10,162.99,163.55,162.51,163.41,103200000
2013-05-13,163.2,163.81,162.82,163.54,81840000
2013-05-14,163.67,165.35,163.67,165.23,119000000
2013-05-15,164.96,166.45,164.91,166.12,120720000
2013-05-16,165.78,166.36,165.09,165.34,109910000
2013-05-17,165.95,167.04,165.73,166.94,129800000
2013-05-20,166.78,167.58,166.61,166.93,85070000
2013-05-21,167.08,167.8,166.5,167.17,95800000
2013-05-22,167.34,169.07,165.17,165.93,244030000
2013-05-23,164.16,165.91,163.94,165.45,211060000
2013-05-24,164.47,165.38,163.98,165.31,151570000
2013-05-28,167.04,167.78,165.81,166.3,143680000
2013-05-29,165.42,165.8,164.34,165.22,160360000
2013-05-30,165.35,166.59,165.22,165.83,107790000
2013-05-31,165.37,166.31,163.13,163.44,176850000
2013-06-03,163.83,164.46,162.66,164.35,168390000
2013-06-04,164.44,165.1,162.73,163.56,157630000
2013-06-05,163.09,163.42,161.13,161.27,211740000
2013-06-06,161.2,162.74,160.25,162.73,200230000
2013-06-07,163.85,164.95,163.14,164.8,188340000
2013-06-10,165.31,165.4,164.37,164.8,105670000
2013-06-11,163.3,164.54,162.74,163.1,159510000
2013-06-12,164.22,164.39,161.6,161.75,177360000
2013-06-13,161.66,164.5,161.3,164.21,163590000
2013-06-14,164.03,164.67,162.91,163.18,141200000
2013-06-17,164.29,165.22,163.22,164.44,136300000
2013-06-18,164.53,165.99,164.52,165.74,114700000
2013-06-19,165.6,165.89,163.38,163.45,206150000
2013-06-20,161.86,163.47,158.98,159.4,321260000
2013-06-21,159.64,159.76,157.47,159.07,271960000
2013-06-24,157.41,158.43,155.73,157.06,222330000
2013-06-25,158.48,160.1,157.42,158.57,162260000
2013-06-26,159.87,160.5,159.25,160.14,134850000
2013-06-27,161.1,161.82,160.95,161.08,129480000
2013-06-28,160.63,161.4,159.86,160.42,160400000
2013-07-01,161.26,162.48,161.08,161.36,131950000
2013-07-02,161.12,162.3,160.5,161.21,154860000
2013-07-03,160.48,161.77,160.22,161.28,75220000
2013-07-05,162.47,163.08,161.3,163.02,122420000
2013-07-08,163.86,164.39,163.08,163.94,108090000
2013-07-09,164.98,165.33,164.27,165.13,119300000
2013-07-10,164.97,165.75,164.63,165.19,121410000
2013-07-11,167.11,167.61,165.18,167.44,135590000
2013-07-12,167.39,167.93,167.13,167.51,104210000
2013-07-15,167.97,168.39,167.68,168.16,69450000
2013-07-16,168.26,168.36,167.07,167.53,88700000
2013-07-17,168.16,168.48,167.73,167.95,92870000
2013-07-18,168.31,169.27,168.2,168.87,103620000
2013-07-19,168.52,169.23,168.31,169.17,103830000
2013-07-22,169.41,169.74,169.01,169.5,79430000
2013-07-23,169.8,169.83,169.05,169.14,80830000
2013-07-24,169.79,169.86,168.18,168.52,112910000
2013-07-25,168.22,169.08,167.94,168.93,111160000
2013-07-26,168.22,169.16,167.52,169.11,107810000
2013-07-29,168.68,169.06,168.11,168.59,79850000
2013-07-30,169.1,169.28,168.19,168.59,85220000
2013-07-31,168.94,169.85,168.49,168.71,142390000
2013-08-01,169.99,170.81,169.9,170.66,110440000
2013-08-02,170.28,170.97,170.05,170.95,91120000
2013-08-05,170.57,170.96,170.35,170.7,54070000
2013-08-06,170.37,170.74,169.35,169.73,87490000
2013-08-07,169.19,169.43,168.55,169.18,84850000
2013-08-08,169.98,170.18,168.93,169.8,102180000
2013-08-09,169.58,170.1,168.72,169.31,91860000
2013-08-12,168.46,169.31,168.38,169.11,68590000
2013-08-13,169.41,169.9,168.41,169.61,80810000
2013-08-14,169.53,169.8,168.7,168.74,79830000
2013-08-15,167.41,167.43,166.09,166.38,152930000
2013-08-16,166.06,166.63,165.5,165.83,130870000
2013-08-19,165.64,166.21,164.76,164.77,96440000
2013-08-20,165.04,166.2,164.86,165.58,89290000
2013-08-21,165.12,166.03,164.19,164.56,159530000
2013-08-22,164.9,166.3,164.89,166.06,101470000
2013-08-23,166.55,166.83,165.77,166.62,90890000
2013-08-26,166.79,167.3,165.89,166.0,89710000
2013-08-27,164.36,166.0,163.21,163.33,158620000
2013-08-28,163.26,164.49,163.05,163.91,108110000
2013-08-29,163.55,165.04,163.4,164.17,119200000
2013-08-30,164.51,164.53,163.17,163.65,134930000
2013-09-03,165.23,165.58,163.7,164.39,142380000
2013-09-04,164.43,166.03,164.13,165.75,97390000
2013-09-05,165.85,166.4,165.73,165.96,63090000
2013-09-06,166.51,166.98,164.48,166.04,159760000
2013-09-09,166.45,167.73,166.45,167.63,87560000
2013-09-10,168.64,168.9,168.26,168.87,105850000
2013-09-11,168.64,169.4,168.35,169.4,94550000
2013-09-12,169.34,169.56,168.72,168.95,83210000
2013-09-13,169.13,169.46,168.74,169.33,72730000
2013-09-16,171.16,171.24,170.04,170.31,126190000
2013-09-17,170.46,171.11,170.46,171.07,82520000
2013-09-18,171.01,173.52,170.58,173.05,203460000
2013-09-19,173.52,173.6,172.59,172.76,146620000
2013-09-20,172.33,172.33,170.58,170.72,132870000
2013-09-23,170.49,170.65,169.39,169.93,104620000
2013-09-24,169.9,170.53,169.21,169.53,106330000
2013-09-25,169.64,169.98,168.89,169.04,117310000
2013-09-26,169.32,170.17,169.05,169.69,77150000
2013-09-27,168.84,169.14,168.47,168.91,99140000
2013-09-30,167.48,168.54,167.15,168.01,143940000
2013-10-01,168.14,169.5,167.97,169.34,127160000
2013-10-02,168.35,169.34,167.83,169.18,113350000
2013-10-03,168.79,168.94,166.84,167.62,176700000
2013-10-04,167.75,169.06,167.53,168.89,96880000
2013-10-07,167.42,168.45,167.25,167.43,96300000
2013-10-08,167.4,167.62,165.36,165.48,178010000
2013-10-09,165.8,166.2,164.53,165.6,168970000
2013-10-10,167.29,169.26,167.23,169.17,195950000
2013-10-11,168.91,170.32,168.77,170.26,105040000
2013-10-14,169.21,171.08,169.08,170.94,112110000
2013-10-15,170.51,171.15,169.47,169.7,155480000
2013-10-16,170.72,172.16,170.63,172.07,161680000
2013-10-17,171.37,173.32,171.34,173.22,129390000
2013-10-18,173.86,174.51,173.51,174.39,138320000
2013-10-21,174.45,174.75,174.01,174.4,104100000
2013-10-22,174.91,175.93,174.43,175.41,126660000
2013-10-23,174.81,174.89,173.96,174.57,105480000
2013-10-24,174.92,175.37,174.51,175.15,70350000
2013-10-25,175.51,176.0,175.17,175.95,93630000
2013-10-28,175.89,176.47,175.7,176.23,84980000
2013-10-29,176.63,177.24,176.38,177.17,87400000
2013-10-30,177.38,177.51,175.66,176.29,140000000
2013-10-31,176.15,176.89,175.53,175.79,133800000
2013-11-01,176.02,176.61,175.22,176.21,142810000
2013-11-04,176.69,176.9,175.98,176.83,85680000
2013-11-05,176.14,176.75,175.57,176.27,85820000
2013-11-06,177.03,177.5,176.54,177.17,87350000
2013-11-07,177.5,177.64,174.76,174.93,157000000
2013-11-08,174.87,177.31,174.85,177.29,136710000
2013-11-11,177.12,177.53,176.91,177.32,62610000
2013-11-12,176.94,177.36,176.37,176.96,83990000
2013-11-13,176.09,178.43,176.09,178.38,103840000
2013-11-14,178.54,179.42,178.25,179.27,103440000
2013-11-15,179.56,180.12,179.33,180.05,102820000
2013-11-18,180.35,180.5,179.02,179.42,104800000
2013-11-19,179.33,179.87,178.72,179.03,93890000
2013-11-20,179.39,179.93,177.98,178.47,124910000
2013-11-21,178.97,180.05,178.86,179.91,92840000
2013-11-22,179.98,180.83,179.77,180.81,81300000
2013-11-25,181.13,181.17,180.37,180.63,79490000
2013-11-26,180.72,181.22,180.41,180.68,86990000
2013-11-27,180.87,181.24,180.65,181.12,58800000
2013-11-29,181.32,181.75,180.8,181.0,55870000
2013-12-02,181.09,181.43,180.25,180.53,99730000
2013-12-03,179.94,180.39,179.17,179.75,116560000
2013-12-04,179.1,180.48,178.35,179.73,123030000
2013-12-05,179.41,179.74,178.77,178.94,106930000
2013-12-06,180.67,181.11,180.15,180.94,127730000
2013-12-09,181.47,181.67,181.16,181.4,70120000
2013-12-10,180.98,181.36,180.63,180.75,80980000
2013-12-11,180.82,180.85,178.5,178.72,130590000
2013-12-12,178.64,178.86,177.76,178.13,115560000
2013-12-13,178.5,178.66,177.77,178.11,107810000
2013-12-16,178.95,179.81,178.9,179.22,96190000
2013-12-17,179.38,179.41,178.25,178.65,89890000
2013-12-18,178.92,181.73,177.32,181.7,234910000
2013-12-19,181.18,181.7,180.71,181.49,136300000
2013-12-20,180.69,181.99,180.57,181.56,197090000
2013-12-23,182.45,182.64,182.06,182.53,85600000
2013-12-24,182.54,183.01,182.53,182.93,45370000
2013-12-26,183.34,183.96,183.32,183.85,63370000
2013-12-27,184.1,184.18,183.66,183.84,61810000
2013-12-30,183.87,184.02,183.58,183.82,56860000
2013-12-31,184.07,184.69,183.93,184.69,86250000
2014-01-02,183.98,184.07,182.48,182.92,119640000
2014-01-03,183.23,183.6,182.63,182.88,81390000
2014-01-06,183.49,183.56,182.08,182.36,108030000
2014-01-07,183.09,183.79,182.95,183.48,86140000
2014-01-08,183.45,183.83,182.89,183.52,96580000
2014-01-09,184.11,184.13,182.79,183.64,90680000
2014-01-10,183.95,184.22,183.01,184.14,102030000
2014-01-13,183.67,184.18,181.34,181.69,149890000
2014-01-14,182.29,183.77,181.95,183.67,105020000
2014-01-15,184.1,184.94,183.71,184.66,98530000
2014-01-16,184.28,184.66,183.83,184.42,72290000
2014-01-17,184.1,184.45,183.32,183.63,107850000
2014-01-21,184.7,184.77,183.05,184.18,88620000
2014-01-22,184.49,184.57,183.91,184.3,61270000
2014-01-23,183.37,183.4,181.82,182.79,132500000
2014-01-24,181.6,181.66,178.83,178.89,208680000
2014-01-27,179.06,179.52,177.12,178.01,180840000
2014-01-28,178.14,179.3,178.12,179.07,110460000
2014-01-29,177.58,178.55,176.88,177.35,216600000
2014-01-30,178.83,179.81,178.26,179.23,118940000
2014-01-31,177.01,179.29,176.92,178.18,194680000
2014-02-03,177.97,178.37,173.83,174.17,254840000
2014-02-04,174.95,175.84,174.11,175.38,165010000
2014-02-05,174.78,175.56,173.71,175.17,164230000
2014-02-06,175.58,177.48,175.22,177.48,132880000
2014-02-07,178.31,179.87,177.73,179.68,170790000
2014-02-10,179.7,180.07,179.21,180.01,92220000
2014-02-11,180.16,182.44,180.04,181.98,117810000
2014-02-12,182.25,182.83,181.71,182.07,94720000
2014-02-13,180.84,183.2,180.83,183.01,100540000
2014-02-14,182.84,184.36,182.67,184.02,96500000
2014-02-18,184.18,184.49,183.65,184.24,80460000
2014-02-19,183.76,184.95,182.87,183.02,126520000
2014-02-20,183.27,184.52,182.6,184.1,105000000
2014-02-21,184.45,184.89,183.8,183.89,118120000
2014-02-24,184.28,186.15,184.2,184.91,114060000
2014-02-25,185.06,185.59,184.23,184.84,117080000
2014-02-26,185.11,185.6,184.33,184.85,98680000
2014-02-27,184.58,185.87,184.37,185.82,93880000
2014-02-28,185.79,187.15,185.05,186.29,150840000
2014-03-03,184.65,185.45,183.75,184.98,167750000
2014-03-04,186.79,187.98,186.75,187.58,167550000
2014-03-05,187.74,188.07,187.45,187.75,88380000
2014-03-06,188.21,188.61,187.78,188.18,82520000
2014-03-07,188.96,188.96,187.43,188.26,114510000
2014-03-10,187.97,188.23,187.08,188.16,74940000
2014-03-11,188.44,188.71,186.8,187.23,99010000
2014-03-12,186.32,187.35,185.9,187.28,104820000
2014-03-13,187.84,187.99,184.66,185.18,155010000
2014-03-14,184.85,185.8,184.44,184.66,153920000
2014-03-17,185.59,186.77,185.51,186.33,98360000
2014-03-18,186.71,187.91,186.51,187.66,101800000
2014-03-19,187.68,187.94,185.47,186.66,176270000
2014-03-20,186.25,187.89,185.92,187.75,117240000
2014-03-21,187.71,189.02,186.03,186.2,163130000
2014-03-24,186.84,187.07,184.62,185.43,121410000
2014-03-25,186.37,186.94,185.27,186.31,103850000
2014-03-26,187.04,187.34,184.92,184.97,119840000
2014-03-27,184.75,185.34,183.9,184.58,142380000
2014-03-28,185.1,186.42,185.0,185.49,101640000
2014-03-31,186.67,187.3,185.52,187.01,99740000
2014-04-01,187.62,188.36,187.0,188.25,89190000
2014-04-02,188.49,189.13,188.14,188.88,78770000
2014-04-03,189.17,189.22,188.05,188.63,77440000
2014-04-04,189.66,189.7,186.1,186.4,169380000
2014-04-07,185.95,186.26,183.96,184.34,140800000
2014-04-08,184.26,185.4,183.59,185.1,112660000
2014-04-09,185.6,187.15,185.06,187.09,100250000
2014-04-10,187.08,187.17,182.93,183.16,172960000
2014-04-11,182.14,183.42,181.31,181.51,167250000
2014-04-14,182.93,183.37,181.44,182.94,132380000
2014-04-15,183.32,184.33,181.51,184.2,157090000
2014-04-16,185.47,186.14,184.65,186.12,105200000
2014-04-17,185.88,186.91,185.56,186.39,105250000
2014-04-21,186.44,187.1,186.21,187.04,68330000
2014-04-22,187.23,188.4,187.13,187.89,85790000
2014-04-23,187.82,187.92,187.3,187.45,73870000
2014-04-24,188.37,188.39,186.93,187.83,88170000
2014-04-25,187.22,187.33,185.87,186.29,100380000
2014-04-28,187.05,187.69,184.96,186.88,135120000
2014-04-29,187.48,188.04,187.08,187.75,84100000
2014-04-30,187.44,188.5,187.18,188.31,101510000
2014-05-01,188.22,188.84,187.73,188.32,93020000
2014-05-02,188.31,189.14,187.78,188.06,98120000
2014-05-05,187.14,188.55,186.62,188.42,75880000
2014-05-06,188.0,188.13,186.74,186.78,85450000
2014-05-07,187.41,187.97,186.01,187.88,106500000
2014-05-08,187.71,189.05,187.08,187.68,93620000
2014-05-09,187.71,188.04,186.83,187.96,83680000
2014-05-12,188.8,189.88,188.0,189.78,86940000
2014-05-13,190.04,190.42,189.77,189.96,66450000
2014-05-14,189.79,189.88,188.79,189.06,72370000
2014-05-15,188.68,188.72,186.48,187.4,154960000
2014-05-16,187.51,188.13,186.72,188.05,97460000
2014-05-19,187.69,188.89,187.52,188.74,63840000
2014-05-20,188.65,188.67,187.07,187.55,111640000
2014-05-21,188.09,189.22,188.06,189.13,89090000
2014-05-22,189.18,189.98,188.86,189.59,61550000
2014-05-23,189.76,190.48,189.59,190.35,60160000
2014-05-27,191.06,191.58,190.95,191.52,72010000
2014-05-28,191.52,191.82,191.06,191.38,66720000
2014-05-29,191.82,192.4,191.33,192.37,64380000
2014-05-30,192.19,192.8,192.03,192.68,76320000
2014-06-02,192.95,192.99,191.97,192.9,64660000
2014-06-03,192.43,192.9,192.25,192.8,65050000
2014-06-04,192.47,193.3,192.26,193.19,55530000
2014-06-05,193.41,194.65,192.7,194.45,92100000
2014-06-06,194.87,195.43,194.78,195.38,78700000
2014-06-09,195.35,196.05,195.17,195.58,65120000
2014-06-10,195.34,195.64,194.92,195.6,57130000
2014-06-11,194.9,195.12,194.48,194.92,68770000
2014-06-12,194.69,194.8,193.11,193.54,106350000
2014-06-13,193.92,194.32,193.3,194.13,82020000
2014-06-16,193.89,194.7,193.66,194.29,87420000
2014-06-17,194.02,194.97,193.81,194.83,84830000
2014-06-18,194.83,196.37,194.4,196.25,105270000
2014-06-19,196.43,196.6,195.8,196.48,85930000
2014-06-20,196.03,196.1,195.7,195.94,100590000
2014-06-23,195.99,196.05,195.52,195.88,70610000
2014-06-24,195.53,196.5,194.48,194.7,96240000
2014-06-25,194.29,195.78,194.25,195.58,82780000
2014-06-26,195.61,195.63,194.13,195.44,84310000
2014-06-27,194.98,195.88,194.88,195.82,71450000
2014-06-30,195.7,196.16,195.53,195.72,70500000
2014-07-01,196.2,197.63,196.13,197.03,90470000
2014-07-02,197.05,197.48,196.96,197.23,52470000
2014-07-03,197.79,198.29,197.64,198.2,52940000
2014-07-07,197.82,197.98,197.22,197.51,61700000
2014-07-08,197.15,197.22,195.76,196.24,108140000
2014-07-09,196.73,197.29,196.31,197.12,72990000
2014-07-10,195.22,196.86,195.06,196.34,99040000
2014-07-11,196.22,196.75,195.78,196.61,64240000
2014-07-14,197.61,197.86,197.44,197.6,58660000
2014-07-15,197.72,198.1,196.36,197.23,111350000
2014-07-16,198.11,198.26,197.42,197.96,80070000
2014-07-17,197.35,198.1,195.43,195.71,145400000
2014-07-18,196.35,197.91,196.24,197.71,124330000
2014-07-21,197.09,197.5,196.43,197.34,67590000
2014-07-22,198.01,198.56,197.87,198.2,67680000
2014-07-23,198.5,198.85,198.1,198.64,65610000
2014-07-24,198.83,199.06,198.45,198.65,56890000
2014-07-25,198.09,198.26,197.33,197.72,76840000
2014-07-28,197.76,198.09,196.62,197.8,69260000
2014-07-29,198.17,198.45,196.92,196.95,80470000
2014-07-30,197.65,197.91,196.16,196.98,104220000
2014-07-31,195.61,195.78,192.97,193.09,183480000
2014-08-01,192.56,193.76,191.57,192.5,189260000
2014-08-04,192.87,194.3,192.05,193.89,91340000
2014-08-05,193.1,193.6,191.31,192.01,152690000
2014-08-06,191.11,192.89,191.08,192.07,94820000
2014-08-07,192.94,193.13,190.55,191.03,135730000
2014-08-08,191.46,193.37,190.95,193.24,117010000
2014-08-11,193.97,194.66,193.71,193.79,74540000
2014-08-12,193.61,194.15,192.94,193.53,73630000
2014-08-13,194.29,195.06,193.96,194.84,69050000
2014-08-14,195.16,195.76,194.98,195.76,57370000
2014-08-15,196.47,196.65,194.31,195.72,139950000
2014-08-18,196.8,197.45,196.69,197.36,75420000
2014-08-19,197.84,198.54,197.44,198.39,59130000
2014-08-20,198.12,199.16,198.08,198.92,72760000
2014-08-21,199.09,199.76,198.93,199.5,67790000
2014-08-22,199.34,199.69,198.74,199.19,76110000
2014-08-25,200.14,200.59,199.15,200.2,63860000
2014-08-26,200.33,200.82,200.28,200.33,47300000
2014-08-27,200.43,200.57,199.94,200.25,47870000
2014-08-28,199.59,200.27,199.39,200.14,58330000
2014-08-29,200.45,200.73,199.82,200.71,65910000
2014-09-02,200.97,201.0,199.86,200.61,72430000
2014-09-03,201.38,201.41,200.22,200.5,57460000
2014-09-04,200.84,201.58,199.66,200.21,85240000
2014-09-05,200.17,201.19,199.41,201.11,102180000
2014-09-08,200.92,201.21,200.0,200.59,64150000
2014-09-09,200.41,200.55,198.91,199.32,88590000
2014-09-10,199.43,200.2,198.77,200.07,67250000
2014-09-11,199.27,200.33,199.12,200.3,66820000
2014-09-12,200.1,200.12,198.56,199.13,117480000
2014-09-15,199.16,199.32,198.38,198.98,76400000
2014-09-16,198.61,200.84,198.5,200.48,116200000
2014-09-17,200.77,201.68,199.75,200.75,151270000
2014-09-18,201.36,201.85,201.1,201.82,94990000
2014-09-19,201.52,201.9,200.29,200.7,121650000
2014-09-22,200.35,200.38,198.73,199.15,125550000
2014-09-23,198.43,199.26,197.95,198.01,111390000
2014-09-24,198.04,199.69,197.52,199.56,107280000
2014-09-25,199.04,199.05,196.27,196.34,150300000
2014-09-26,196.7,198.39,196.42,197.9,103550000
2014-09-29,196.2,197.89,196.05,197.54,95110000
2014-09-30,197.69,198.3,196.61,197.02,131300000
2014-10-01,196.7,196.77,193.91,194.35,177800000
2014-10-02,194.18,195.06,192.35,194.38,157290000
2014-10-03,195.68,196.94,195.08,196.52,121570000
2014-10-06,197.34,197.6,195.58,196.29,104780000
2014-10-07,195.28,195.72,193.22,193.26,147910000
2014-10-08,193.37,196.92,192.36,196.64,186460000
2014-10-09,196.33,196.6,192.58,192.74,210700000
2014-10-10,192.69,193.65,190.49,190.54,221910000
2014-10-13,190.46,191.15,187.3,187.41,230940000
2014-10-14,188.42,189.82,187.04,187.7,215850000
2014-10-15,185.16,187.69,181.92,186.43,380710000
2014-10-16,183.06,187.58,182.89,186.27,270390000
2014-10-17,188.42,189.75,187.62,188.47,214620000
2014-10-20,188.13,190.45,188.07,190.3,130010000
2014-10-21,191.68,194.2,191.48,194.07,154950000
2014-10-22,194.41,194.91,192.61,192.69,151820000
2014-10-23,194.62,196.2,194.26,194.93,154940000
2014-10-24,195.25,196.49,194.49,196.43,117930000
2014-10-27,195.73,196.45,195.03,196.16,82950000
2014-10-28,196.82,198.42,196.73,198.41,106740000
2014-10-29,198.55,199.12,196.8,198.11,142560000
2014-10-30,197.58,199.95,197.4,199.38,113330000
2014-10-31,201.78,201.82,200.77,201.66,146900000
2014-11-03,201.92,202.45,201.31,201.77,93730000
2014-11-04,201.23,201.6,200.06,201.07,93340000
2014-11-05,202.54,202.59,201.45,202.34,91710000
2014-11-06,202.39,203.26,201.64,203.15,107090000
2014-11-07,203.17,203.6,202.61,203.34,89540000
2014-11-10,203.38,204.04,203.13,203.98,66320000
2014-11-11,204.06,204.31,203.65,204.18,54500000
2014-11-12,203.35,204.24,203.31,203.96,90120000
2014-11-13,204.16,204.83,203.21,204.19,85360000
2014-11-14,204.1,204.49,203.72,204.24,80420000
2014-11-17,203.85,204.58,203.65,204.37,80440000
2014-11-18,204.44,205.92,204.44,205.55,76070000
2014-11-19,205.31,205.55,204.3,205.22,82370000
2014-11-20,204.26,205.71,204.18,205.58,72840000
2014-11-21,207.64,207.84,205.98,206.68,142330000
2014-11-24,207.17,207.39,206.91,207.26,65880000
2014-11-25,207.54,207.79,206.8,207.11,79110000
2014-11-26,207.29,207.76,207.03,207.64,62170000
2014-11-28,207.49,207.87,206.91,207.2,57890000
2014-12-01,206.4,206.54,205.38,205.76,103970000
2014-12-02,205.81,207.34,205.78,207.09,74510000
2014-12-03,207.3,208.15,207.1,207.89,68950000
2014-12-04,207.54,208.26,206.7,207.66,91320000
2014-12-05,207.87,208.47,207.55,208.0,91030000
2014-12-08,207.52,208.12,205.93,206.61,108590000
2014-12-09,204.37,206.6,203.91,206.47,125180000
2014-12-10,205.91,205.98,202.93,203.16,159860000
2014-12-11,203.88,206.19,203.71,204.19,159010000
2014-12-12,202.64,203.82,200.85,200.89,202330000
2014-12-15,201.98,202.53,198.78,199.51,189970000
2014-12-16,198.58,202.4,197.86,197.91,259540000
2014-12-17,198.44,202.34,198.29,201.79,253910000
2014-12-18,204.74,212.97,203.92,206.78,257630000
2014-12-19,206.43,207.33,205.61,206.52,245080000
2014-12-22,206.75,207.47,206.46,207.47,148320000
2014-12-23,208.17,208.23,207.4,207.75,122170000
2014-12-24,208.02,208.34,207.72,207.77,42960000
2014-12-26,208.31,208.85,208.25,208.44,57330000
2014-12-29,208.22,208.97,208.14,208.72,79640000
2014-12-30,208.21,208.37,207.51,207.6,73540000
2014-12-31,207.99,208.19,205.39,205.54,130330000
2015-01-02,206.38,206.88,204.18,205.43,121470000
2015-01-05,204.17,204.37,201.35,201.72,169630000
2015-01-06,202.09,202.72,198.85,199.82,209150000
2015-01-07,201.42,202.72,200.88,202.31,125350000
2015-01-08,204.01,206.16,203.99,205.9,147220000
2015-01-09,206.4,206.42,203.51,204.25,158570000
2015-01-12,204.41,204.6,201.92,202.65,144400000
2015-01-13,204.12,205.48,200.51,202.08,214550000
2015-01-14,199.65,201.1,198.57,200.86,192990000
2015-01-15,201.63,202.01,198.88,199.02,176610000
2015-01-16,198.77,201.82,198.55,201.63,211880000
2015-01-20,202.4,202.72,200.17,202.06,130990000
2015-01-21,201.5,203.66,200.94,203.08,122940000
2015-01-22,203.99,206.26,202.33,206.1,174360000
2015-01-23,205.79,206.1,204.81,204.97,117520000
2015-01-26,204.71,205.56,203.85,205.45,92010000
2015-01-27,202.97,204.12,201.74,202.74,134040000
2015-01-28,204.17,204.29,199.91,200.14,168510000
2015-01-29,200.38,202.3,198.68,201.99,173590000
2015-01-30,200.57,202.17,199.13,199.45,197730000
2015-02-02,200.05,202.03,197.86,201.92,163110000
2015-02-03,203.0,204.85,202.55,204.84,124210000
2015-02-04,203.92,205.38,203.51,204.06,134310000
2015-02-05,204.86,206.3,204.77,206.12,97950000
2015-02-06,206.56,207.24,204.92,205.55,125670000
2015-02-09,204.77,205.64,204.13,204.63,87220000
2015-02-10,205.88,207.12,204.68,206.81,96160000
2015-02-11,206.61,207.45,205.83,206.93,91090000
2015-02-12,207.89,208.99,206.97,208.92,97550000
2015-02-13,209.07,209.84,208.76,209.78,93670000
2015-02-17,209.4,210.32,209.1,210.11,76970000
2015-02-18,209.66,210.22,209.34,210.13,80650000
2015-02-19,209.41,210.42,209.24,209.98,91460000
2015-02-20,209.48,211.33,208.73,211.24,140900000
2015-02-23,210.94,211.21,210.48,211.21,74410000
2015-02-24,211.12,212.05,210.76,211.81,72470000
2015-02-25,211.66,212.24,211.22,211.63,73060000
2015-02-26,211.52,211.71,210.65,211.38,72700000
2015-02-27,211.26,211.58,210.6,210.66,108080000
2015-03-02,210.78,212.06,210.72,211.99,87490000
2015-03-03,211.47,212.05,210.08,211.12,110330000
2015-03-04,210.4,210.49,209.06,210.23,114500000
2015-03-05,210.62,210.8,209.85,210.46,76870000
2015-03-06,209.42,209.94,207.1,207.5,188130000
2015-03-09,207.74,208.79,207.55,208.36,89820000
2015-03-10,206.71,206.81,204.93,204.98,157120000
2015-03-11,205.29,205.5,204.4,204.5,110150000
2015-03-12,205.26,207.18,205.2,207.1,93990000
2015-03-13,206.77,207.93,204.58,205.83,162410000
2015-03-16,206.71,208.69,205.86,208.58,136100000
2015-03-17,207.69,208.42,206.98,207.96,94510000
2015-03-18,207.39,211.27,206.62,210.46,228810000
2015-03-19,209.96,210.47,209.03,209.5,117920000
2015-03-20,209.71,211.02,209.49,210.41,177720000
2015-03-23,210.42,211.11,210.0,210.0,71780000
2015-03-24,209.85,210.4,208.74,208.82,77810000
2015-03-25,209.07,209.35,205.71,205.76,159520000
2015-03-26,204.96,206.37,204.12,205.27,153070000
2015-03-27,205.13,205.95,204.9,205.74,118940000
2015-03-30,206.98,208.61,206.96,208.25,96180000
2015-03-31,207.26,208.1,206.36,206.43,126770000
2015-04-01,206.39,206.42,204.51,205.7,137300000
2015-04-02,205.62,206.98,205.4,206.44,86900000
2015-04-06,205.37,208.45,205.21,207.83,114370000
2015-04-07,207.85,208.76,207.24,207.28,81240000
2015-04-08,207.55,208.51,207.08,207.97,89350000
2015-04-09,207.78,209.18,207.19,208.9,85550000
2015-04-10,209.2,210.09,208.96,210.04,72720000
2015-04-13,209.87,210.63,209.03,209.09,74440000
2015-04-14,208.85,209.71,208.1,209.49,75100000
2015-04-15,210.05,211.04,209.95,210.43,99530000
2015-04-16,210.03,210.98,209.79,210.37,68930000
2015-04-17,208.94,209.23,207.01,207.95,191110000
2015-04-20,209.06,210.25,208.96,209.85,92190000
2015-04-21,210.67,210.86,209.24,209.6,72560000
2015-04-22,210.01,210.85,208.9,210.63,78260000
2015-04-23,210.15,211.94,210.01,211.16,102590000
2015-04-24,211.66,211.97,211.11,211.65,61330000
2015-04-27,212.33,212.48,210.54,210.77,79360000
2015-04-28,210.74,211.5,209.33,211.44,86860000
2015-04-29,210.37,211.29,209.6,210.57,125680000
2015-04-30,209.88,210.35,207.62,208.46,161300000
2015-05-01,209.4,210.77,209.28,210.72,103400000
2015-05-04,211.23,212.02,211.1,211.32,70930000
2015-05-05,211.03,211.46,208.73,208.9,113330000
2015-05-06,209.56,209.93,206.76,208.04,135060000
2015-05-07,207.92,209.38,207.52,208.87,88240000
2015-05-08,210.88,211.86,210.78,211.62,155880000
2015-05-11,211.57,211.89,210.52,210.6,75710000
2015-05-12,209.61,210.63,208.62,209.98,119730000
2015-05-13,210.47,211.22,209.74,210.02,94670000
2015-05-14,211.24,212.32,210.91,212.21,95930000
2015-05-15,212.44,212.61,211.86,212.44,76510000
2015-05-18,212.24,213.4,212.16,213.1,74550000
2015-05-19,213.24,213.57,212.69,213.03,72110000
2015-05-20,213.15,213.78,212.5,212.88,76860000
2015-05-21,212.71,213.75,212.51,213.5,64760000
2015-05-22,213.04,213.54,212.91,212.99,57430000
2015-05-26,212.4,212.91,210.2,210.7,124310000
2015-05-27,211.25,212.98,210.76,212.7,93210000
2015-05-28,212.33,212.59,211.63,212.46,74970000
2015-05-29,212.38,212.43,210.82,211.14,124920000
2015-06-01,211.94,212.34,210.62,211.57,93340000
2015-06-02,211.02,212.19,210.27,211.36,91530000
2015-06-03,212.0,212.67,211.33,211.92,87820000
2015-06-04,211.07,211.86,209.75,210.13,151880000
2015-06-05,209.95,210.58,208.98,209.77,121700000
2015-06-08,209.64,209.82,208.39,208.48,89060000
2015-06-09,208.45,209.1,207.69,208.45,105030000
2015-06-10,209.37,211.41,209.3,210.95,134550000
2015-06-11,211.48,212.09,211.2,211.63,73880000
2015-06-12,210.64,211.48,209.68,210.01,135380000
2015-06-15,208.64,209.45,207.79,209.11,124380000
2015-06-16,208.93,210.35,208.72,210.25,85310000
2015-06-17,210.59,211.32,209.36,210.59,126710000
2015-06-18,211.31,213.34,210.63,212.78,165870000
2015-06-19,211.46,211.55,210.36,210.81,130480000
2015-06-22,211.91,212.59,211.64,211.89,70700000
2015-06-23,212.14,212.44,211.57,212.04,68480000
2015-06-24,211.72,212.17,210.47,210.5,92310000
2015-06-25,211.1,211.25,209.77,209.86,97110000
2015-06-26,210.29,210.58,209.16,209.82,104170000
2015-06-29,208.04,209.83,205.33,205.42,202620000
2015-06-30,207.26,207.32,205.28,205.85,182930000
2015-07-01,207.73,208.03,206.56,207.5,135980000
2015-07-02,208.07,208.27,206.81,207.31,104370000
2015-07-06,205.77,207.65,205.53,206.72,117980000
2015-07-07,206.96,208.17,204.11,208.02,173820000
2015-07-08,206.42,206.76,204.25,204.53,164020000
2015-07-09,207.04,207.35,204.77,204.9,144110000
2015-07-10,207.29,207.98,204.95,207.48,129460000
2015-07-13,208.99,209.9,208.94,209.77,106070000
2015-07-14,209.72,211.05,209.65,210.68,81710000
2015-07-15,210.73,211.28,210.04,210.61,97910000
2015-07-16,211.87,212.3,211.58,212.3,106680000
2015-07-17,212.29,212.55,211.8,212.48,89030000
2015-07-20,212.75,213.18,212.21,212.59,70450000
2015-07-21,212.43,212.74,211.39,211.75,77970000
2015-07-22,210.93,211.77,210.89,211.37,88670000
2015-07-23,211.53,211.65,209.75,210.18,90510000
2015-07-24,210.3,210.37,207.6,208.0,117750000
2015-07-27,206.94,207.55,206.26,206.79,132360000
2015-07-28,207.79,209.5,206.8,209.33,123540000
2015-07-29,209.48,211.04,209.31,210.77,105790000
2015-07-30,210.16,211.02,209.42,210.82,91300000
2015-07-31,211.42,211.45,210.16,210.5,103270000
2015-08-03,210.46,210.53,208.65,209.79,113970000
2015-08-04,209.7,210.25,208.8,209.38,81820000
2015-08-05,210.45,211.31,209.73,210.07,85790000
2015-08-06,210.29,210.41,207.65,208.35,116030000
2015-08-07,208.16,208.34,206.87,207.95,117860000
2015-08-10,209.28,210.67,209.28,210.57,80270000
2015-08-11,208.97,209.47,207.76,208.67,126080000
2015-08-12,207.11,209.14,205.36,208.92,172120000
2015-08-13,208.73,209.55,208.01,208.66,89380000
2015-08-14,208.43,209.51,208.26,209.42,72790000
2015-08-17,208.71,210.59,208.16,210.59,79070000
2015-08-18,210.26,210.68,209.7,209.98,71690000
2015-08-19,209.09,210.01,207.35,208.32,172950000
2015-08-20,206.51,208.29,203.9,203.97,194330000
2015-08-21,201.73,203.94,197.52,197.83,346590000
2015-08-24,187.49,197.48,182.4,189.5,507240000
2015-08-25,195.43,195.45,186.92,187.27,369830000
2015-08-26,192.08,194.79,188.37,194.46,339260000
2015-08-27,197.02,199.42,195.21,199.27,274140000
2015-08-28,198.5,199.84,197.92,199.28,160410000
2015-08-31,198.11,199.12,197.01,197.67,163300000
2015-09-01,193.12,194.77,190.73,191.77,256000000
2015-09-02,194.62,195.46,192.42,195.41,160270000
2015-09-03,196.26,198.05,194.96,195.55,152090000
2015-09-04,192.85,193.86,191.61,192.59,207080000
2015-09-08,195.94,197.61,195.17,197.43,116030000
2015-09-09,199.32,199.47,194.35,194.79,149350000
2015-09-10,194.56,197.22,194.25,195.85,158610000
2015-09-11,195.38,196.82,194.53,196.74,119690000
2015-09-14,196.95,197.01,195.43,196.01,79450000
2015-09-15,196.61,198.99,195.96,198.46,113810000
2015-09-16,198.82,200.41,198.41,200.18,99580000
2015-09-17,200.02,202.89,199.28,199.73,276050000
2015-09-18,195.71,198.68,194.96,195.45,223660000
2015-09-21,196.44,197.68,195.21,196.46,105730000
2015-09-22,193.88,194.46,192.56,193.91,153890000
2015-09-23,194.11,194.67,192.91,193.6,92790000
2015-09-24,192.15,193.45,190.56,192.9,159380000
2015-09-25,194.64,195.0,191.81,192.85,155050000
2015-09-28,191.78,191.91,187.64,188.01,178520000
2015-09-29,188.27,189.74,186.93,188.12,159050000
2015-09-30,190.37,191.82,189.44,191.63,163450000
2015-10-01,192.08,192.49,189.82,192.13,131080000
2015-10-02,189.77,195.03,189.12,195.0,211000000
2015-10-05,196.46,198.74,196.33,198.47,126320000
2015-10-06,198.31,198.98,197.0,197.79,110270000
2015-10-07,198.9,199.82,197.48,199.41,124310000
2015-10-08,198.95,201.55,198.59,201.21,153060000
2015-10-09,201.38,201.9,200.58,201.33,107070000
2015-10-12,201.42,201.76,200.91,201.52,56400000
2015-10-13,200.65,202.16,200.05,200.25,88040000
2015-10-14,200.18,200.87,198.94,199.29,99110000
2015-10-15,200.08,202.36,199.64,202.35,134140000
2015-10-16,202.83,203.29,201.92,203.27,114580000
2015-10-19,202.5,203.37,202.13,203.37,76520000
2015-10-20,202.85,203.84,202.55,203.11,78450000
2015-10-21,203.61,203.79,201.65,201.85,102040000
2015-10-22,202.98,205.51,201.85,205.26,174910000
2015-10-23,207.25,207.95,206.3,207.51,144440000
2015-10-26,207.3,207.37,206.56,207.0,69030000
2015-10-27,206.2,207.0,205.79,206.6,77910000
2015-10-28,207.0,208.98,206.21,208.95,135910000
2015-10-29,208.35,209.27,208.21,208.83,90530000
2015-10-30,209.06,209.44,207.74,207.93,131080000
2015-11-02,208.32,210.62,208.17,210.39,86270000
2015-11-03,209.97,211.66,209.7,211.0,95250000
2015-11-04,211.35,211.5,209.72,210.36,96220000
2015-11-05,210.43,210.98,209.09,210.15,78410000
2015-11-06,209.74,210.32,208.46,210.04,110470000
2015-11-09,209.31,209.49,206.95,208.08,131010000
2015-11-10,207.51,208.6,207.19,208.56,75870000
2015-11-11,208.88,208.94,207.66,207.74,67850000
2015-11-12,206.5,207.06,204.82,204.84,121320000
2015-11-13,204.35,204.67,202.44,202.54,153580000
2015-11-16,202.32,205.69,202.18,205.62,117650000
2015-11-17,205.99,207.04,204.88,205.47,121120000
2015-11-18,206.04,208.9,205.99,208.73,121340000
2015-11-19,208.59,209.05,208.2,208.55,88220000
2015-11-20,209.45,210.12,208.86,209.31,94010000
2015-11-23,209.38,209.98,208.52,209.07,64930000
2015-11-24,207.87,209.83,207.41,209.35,98870000
2015-11-25,209.5,209.74,209.01,209.32,51980000
2015-11-27,209.43,209.8,208.86,209.56,37320000
2015-11-30,209.75,209.89,208.56,208.69,112820000
2015-12-01,209.44,210.82,209.11,210.68,97860000
2015-12-02,210.62,211.0,208.23,208.53,108440000
2015-12-03,208.83,209.15,204.75,205.61,166220000
2015-12-04,206.08,209.97,205.93,209.62,192910000
2015-12-07,209.23,209.73,207.2,208.35,102030000
2015-12-08,206.49,208.29,205.78,206.95,103370000
2015-12-09,206.19,208.68,204.18,205.34,162400000
2015-12-10,205.42,207.43,205.14,205.87,116130000
2015-12-11,203.35,204.14,201.51,201.88,211170000
2015-12-14,202.07,203.05,199.95,202.9,182390000
2015-12-15,204.7,206.11,202.87,205.03,154070000
2015-12-16,206.37,208.39,204.8,208.03,197020000
2015-12-17,208.4,208.48,204.84,204.86,173090000
2015-12-18,202.77,202.93,199.83,200.02,251390000
2015-12-21,201.41,201.88,200.09,201.67,99090000
2015-12-22,202.72,203.85,201.55,203.5,111030000
2015-12-23,204.69,206.07,204.58,206.02,110990000
2015-12-24,205.72,206.33,205.42,205.68,48540000
2015-12-28,204.86,205.26,203.94,205.21,65900000
2015-12-29,206.51,207.79,206.47,207.4,92640000
2015-12-30,207.11,207.21,205.76,205.93,63320000
2015-12-31,205.13,205.89,203.87,203.87,114880000
2016-01-04,200.49,201.03,198.59,201.02,222350000
2016-01-05,201.4,201.9,200.05,201.36,110850000
2016-01-06,198.34,200.06,197.6,198.82,152110000
2016-01-07,195.33,197.44,193.59,194.05,213440000
2016-01-08,195.19,195.85,191.58,191.92,209820000
2016-01-11,193.01,193.41,189.82,192.11,187940000
2016-01-12,193.82,194.55,191.14,193.66,172330000
2016-01-13,194.45,194.86,188.38,188.83,221170000
2016-01-14,189.55,193.26,187.66,191.93,240800000
2016-01-15,186.77,188.76,185.52,187.81,324850000
2016-01-19,189.96,190.11,186.2,188.06,195240000
2016-01-20,185.03,187.5,181.02,185.65,286550000
2016-01-21,186.21,188.87,184.64,186.69,195770000
2016-01-22,189.78,190.76,188.88,190.52,168320000
2016-01-25,189.92,190.15,187.41,187.64,130370000
2016-01-26,188.42,190.53,188.02,190.2,141040000
2016-01-27,189.58,191.56,187.06,188.13,185680000
2016-01-28,189.96,190.2,187.16,189.11,143800000
2016-01-29,190.02,193.88,189.88,193.72,210530000
2016-02-01,192.53,194.58,191.84,193.65,136060000
2016-02-02,191.96,191.97,189.54,190.16,182560000
2016-02-03,191.41,191.78,187.1,191.3,205050000
2016-02-04,190.71,192.75,189.96,191.6,139530000
2016-02-05,190.99,191.67,187.2,187.95,180790000
2016-02-08,185.77,186.12,182.8,185.42,191530000
2016-02-09,183.36,186.94,183.2,185.43,184510000
2016-02-10,186.41,188.34,185.12,185.27,148210000
2016-02-11,182.34,184.1,181.09,182.86,219060000
2016-02-12,184.96,186.65,183.96,186.63,127630000
2016-02-16,188.77,189.81,187.63,189.78,120250000
2016-02-17,191.16,193.32,191.01,192.88,136010000
2016-02-18,193.2,193.27,191.72,192.09,102340000
2016-02-19,191.17,192.18,190.45,192.0,114790000
2016-02-22,193.87,194.95,193.79,194.78,103640000
2016-02-23,194.0,194.32,192.18,192.32,111460000
2016-02-24,190.63,193.53,189.32,193.2,150810000
2016-02-25,193.73,195.55,192.83,195.54,110730000
2016-02-26,196.57,196.68,194.9,195.09,129830000
2016-02-29,195.11,196.23,193.33,193.56,125920000
2016-03-01,195.01,198.21,194.45,198.11,141800000
2016-03-02,197.74,199.06,197.25,199.0,102410000
2016-03-03,198.79,199.79,198.11,199.78,95170000
2016-03-04,200.01,201.35,199.03,200.43,129290000
2016-03-07,199.34,201.07,199.25,200.59,100220000
2016-03-08,199.32,199.92,198.21,198.4,123970000
2016-03-09,199.36,199.79,198.43,199.38,94800000
2016-03-10,199.96,201.07,197.38,199.54,156840000
2016-03-11,201.26,202.81,199.52,202.76,137960000
2016-03-14,202.16,203.04,201.77,202.5,73610000
2016-03-15,201.36,202.53,201.05,202.17,93170000
2016-03-16,201.6,203.82,201.55,203.34,129300000
2016-03-17,203.24,205.23,202.77,204.63,134280000
2016-03-18,204.17,204.78,203.8,204.38,138370000
2016-03-21,204.07,204.94,203.8,204.67,72930000
2016-03-22,203.76,205.23,203.57,204.56,97470000
2016-03-23,204.11,204.33,203.01,203.21,81050000
2016-03-24,202.0,203.16,201.74,203.12,84360000
2016-03-28,203.61,203.86,202.71,203.24,62410000
2016-03-29,202.76,205.25,202.4,205.12,92920000
2016-03-30,206.3,206.87,205.59,206.02,86370000
2016-03-31,205.91,206.41,205.33,205.52,94580000
2016-04-01,204.35,207.14,203.98,206.92,114420000
2016-04-04,206.83,207.07,205.89,206.25,63500000
2016-04-05,204.67,206.26,203.89,204.19,99660000
2016-04-06,204.29,206.49,203.98,206.42,91840000
2016-04-07,205.14,205.56,203.09,203.95,113860000
2016-04-08,205.34,205.85,203.87,204.5,95040000
2016-04-11,205.25,206.07,203.91,204.02,83760000
2016-04-12,204.22,206.25,203.7,205.92,115350000
2016-04-13,207.0,208.1,206.84,208.0,96340000
2016-04-14,208.07,208.6,207.6,208.01,65210000
2016-04-15,208.01,208.17,207.4,207.78,75760000
2016-04-18,207.14,209.28,207.0,209.24,82530000
2016-04-19,209.74,210.2,208.94,209.9,88320000
2016-04-20,209.95,210.92,209.39,210.1,81100000
2016-04-21,210.12,210.25,208.65,208.97,85700000
2016-04-22,208.55,209.29,207.91,208.97,99250000
2016-04-25,208.26,208.66,207.54,208.61,66170000
2016-04-26,209.04,209.52,208.36,208.92,75860000
2016-04-27,208.47,209.81,208.05,209.35,77330000
2016-04-28,208.46,209.76,206.96,207.45,97220000
2016-04-29,206.72,207.13,205.03,206.33,142420000
2016-05-02,206.92,208.18,206.41,207.97,62190000
2016-05-03,206.52,206.8,205.28,206.16,106420000
2016-05-04,204.99,205.85,204.42,205.01,92240000
2016-05-05,205.56,205.98,204.47,204.97,67620000
2016-05-06,204.06,205.77,203.88,205.72,89320000
2016-05-09,205.57,206.4,205.36,205.89,74370000
2016-05-10,206.72,208.5,206.64,208.45,77470000
2016-05-11,207.91,208.54,206.5,206.5,81730000
2016-05-12,207.29,207.49,205.37,206.56,89590000
2016-05-13,206.21,206.86,204.38,204.76,96470000
2016-05-16,204.96,207.34,204.89,206.78,77490000
2016-05-17,206.46,206.8,204.23,204.85,114920000
2016-05-18,204.44,206.3,203.63,204.91,123490000
2016-05-19,204.06,204.54,202.78,204.2,115430000
2016-05-20,204.92,206.1,204.86,205.49,104990000
2016-05-23,205.51,205.84,204.99,205.21,58680000
2016-05-24,206.17,208.24,206.14,207.87,93540000
2016-05-25,208.67,209.77,207.87,209.28,79220000
2016-05-26,209.44,209.71,208.97,209.34,55280000
2016-05-27,209.53,210.25,209.47,210.24,64210000
2016-05-31,210.56,210.69,209.18,209.84,109880000
2016-06-01,209.12,210.48,208.89,210.27,69940000
2016-06-02,209.8,210.93,209.24,210.91,63040000
2016-06-03,210.25,210.69,208.86,210.28,101760000
2016-06-06,210.7,211.77,210.51,211.35,64890000
2016-06-07,211.53,212.34,211.5,211.68,60970000
2016-06-08,211.84,212.52,211.69,212.37,66170000
2016-06-09,211.51,212.22,211.19,212.08,73790000
2016-06-10,210.46,210.86,209.43,210.07,113830000
2016-06-13,209.36,210.37,208.35,208.45,117750000
2016-06-14,208.0,208.74,206.92,208.04,125060000
2016-06-15,208.54,209.36,207.53,207.75,109120000
2016-06-16,206.73,208.57,205.59,208.37,149530000
2016-06-17,207.17,207.2,205.75,206.52,117060000
2016-06-20,208.82,209.61,207.75,207.85,82790000
2016-06-21,208.3,208.92,207.78,208.44,72460000
2016-06-22,208.65,209.5,207.93,208.1,95560000
2016-06-23,209.81,210.87,209.27,210.81,102730000
2016-06-24,203.63,210.85,202.72,203.13,333440000
2016-06-27,201.59,201.6,198.65,199.6,248990000
2016-06-28,201.48,203.23,201.12,203.2,159380000
2016-06-29,204.84,206.93,204.72,206.66,137330000
2016-06-30,207.21,209.54,206.56,209.47,165020000
2016-07-01,209.36,210.49,209.29,209.92,106060000
2016-07-05,208.95,209.08,207.71,208.41,109800000
2016-07-06,207.83,209.8,207.06,209.66,96020000
2016-07-07,209.87,210.65,208.63,209.53,85590000
2016-07-08,211.05,212.94,210.78,212.65,133970000
2016-07-11,213.19,214.07,212.95,213.4,73630000
2016-07-12,214.53,215.3,213.43,214.95,101280000
2016-07-13,215.44,215.45,214.35,214.92,87320000
2016-07-14,216.4,216.67,215.66,216.12,91230000
2016-07-15,216.78,217.01,215.31,215.83,107160000
2016-07-18,215.97,216.6,215.67,216.41,58730000
2016-07-19,215.92,216.23,215.63,216.19,54350000
2016-07-20,216.75,217.37,216.24,217.09,58160000
2016-07-21,216.96,217.22,215.75,216.26,67780000
2016-07-22,216.41,217.3,216.1,217.24,62790000
2016-07-25,217.0,217.06,215.97,216.65,55870000
2016-07-26,216.53,217.17,215.76,216.75,70080000
2016-07-27,217.19,217.27,215.62,216.52,84080000
2016-07-28,216.29,217.11,215.75,216.77,65040000
2016-07-29,216.46,217.54,216.13,217.12,79520000
2016-08-01,217.19,217.65,216.41,216.94,73310000
2016-08-02,216.65,216.83,214.57,215.55,92300000
2016-08-03,215.48,216.25,215.13,216.18,53990000
2016-08-04,216.31,216.78,214.25,216.41,46590000
2016-08-05,217.21,218.23,217.07,218.18,71890000
2016-08-08,218.4,218.52,217.74,218.05,39910000
2016-08-09,218.13,218.76,217.8,218.18,51250000
2016-08-10,218.31,218.4,217.23,217.64,57940000
2016-08-11,218.26,218.94,217.95,218.65,72500000
2016-08-12,218.29,218.71,217.99,218.46,61310000
2016-08-15,218.89,219.5,218.88,219.09,49810000
2016-08-16,218.6,218.68,217.96,217.96,53210000
2016-08-17,218.0,218.53,217.02,218.37,75130000
2016-08-18,218.34,218.9,218.21,218.86,52990000
2016-08-19,218.31,218.75,217.74,218.54,75440000
2016-08-22,218.26,218.8,217.83,218.53,61370000
2016-08-23,219.25,219.6,218.9,218.97,53400000
2016-08-24,218.8,218.91,217.36,217.85,71730000
2016-08-25,217.4,218.19,217.22,217.7,69220000
2016-08-26,217.92,219.12,216.25,217.29,122510000
2016-08-29,217.44,218.66,217.4,218.36,70500000
2016-08-30,218.26,218.59,217.35,218.0,58110000
2016-08-31,217.61,217.75,216.47,217.38,85270000
2016-09-01,217.37,217.73,216.03,217.39,97840000
2016-09-02,218.39,218.87,217.7,218.37,79290000
2016-09-06,218.7,219.12,217.86,219.03,56700000
2016-09-07,218.84,219.22,218.3,219.01,76550000
2016-09-08,218.62,218.94,218.15,218.51,74100000
2016-09-09,216.97,217.03,213.25,213.28,221590000
2016-09-12,212.39,216.81,212.31,216.34,168110000
2016-09-13,214.84,215.15,212.5,213.23,182830000
2016-09-14,213.29,214.7,212.5,213.15,134190000
2016-09-15,212.96,215.73,212.75,215.28,145740000
2016-09-16,213.48,213.69,212.57,213.37,155240000
2016-09-19,214.13,214.88,213.03,213.41,80250000
2016-09-20,214.41,214.59,213.38,213.42,69670000
2016-09-21,214.24,216.03,213.44,215.82,110280000
2016-09-22,217.0,217.53,216.71,217.18,76680000
2016-09-23,216.72,216.88,215.88,215.99,73630000
2016-09-26,215.02,215.23,214.01,214.24,89830000
2016-09-27,214.05,215.68,213.62,215.57,78490000
2016-09-28,215.83,216.82,214.71,216.64,87410000
2016-09-29,216.4,216.87,214.04,214.68,128070000
2016-09-30,215.65,217.12,215.36,216.3,117200000
2016-10-03,215.82,216.04,215.04,215.78,83510000
2016-10-04,215.91,216.17,213.99,214.68,119950000
2016-10-05,215.41,216.13,215.33,215.63,72820000
2016-10-06,215.37,216.04,214.74,215.78,62930000
2016-10-07,216.1,216.3,214.19,215.04,89790000
2016-10-10,216.16,216.7,215.99,216.16,51860000
2016-10-11,215.66,215.74,212.58,213.43,130370000
2016-10-12,213.59,214.32,213.01,213.71,73870000
2016-10-13,212.16,213.59,211.21,213.01,101360000
2016-10-14,214.15,214.69,213.03,213.12,93350000
2016-10-17,213.09,213.39,212.17,212.38,58280000
2016-10-18,214.24,214.31,213.27,213.71,76870000
2016-10-19,214.02,214.64,213.6,214.28,66520000
2016-10-20,213.87,214.53,213.11,213.88,73640000
2016-10-21,212.96,214.08,212.76,213.98,89090000
2016-10-24,215.0,215.32,214.48,214.89,60150000
2016-10-25,214.68,214.98,213.98,214.17,66540000
2016-10-26,213.21,214.42,212.93,213.74,75710000
2016-10-27,214.58,214.62,213.08,213.17,77220000
2016-10-28,213.14,213.93,211.71,212.54,140620000
2016-10-31,212.93,213.19,212.36,212.55,61270000
2016-11-01,212.93,212.99,209.6,211.01,122780000
2016-11-02,210.65,211.1,209.23,209.74,103330000
2016-11-03,209.99,210.24,208.46,208.78,88940000
2016-11-04,208.91,209.89,208.38,208.55,109120000
2016-11-07,211.45,213.19,211.3,213.15,109790000
2016-11-08,212.69,214.77,212.38,214.11,106770000
2016-11-09,212.37,217.1,212.34,216.38,258430000
2016-11-10,217.3,218.31,215.22,216.92,172110000
2016-11-11,216.08,216.7,215.32,216.42,100550000
2016-11-14,217.03,217.27,215.72,216.59,94580000
2016-11-15,217.04,218.28,216.8,218.28,91650000
2016-11-16,217.56,218.14,217.42,217.87,65620000
2016-11-17,218.05,219.06,217.92,218.99,69800000
2016-11-18,219.07,219.27,218.29,218.5,86270000
2016-11-21,219.17,220.18,219.0,220.15,72400000
2016-11-22,220.51,220.79,219.73,220.58,67430000
2016-11-23,219.98,220.76,219.75,220.7,56620000
2016-11-25,221.1,221.56,221.01,221.52,37870000
2016-11-28,221.16,221.48,220.36,220.48,76570000
2016-11-29,220.52,221.44,220.17,220.91,69890000
2016-11-30,221.63,221.82,220.31,220.38,113290000
2016-12-01,220.73,220.73,219.15,219.57,79040000
2016-12-02,219.67,220.25,219.26,219.68,74840000
2016-12-05,220.65,221.4,220.42,221.0,67840000
2016-12-06,221.22,221.74,220.66,221.7,59880000
2016-12-07,221.52,224.67,221.38,224.6,110740000
2016-12-08,224.57,225.7,224.26,225.15,99710000
2016-12-09,225.41,226.53,225.37,226.51,88010000
2016-12-12,226.4,226.96,225.76,226.25,102020000
2016-12-13,227.02,228.34,227.0,227.76,110480000
2016-12-14,227.41,228.23,225.37,225.88,142500000
2016-12-15,226.16,227.81,225.89,226.81,124970000
2016-12-16,226.01,226.08,224.67,225.04,156420000
2016-12-19,225.25,226.02,225.08,225.53,90340000
2016-12-20,226.15,226.57,225.88,226.4,89840000
2016-12-21,226.25,226.45,225.77,225.77,67910000
2016-12-22,225.6,225.74,224.92,225.38,56220000
2016-12-23,225.43,225.72,225.21,225.71,36700000
2016-12-27,226.02,226.73,226.0,226.27,42670000
2016-12-28,226.57,226.59,224.27,224.4,64100000
2016-12-29,224.48,224.89,223.84,224.35,48700000
2016-12-30,224.73,224.83,222.73,223.53,109000000
2017-01-03,225.04,225.83,223.88,225.24,91370000
2017-01-04,225.62,226.75,225.61,226.58,78740000
2017-01-05,226.27,226.58,225.48,226.4,78380000
2017-01-06,226.53,227.75,225.9,227.21,71560000
2017-01-09,226.91,227.07,226.42,226.46,46940000
2017-01-10,226.48,227.45,226.01,226.46,63770000
2017-01-11,226.36,227.1,225.59,227.1,74650000
2017-01-12,226.5,226.75,224.96,226.53,72110000
2017-01-13,226.73,227.4,226.69,227.05,62720000
2017-01-17,226.31,226.78,225.8,226.25,61240000
2017-01-18,226.53,226.8,225.9,226.75,54790000
2017-01-19,226.84,227.0,225.41,225.91,66610000
2017-01-20,226.7,227.31,225.97,226.74,129170000
2017-01-23,226.35,226.81,225.27,226.15,75060000
2017-01-24,226.4,228.08,226.27,227.6,95560000
2017-01-25,228.7,229.57,228.51,229.57,84440000
2017-01-26,229.4,229.71,229.01,229.33,59970000
2017-01-27,229.42,229.59,228.76,228.97,59710000
2017-01-30,228.17,228.2,226.41,227.55,79740000
2017-01-31,226.98,227.6,226.32,227.53,75880000
2017-02-01,228.25,228.59,226.94,227.62,79120000
2017-02-02,227.2,228.1,226.82,227.77,69660000
2017-02-03,228.82,229.55,228.46,229.34,80560000
2017-02-06,228.87,229.33,228.54,228.93,57790000
2017-02-07,229.38,229.66,228.72,228.94,57930000
2017-02-08,228.61,229.39,228.31,229.24,51570000
2017-02-09,229.56,230.95,229.52,230.6,65960000
2017-02-10,231.0,231.77,230.62,231.51,66020000
2017-02-13,232.08,233.07,232.05,232.77,55180000
2017-02-14,232.56,233.71,232.16,233.7,71110000
2017-02-15,233.45,235.14,233.39,234.92,86790000
2017-02-16,234.96,235.16,233.85,234.72,84720000
2017-02-17,233.95,235.09,233.93,235.09,77200000
2017-02-21,235.52,236.69,235.51,236.49,88950000
2017-02-22,236.02,236.54,235.83,236.28,62120000
2017-02-23,236.88,236.9,235.56,236.44,74620000
2017-02-24,235.46,236.79,235.41,236.74,82380000
2017-02-27,236.64,237.31,236.35,237.11,56520000
2017-02-28,236.67,236.95,236.01,236.47,96960000
2017-03-01,238.39,240.32,238.37,239.78,149160000
2017-03-02,239.56,239.57,238.21,238.27,70250000
2017-03-03,238.17,238.61,237.73,238.42,81970000
2017-03-06,237.5,238.12,237.01,237.71,55390000
2017-03-07,237.36,237.77,236.76,237.0,65100000
2017-03-08,237.34,237.64,236.4,236.56,78170000
2017-03-09,236.7,237.24,235.74,236.86,90680000
2017-03-10,237.97,238.02,236.59,237.69,81990000
2017-03-13,237.62,237.86,237.24,237.81,57260000
2017-03-14,237.18,237.24,236.19,236.9,59880000
2017-03-15,237.56,239.44,237.29,238.95,96080000
2017-03-16,239.11,239.2,238.1,238.48,78340000
2017-03-17,237.75,237.97,237.03,237.03,89000000
2017-03-20,237.03,237.36,236.32,236.77,52540000
2017-03-21,237.47,237.61,233.58,233.73,131810000
2017-03-22,233.77,234.61,233.05,234.28,97570000
2017-03-23,234.0,235.34,233.6,234.03,100410000
2017-03-24,234.38,235.04,232.96,233.86,112500000
2017-03-27,231.93,233.92,231.61,233.62,87450000
2017-03-28,233.27,235.81,233.14,235.32,93480000
2017-03-29,234.99,235.81,234.72,235.54,61950000
2017-03-30,235.47,236.52,235.27,236.29,56740000
2017-03-31,235.9,236.51,235.68,235.74,73730000
2017-04-03,235.8,236.03,233.91,235.33,85550000
2017-04-04,235.0,235.58,234.56,235.48,56470000
2017-04-05,236.26,237.39,234.54,234.78,108800000
2017-04-06,234.94,236.04,234.43,235.44,69140000
2017-04-07,235.15,236.0,234.64,235.2,74410000
2017-04-10,235.36,236.25,234.73,235.34,67620000
2017-04-11,234.9,235.18,233.34,235.06,88050000
2017-04-12,234.74,234.96,233.77,234.03,81860000
2017-04-13,233.64,234.49,232.51,232.51,92880000
2017-04-17,233.11,234.57,232.88,234.57,68410000
2017-04-18,233.72,234.49,233.08,233.87,83230000
2017-04-19,234.52,234.95,233.18,233.44,68700000
2017-04-20,234.15,235.84,233.78,235.34,92570000
2017-04-21,235.25,235.31,234.13,234.59,110390000
2017-04-24,237.18,237.41,234.56,237.17,119210000
2017-04-25,237.91,238.95,237.81,238.55,76700000
2017-04-26,238.51,239.53,238.35,238.4,84700000
2017-04-27,238.77,238.95,237.98,238.6,57410000
2017-04-28,238.9,238.93,237.93,238.08,63530000
2017-05-01,238.68,239.17,238.19,238.68,66880000
2017-05-02,238.84,238.98,238.3,238.77,57380000
2017-05-03,238.29,238.88,237.7,238.48,73140000
2017-05-04,238.83,238.92,237.78,238.76,61460000
2017-05-05,239.19,239.72,238.68,239.7,62000000
2017-05-08,239.75,239.92,239.17,239.66,48390000
2017-05-09,239.96,240.19,239.04,239.44,51360000
2017-05-10,239.39,239.87,239.15,239.87,54290000
2017-05-11,239.35,239.57,238.13,239.38,62360000
2017-05-12,239.09,239.43,238.67,238.98,53910000
2017-05-15,239.47,240.44,239.45,240.3,61920000
2017-05-16,240.64,240.67,239.63,240.08,51240000
2017-05-17,238.1,238.64,235.75,235.82,172170000
2017-05-18,235.73,237.75,235.43,236.77,107050000
2017-05-19,237.33,239.08,237.27,238.31,115010000
2017-05-22,238.9,239.71,238.82,239.52,61010000
2017-05-23,239.95,240.24,239.51,240.05,48340000
2017-05-24,240.32,240.73,239.93,240.61,49180000
2017-05-25,241.2,242.08,240.96,241.76,64070000
2017-05-26,241.54,241.9,241.45,241.71,46630000
2017-05-30,241.34,241.79,241.16,241.5,35200000
2017-05-31,241.84,241.88,240.64,241.44,91800000
2017-06-01,241.97,243.38,241.64,243.36,68960000
2017-06-02,243.42,244.35,243.08,244.17,88670000
2017-06-05,243.97,244.3,243.76,243.99,44700000
2017-06-06,243.34,243.98,243.12,243.21,50380000
2017-06-07,243.6,243.92,242.83,243.66,54140000
2017-06-08,243.77,244.33,243.17,243.78,65950000
2017-06-09,244.09,245.01,241.95,243.41,132260000
2017-06-12,243.13,243.42,242.38,243.36,86110000
2017-06-13,243.98,244.61,243.58,244.55,60070000
2017-06-14,244.86,244.87,243.29,244.24,78600000
2017-06-15,242.68,243.91,242.36,243.77,66460000
2017-06-16,242.77,242.83,241.63,242.64,84550000
2017-06-19,243.59,244.73,243.48,244.66,65120000
2017-06-20,244.25,244.26,242.99,243.01,56910000
2017-06-21,243.42,243.59,242.41,242.95,55980000
2017-06-22,242.96,243.53,242.64,242.84,44150000
2017-06-23,242.91,243.51,242.47,243.13,66990000
2017-06-26,243.9,244.38,243.04,243.29,56700000
2017-06-27,243.04,243.38,241.31,241.33,82250000
2017-06-28,242.5,243.72,242.23,243.49,70040000
2017-06-29,243.66,243.72,239.96,241.35,106950000
2017-06-30,242.28,242.71,241.57,241.8,86820000
2017-07-03,242.88,243.38,242.21,242.21,39150000
2017-07-05,242.63,243.01,241.7,242.77,54430000
2017-07-06,241.89,242.03,240.34,240.55,66120000
2017-07-07,241.21,242.28,240.56,242.11,57970000
2017-07-10,241.95,242.8,241.76,242.37,36660000
2017-07-11,242.16,242.55,240.85,242.19,50350000
2017-07-12,243.3,244.2,243.3,244.01,59610000
2017-07-13,244.02,244.55,243.76,244.42,39470000
2017-07-14,244.43,245.97,244.31,245.56,60260000
2017-07-17,245.47,245.91,245.33,245.53,33530000
2017-07-18,245.06,245.72,244.67,245.66,42740000
2017-07-19,246.02,247.0,246.01,246.99,51030000
2017-07-20,247.28,247.42,246.47,247.1,47140000
2017-07-21,246.44,246.91,246.18,246.88,88710000
2017-07-24,246.79,246.98,246.28,246.82,46620000
2017-07-25,247.68,247.8,247.16,247.42,54920000
2017-07-26,247.75,247.79,247.13,247.43,47580000
2017-07-27,247.96,248.0,245.68,247.2,70770000
2017-07-28,246.65,247.06,246.13,246.91,50090000
2017-07-31,247.37,247.48,246.53,246.77,65840000
2017-08-01,247.46,247.5,246.72,247.32,55050000
2017-08-02,247.47,247.6,246.37,247.44,47210000
2017-08-03,247.31,247.34,246.64,246.96,40860000
2017-08-04,247.52,247.79,246.97,247.41,60190000
2017-08-07,247.49,247.87,247.37,247.87,32000000
2017-08-08,247.51,248.91,246.83,247.26,61720000
2017-08-09,246.47,247.31,246.06,247.25,62630000
2017-08-10,246.29,246.44,243.7,243.76,120480000
2017-08-11,244.02,244.8,243.75,244.12,74870000
2017-08-14,245.59,246.79,245.55,246.54,73290000
2017-08-15,246.98,247.0,246.16,246.51,55240000
2017-08-16,247.11,247.57,246.45,246.94,56720000
2017-08-17,246.24,246.6,243.09,243.09,128490000
2017-08-18,242.9,244.19,242.2,242.71,136750000
2017-08-21,242.64,243.2,241.83,242.9,65470000
2017-08-22,243.57,245.62,243.55,245.44,63140000
2017-08-23,244.33,245.05,244.16,244.56,50200000
2017-08-24,245.0,245.18,243.75,243.99,50740000
2017-08-25,244.9,245.61,244.39,244.56,64450000
2017-08-28,245.17,245.2,244.09,244.57,40570000
2017-08-29,243.06,245.15,242.93,244.85,51140000
2017-08-30,244.83,246.32,244.62,246.01,62030000
2017-08-31,246.72,247.77,246.05,247.49,103800000
2017-09-01,247.92,248.33,247.67,247.84,62010000
2017-09-05,247.26,247.52,244.95,246.06,91400000
2017-09-06,246.84,247.28,246.23,246.9,57920000
2017-09-07,247.25,247.27,246.4,246.87,58030000
2017-09-08,246.54,247.11,246.3,246.58,63830000
2017-09-11,248.04,249.3,248.02,249.21,71360000
2017-09-12,249.63,250.09,249.42,250.05,56900000
2017-09-13,249.72,250.21,249.59,250.17,59230000
2017-09-14,249.8,250.32,249.6,250.09,95450000
2017-09-15,248.69,249.29,248.57,249.19,95430000
2017-09-18,249.61,250.12,249.28,249.72,46240000
2017-09-19,250.0,250.07,249.6,249.97,47110000
2017-09-20,250.07,250.19,248.92,250.06,59570000
2017-09-21,249.88,249.98,249.19,249.39,48210000
2017-09-22,249.05,249.63,249.02,249.44,51210000
2017-09-25,249.15,249.55,248.08,248.93,57060000
2017-09-26,249.42,249.7,248.81,249.08,54080000
2017-09-27,249.88,250.49,248.87,250.05,81000000
2017-09-28,249.73,250.44,249.63,250.35,44780000
2017-09-29,250.34,251.32,250.13,251.23,85580000
2017-10-02,251.49,252.32,251.29,252.32,59020000
2017-10-03,252.46,252.89,252.23,252.86,66810000
2017-10-04,252.69,253.44,252.56,253.16,55950000
2017-10-05,253.54,254.68,253.2,254.66,63520000
2017-10-06,254.15,254.7,253.85,254.37,80650000
2017-10-09,254.63,254.7,253.65,253.95,35800000
2017-10-10,254.6,255.05,253.98,254.62,43060000
2017-10-11,254.51,255.02,254.32,255.02,47670000
2017-10-12,254.66,255.06,254.37,254.64,47070000
2017-10-13,255.14,255.27,254.64,254.95,54800000
2017-10-16,255.21,255.51,254.82,255.29,38220000
2017-10-17,255.23,255.52,254.98,255.47,31560000
2017-10-18,255.9,255.95,255.5,255.72,40890000
2017-10-19,254.83,255.83,254.35,255.79,61900000
2017-10-20,256.7,257.14,255.77,257.11,89180000
2017-10-23,257.48,257.51,256.02,256.11,63920000
2017-10-24,256.6,256.83,256.15,256.56,66940000
2017-10-25,256.18,256.31,254.0,255.29,103720000
2017-10-26,255.99,256.3,255.48,255.62,69800000
2017-10-27,256.47,257.89,255.63,257.71,85560000
2017-10-30,257.07,257.6,256.41,256.75,54290000
2017-10-31,257.18,257.44,256.81,257.15,60300000
2017-11-01,258.04,258.43,257.07,257.49,54200000
2017-11-02,257.41,257.75,256.19,257.59,56450000
2017-11-03,257.77,258.5,257.3,258.45,59590000
2017-11-06,258.3,259.0,258.22,258.85,49650000
2017-11-07,258.97,259.35,258.09,258.67,57500000
2017-11-08,258.47,259.22,258.15,259.11,50470000
2017-11-09,257.73,258.39,256.36,258.17,95090000
2017-11-10,257.73,258.29,257.37,258.09,59980000
2017-11-13,257.31,258.59,257.27,258.33,50230000
2017-11-14,257.41,257.85,256.52,257.73,61320000
2017-11-15,256.62,257.22,255.63,256.44,80810000
2017-11-16,257.52,259.04,257.47,258.62,67780000
2017-11-17,258.22,258.59,257.77,257.86,75760000
2017-11-20,258.14,258.52,257.86,258.3,48080000
2017-11-21,259.18,260.2,258.26,259.99,69180000
2017-11-22,260.0,260.15,259.57,259.76,45030000
2017-11-24,260.32,260.48,260.16,260.36,27860000
2017-11-27,260.41,260.75,260.0,260.23,52270000
2017-11-28,260.76,262.9,260.65,262.87,98970000
2017-11-29,263.02,263.63,262.2,262.71,77510000
2017-11-30,263.76,266.05,263.67,265.01,127890000
2017-12-01,264.76,265.31,260.76,264.46,164390000
2017-12-04,266.31,266.8,264.08,264.14,94040000
2017-12-05,264.43,265.15,263.04,263.19,77990000
2017-12-06,262.87,263.73,262.71,263.24,75900000
2017-12-07,263.09,264.43,262.94,264.07,77220000
2017-12-08,264.99,265.52,264.03,265.51,76560000
2017-12-11,265.58,266.38,265.48,266.31,83080000
2017-12-12,266.57,267.32,266.35,266.78,85200000
2017-12-13,267.06,267.56,266.65,266.75,102910000
2017-12-14,267.09,267.22,265.6,265.66,100670000
2017-12-15,265.45,267.04,265.39,266.51,144610000
2017-12-18,268.1,268.6,267.98,268.2,83650000
2017-12-19,268.48,268.53,267.09,267.17,82380000
2017-12-20,268.27,268.33,266.69,267.03,76750000
2017-12-21,267.74,268.38,267.3,267.58,67030000
2017-12-22,267.6,267.63,266.9,267.51,78720000
2017-12-26,267.05,267.44,266.88,267.19,45240000
2017-12-27,267.38,267.73,267.01,267.32,57750000
2017-12-28,267.89,267.92,267.45,267.87,45120000
2017-12-29,268.53,268.55,266.64,266.86,96010000
2018-01-02,267.84,268.81,267.4,268.77,86660000
2018-01-03,268.96,270.64,268.96,270.47,90070000
2018-01-04,271.2,272.16,270.54,271.61,80640000
2018-01-05,272.51,273.56,271.95,273.42,83520000
2018-01-08,273.31,274.1,272.98,273.92,57320000
2018-01-09,274.4,275.25,274.08,274.54,57250000
2018-01-10,273.68,274.42,272.92,274.12,69570000
2018-01-11,274.75,276.12,274.56,276.12,62360000
2018-01-12,276.42,278.11,276.08,277.92,90820000
2018-01-16,279.35,280.09,276.18,276.97,106560000
2018-01-17,278.03,280.05,276.97,279.61,113260000
2018-01-18,279.48,279.96,278.58,279.14,100730000
2018-01-19,279.8,280.41,279.14,280.41,140920000
2018-01-22,280.17,282.69,280.11,282.69,91320000
2018-01-23,282.74,283.62,282.37,283.29,97080000
2018-01-24,284.02,284.7,281.84,283.18,134820000
2018-01-25,284.16,284.27,282.4,283.3,84590000
2018-01-26,284.25,286.63,283.96,286.58,107740000
2018-01-29,285.93,286.43,284.5,284.68,90120000
2018-01-30,282.6,284.74,281.22,281.76,131800000
2018-01-31,282.73,283.3,280.68,281.9,118950000
2018-02-01,281.07,283.06,280.68,281.58,90100000
2018-02-02,280.08,280.23,275.41,275.45,173170000
2018-02-05,273.45,275.85,263.31,263.93,294680000
2018-02-06,259.94,269.7,258.7,269.13,355030000
2018-02-07,268.5,272.36,267.58,267.67,167380000
2018-02-08,268.01,268.17,257.59,257.63,246450000
2018-02-09,260.8,263.61,252.92,261.5,283570000
2018-02-12,263.83,267.01,261.66,265.34,143740000
2018-02-13,263.97,266.62,263.31,266.0,81220000
2018-02-14,264.31,270.0,264.3,269.59,120740000
2018-02-15,271.57,273.04,268.77,273.03,111200000
2018-02-16,272.32,275.32,272.27,273.11,160420000
2018-02-20,272.03,273.67,270.5,271.4,86370000
2018-02-21,271.9,274.72,269.94,270.05,98880000
2018-02-22,271.1,273.05,269.64,270.4,110510000
2018-02-23,271.79,274.71,271.25,274.71,92770000
2018-02-26,275.93,278.01,275.26,277.9,86490000
2018-02-27,278.11,278.92,274.36,274.43,99100000
2018-02-28,275.68,276.19,271.29,271.65,121910000
2018-03-01,271.41,273.17,266.0,267.7,176860000
2018-03-02,265.8,269.72,264.82,269.08,139080000
2018-03-05,267.73,272.89,267.61,272.19,97310000
2018-03-06,273.3,273.39,271.18,272.88,79210000
2018-03-07,270.42,273.18,270.2,272.78,87060000
2018-03-08,273.55,274.24,272.42,274.1,66900000
2018-03-09,275.7,278.87,275.34,278.87,113630000
2018-03-12,279.2,279.91,278.08,278.52,71920000
2018-03-13,279.84,280.41,276.03,276.72,91970000
2018-03-14,277.81,278.02,274.67,275.3,105900000
2018-03-15,275.88,276.61,274.43,275.0,83430000
2018-03-16,274.5,275.39,274.14,274.2,100340000
2018-03-19,273.35,274.4,268.62,270.49,109210000
2018-03-20,270.94,271.67,270.18,270.95,59760000
2018-03-21,270.9,273.27,270.19,270.43,78710000
2018-03-22,267.91,268.87,263.36,263.67,148790000
2018-03-23,264.17,265.02,257.83,258.05,183530000
2018-03-26,262.13,265.43,259.41,265.11,141960000
2018-03-27,266.17,266.77,258.84,260.6,129940000
2018-03-28,260.75,262.64,258.58,259.83,146450000
2018-03-29,261.12,265.26,259.84,263.15,124240000
2018-04-02,262.55,263.13,254.67,257.47,186290000
2018-04-03,258.87,261.31,256.84,260.77,119960000
2018-04-04,256.75,264.36,256.6,263.56,123720000
2018-04-05,265.55,266.64,264.32,265.64,82650000
2018-04-06,263.42,265.11,258.0,259.72,179520000
2018-04-09,261.37,264.84,259.94,261.0,105440000
2018-04-10,264.27,266.04,262.98,265.15,105570000
2018-04-11,263.47,265.64,263.39,263.76,91140000
2018-04-12,265.26,267.0,265.06,265.93,68890000
2018-04-13,267.41,267.54,264.01,265.15,85080000
2018-04-16,267.0,268.2,266.07,267.33,63410000
2018-04-17,269.33,270.87,268.75,270.19,64680000
2018-04-18,270.69,271.3,269.87,270.39,57300000
2018-04-19,269.65,269.88,267.72,268.89,77660000
2018-04-20,268.81,269.06,265.61,266.61,99950000
2018-04-23,267.26,267.89,265.35,266.57,65560000
2018-04-24,267.73,267.98,261.28,262.98,112890000
2018-04-25,262.91,264.13,260.85,263.63,103840000
2018-04-26,264.79,267.25,264.29,266.31,67730000
2018-04-27,267.0,267.34,265.5,266.56,57050000
2018-04-30,267.26,267.89,264.43,264.51,82180000
2018-05-01,263.87,265.1,262.11,264.98,74200000
2018-05-02,264.76,265.68,262.76,263.2,86370000
2018-05-03,262.26,263.36,259.05,262.62,136310000
2018-05-04,261.52,266.79,261.15,266.02,91220000
2018-05-07,266.89,268.02,266.11,266.92,55300000
2018-05-08,266.5,267.32,265.15,266.92,67500000
2018-05-09,267.68,269.87,267.09,269.5,59670000
2018-05-10,270.34,272.39,270.22,272.02,72060000
2018-05-11,272.16,273.15,271.58,272.85,59870000
2018-05-14,273.34,274.08,272.36,272.98,54790000
2018-05-15,271.59,271.61,270.03,271.1,87040000
2018-05-16,271.14,272.76,271.11,272.24,53940000
2018-05-17,271.94,273.23,271.13,272.01,56540000
2018-05-18,271.62,272.03,270.93,271.33,64370000
2018-05-21,273.01,273.98,271.35,273.37,58030000
2018-05-22,273.96,274.25,272.24,272.61,52970000
2018-05-23,271.17,273.39,270.99,273.36,64690000
2018-05-24,272.91,273.22,270.78,272.8,76040000
2018-05-25,272.15,272.86,271.58,272.15,56370000
2018-05-29,270.31,271.17,267.76,269.02,115910000
2018-05-30,270.5,273.11,270.42,272.61,69680000
2018-05-31,272.15,272.49,270.25,270.94,93520000
2018-06-01,272.41,273.94,272.33,273.6,71260000
2018-06-04,274.53,275.19,274.26,274.9,45390000
2018-06-05,275.05,275.53,274.18,275.1,51140000
2018-06-06,275.79,277.52,275.09,277.4,62730000
2018-06-07,277.95,278.28,276.34,277.37,72970000
2018-06-08,276.85,278.25,276.66,278.19,72140000
2018-06-11,278.44,279.37,278.31,278.56,58890000
2018-06-12,279.03,279.33,278.19,278.92,72330000
2018-06-13,279.19,279.48,277.8,278.03,79070000
2018-06-14,279.01,279.33,278.06,278.73,77100000
2018-06-15,276.6,277.51,275.35,277.13,120040000
2018-06-18,275.49,276.7,274.95,276.56,52920000
2018-06-19,274.0,275.75,273.53,275.5,97530000
2018-06-20,276.27,276.72,275.59,275.97,53790000
2018-06-21,275.96,275.98,273.68,274.24,71060000
2018-06-22,275.66,275.79,274.49,274.74,56610000
2018-06-25,273.44,273.62,269.1,271.0,137850000
2018-06-26,271.64,272.56,270.79,271.6,68680000
2018-06-27,272.26,273.87,269.18,269.35,105110000
2018-06-28,269.29,271.75,268.49,270.89,76650000
2018-06-29,272.12,273.66,271.15,271.28,97590000
2018-07-02,269.51,272.04,269.24,271.86,63550000
2018-07-03,272.87,272.98,270.42,270.9,42190000
2018-07-05,272.17,273.18,270.96,273.11,56930000
2018-07-06,273.14,275.84,272.71,275.42,66490000
2018-07-09,276.55,277.96,276.5,277.9,50550000
2018-07-10,278.41,279.01,278.08,278.9,51970000
2018-07-11,277.15,278.04,276.52,276.86,77050000
2018-07-12,278.28,279.43,277.6,279.37,60120000
2018-07-13,279.17,279.93,278.66,279.59,48230000
2018-07-16,279.64,279.8,278.84,279.34,48200000
2018-07-17,278.47,280.91,278.41,280.47,52320000
2018-07-18,280.56,281.18,280.06,281.06,44590000
2018-07-19,280.31,280.74,279.46,280.0,61410000
2018-07-20,279.77,280.48,279.5,279.68,82370000
2018-07-23,279.45,280.43,279.06,280.2,47050000
2018-07-24,281.79,282.56,280.63,281.61,68030000
2018-07-25,281.33,284.37,281.28,284.01,78880000
2018-07-26,283.2,284.11,283.09,283.34,57920000
2018-07-27,283.71,283.82,280.38,281.42,76780000
2018-07-30,281.51,281.69,279.36,279.95,63740000
2018-07-31,280.81,282.02,280.38,281.33,68570000
2018-08-01,281.56,282.13,280.13,280.86,53850000
2018-08-02,279.39,282.58,279.16,282.39,63430000
2018-08-03,282.53,283.66,282.33,283.6,53940000
2018-08-06,283.64,284.99,283.2,284.64,39400000
2018-08-07,285.39,286.01,285.24,285.58,43200000
2018-08-08,285.39,285.91,284.94,285.46,42110000
2018-08-09,285.53,285.97,284.92,285.07,35720000
2018-08-10,283.45,284.06,282.36,283.16,77080000
2018-08-13,283.47,284.16,281.77,282.1,65730000
2018-08-14,282.92,284.17,282.48,283.9,43840000
2018-08-15,282.38,282.54,280.16,281.78,102930000
2018-08-16,283.4,285.04,283.36,284.06,69970000
2018-08-17,283.83,285.56,283.37,285.06,65620000
2018-08-20,285.57,285.97,285.06,285.67,39810000
2018-08-21,286.25,287.31,285.71,286.34,67270000
2018-08-22,285.88,286.76,285.57,286.17,44990000
2018-08-23,285.97,286.94,285.43,285.79,49200000
2018-08-24,286.44,287.67,286.38,287.51,57490000
2018-08-27,288.86,289.9,288.68,289.78,57070000
2018-08-28,290.3,290.42,289.4,289.92,46940000
2018-08-29,290.16,291.74,289.89,291.48,61490000
2018-08-30,290.94,291.36,289.63,290.3,61230000
2018-08-31,289.84,290.81,289.29,290.31,66140000
2018-09-04,289.84,290.21,288.68,289.81,57590000
2018-09-05,289.41,289.64,287.89,289.03,72450000
2018-09-06,289.15,289.49,287.0,288.16,65910000
2018-09-07,286.98,288.7,286.71,287.6,73520000
2018-09-10,288.74,289.04,287.88,288.1,50210000
2018-09-11,287.37,289.55,286.98,289.05,50530000
2018-09-12,289.06,289.8,288.23,289.12,59810000
2018-09-13,290.32,291.04,290.0,290.83,51030000
2018-09-14,291.06,291.27,290.0,290.88,55080000
2018-09-17,290.82,290.86,289.03,289.34,68240000
2018-09-18,289.58,291.58,289.55,290.91,61930000
2018-09-19,290.97,291.69,290.82,291.22,49080000
2018-09-20,292.64,293.94,291.24,293.58,100360000
2018-09-21,293.09,293.22,291.81,291.99,105480000
2018-09-24,291.34,291.5,290.37,291.02,53410000
2018-09-25,291.53,291.65,290.48,290.75,44370000
2018-09-26,290.91,292.24,289.41,289.88,79740000
2018-09-27,290.41,291.91,290.1,290.69,59250000
2018-09-28,289.99,291.28,289.95,290.72,70090000
2018-10-01,292.11,292.93,290.98,291.73,62080000
2018-10-02,291.56,292.36,291.14,291.56,47260000
2018-10-03,292.74,293.21,291.32,291.72,64690000
2018-10-04,291.18,291.24,287.66,289.44,111550000
2018-10-05,289.69,290.27,286.22,287.82,105950000
2018-10-08,287.05,288.22,285.5,287.82,87740000
2018-10-09,287.39,288.86,286.77,287.4,74340000
2018-10-10,286.83,286.91,277.88,278.3,214730000
2018-10-11,277.08,278.9,270.36,272.17,274840000
2018-10-12,276.77,277.09,272.37,275.95,183190000
2018-10-15,275.55,277.04,274.3,274.4,102260000
2018-10-16,276.6,280.82,276.07,280.4,118260000
2018-10-17,280.44,281.15,277.56,280.45,110630000
2018-10-18,279.4,280.07,274.97,276.4,134560000
2018-10-19,277.13,279.3,275.47,276.25,139900000
2018-10-22,277.0,277.36,274.41,275.01,82420000
2018-10-23,270.95,274.87,268.61,273.61,146350000
2018-10-24,273.33,273.76,264.7,265.32,177810000
2018-10-25,267.38,271.81,266.23,270.08,138060000
2018-10-26,265.92,271.0,262.29,265.33,201570000
2018-10-29,268.8,270.25,259.85,263.86,160750000
2018-10-30,263.67,268.12,263.12,267.77,157120000
2018-10-31,270.65,273.23,270.12,270.63,128300000
2018-11-01,271.6,273.73,270.38,273.51,99500000
2018-11-02,274.75,275.23,269.59,271.89,122630000
2018-11-05,272.44,274.01,271.35,273.39,65620000
2018-11-06,273.32,275.3,273.25,275.12,60090000
2018-11-07,277.56,281.1,277.08,281.01,102750000
2018-11-08,280.11,281.22,279.22,280.5,65580000
2018-11-09,279.03,279.24,276.18,277.76,98810000
2018-11-12,277.19,277.46,271.99,272.57,99670000
2018-11-13,273.09,275.32,271.25,272.06,98180000
2018-11-14,274.16,274.61,268.45,270.2,125340000
2018-11-15,268.78,273.54,267.01,273.02,135100000
2018-11-16,271.79,274.75,271.21,273.73,126670000
2018-11-19,273.05,273.38,268.07,269.1,103060000
2018-11-20,265.36,267.0,263.15,264.12,136020000
2018-11-21,265.86,267.15,265.01,265.02,75560000
2018-11-23,263.18,264.82,263.07,263.25,42810000
2018-11-26,265.78,267.75,265.34,267.5,79980000
2018-11-27,266.34,268.4,265.66,268.4,75500000
2018-11-28,269.6,274.58,268.33,274.58,127630000
2018-11-29,273.71,275.55,272.43,273.98,82350000
2018-11-30,273.81,276.28,273.45,275.65,98200000
2018-12-03,280.28,280.4,277.5,279.3,103020000
2018-12-04,278.37,278.85,269.9,270.25,177990000
2018-12-06,265.92,269.97,262.44,269.84,204190000
2018-12-07,269.46,271.22,262.63,263.57,161020000
2018-12-10,263.37,265.16,258.62,264.07,151450000
2018-12-11,267.66,267.87,262.48,264.13,121500000
2018-12-12,267.47,269.0,265.37,265.46,97980000
2018-12-13,266.52,267.49,264.12,265.37,96660000
2018-12-14,262.96,264.03,259.85,260.47,116960000
2018-12-17,259.4,260.65,253.53,255.36,165490000
2018-12-18,257.2,257.95,253.28,255.08,134520000
2018-12-19,255.17,259.4,249.35,251.26,214990000
2018-12-20,249.86,251.62,244.65,247.17,252050000
2018-12-21,246.74,249.71,239.98,240.7,255350000
2018-12-24,239.04,240.84,234.27,234.34,147310000
2018-12-26,235.97,246.18,233.76,246.18,218490000
2018-12-27,242.57,248.29,238.96,248.07,186270000
2018-12-28,249.58,251.4,246.45,247.75,153100000
2018-12-31,249.56,250.19,247.47,249.92,144300000
2019-01-02,245.98,251.21,245.95,250.18,126930000
2019-01-03,248.23,248.57,243.67,244.21,144140000
2019-01-04,247.59,253.11,247.17,252.39,142630000
2019-01-07,252.69,255.95,251.69,254.38,103140000
2019-01-08,256.82,257.31,254.0,256.77,102510000
2019-01-09,257.56,258.91,256.19,257.97,95010000
2019-01-10,256.26,259.16,255.5,258.88,96820000
2019-01-11,257.68,259.01,257.03,258.98,73860000
2019-01-14,256.86,258.3,256.41,257.4,70910000
2019-01-15,257.82,260.7,257.81,260.35,85210000
2019-01-16,260.83,261.97,260.6,260.98,77640000
2019-01-17,260.01,263.92,259.96,262.96,96120000
2019-01-18,264.98,266.98,263.0,266.46,127900000
2019-01-22,264.82,265.06,261.06,262.86,115530000
2019-01-23,264.01,264.79,260.66,263.41,86030000
2019-01-24,263.21,264.2,262.08,263.55,59200000
2019-01-25,265.61,266.7,263.66,265.78,96880000
2019-01-28,263.39,263.83,261.79,263.76,85610000
2019-01-29,263.92,264.55,262.48,263.41,66140000
2019-01-30,265.1,268.52,264.25,267.58,92470000
2019-01-31,267.51,270.47,267.27,269.93,104010000
2019-02-01,270.15,271.2,269.18,270.06,85780000
2019-02-04,270.11,272.03,269.36,271.96,60740000
2019-02-05,272.44,273.44,271.88,273.1,79550000
2019-02-06,272.79,273.34,271.92,272.74,58350000
2019-02-07,270.94,271.55,268.29,270.14,95480000
2019-02-08,268.75,270.58,267.83,270.47,75790000
2019-02-11,271.2,271.49,270.03,270.62,68020000
2019-02-12,272.42,274.52,272.34,274.1,72270000
2019-02-13,275.03,275.93,274.56,274.99,65280000
2019-02-14,273.78,275.64,272.87,274.38,83230000
2019-02-15,276.36,277.41,276.13,277.37,97090000
2019-02-19,276.48,278.58,276.47,277.85,59120000
2019-02-20,277.81,278.92,277.25,278.41,76610000
2019-02-21,277.7,278.1,276.35,277.42,64210000
2019-02-22,278.11,279.36,277.4,279.14,78110000
2019-02-25,280.73,281.31,279.43,279.52,69030000
2019-02-26,279.13,280.3,278.9,279.32,56840000
2019-02-27,278.52,279.59,277.48,279.2,56920000
2019-02-28,278.96,279.45,278.32,278.68,69270000
2019-03-01,280.44,280.88,278.82,280.42,78880000
2019-03-04,281.6,281.87,276.84,279.4,106490000
2019-03-05,279.54,279.76,278.41,279.02,59110000
2019-03-06,279.15,279.16,276.97,277.33,75040000
2019-03-07,276.83,276.99,274.07,275.01,94890000
2019-03-08,272.94,274.65,272.42,274.46,85800000
2019-03-11,275.26,278.62,275.23,278.44,65100000
2019-03-12,279.06,280.07,278.85,279.49,79670000
2019-03-13,280.48,282.38,280.3,281.34,80640000
2019-03-14,281.37,281.84,280.67,281.16,67520000
2019-03-15,280.54,282.21,280.33,281.31,81310000
2019-03-18,281.55,282.66,281.3,282.33,62200000
2019-03-19,283.51,284.36,281.41,282.4,90270000
2019-03-20,282.16,283.5,280.32,281.55,84610000
2019-03-21,280.64,285.18,280.59,284.73,79550000
2019-03-22,283.22,283.8,279.18,279.25,122660000
2019-03-25,278.87,280.19,277.64,279.04,85580000
2019-03-26,280.99,282.18,279.56,281.12,68130000
2019-03-27,281.11,281.76,277.93,279.65,72220000
2019-03-28,280.35,281.21,279.07,280.71,56240000
2019-03-29,282.39,282.84,281.14,282.48,82190000
2019-04-01,284.7,286.16,284.4,285.83,77620000
2019-04-02,286.04,286.23,285.09,285.97,40070000
2019-04-03,287.32,287.76,285.75,286.42,68240000
2019-04-04,286.78,287.46,286.01,287.18,49000000
2019-04-05,287.92,288.63,287.6,288.57,58620000
2019-04-08,288.1,288.91,287.37,288.79,53570000
2019-04-09,287.72,288.08,286.7,287.31,66140000
2019-04-10,287.77,288.39,287.31,288.29,52600000
2019-04-11,288.83,288.84,287.58,288.21,55090000
2019-04-12,290.0,290.47,288.26,290.16,69730000
2019-04-15,290.24,290.35,289.07,289.97,49600000
2019-04-16,290.95,291.01,289.5,290.16,52150000
2019-04-17,291.4,291.43,288.99,289.45,58270000
2019-04-18,290.1,290.32,288.66,290.02,68710000
2019-04-22,289.17,290.44,289.07,290.27,40160000
2019-04-23,290.68,293.14,290.42,292.88,52250000
2019-04-24,292.79,293.16,292.07,292.23,50390000
2019-04-25,292.12,292.78,290.73,292.05,57770000
2019-04-26,292.1,293.49,291.24,293.41,50920000
2019-04-29,293.51,294.45,293.41,293.87,57200000
2019-04-30,293.49,294.34,291.92,294.02,81110000
2019-05-01,294.72,294.95,291.8,291.81,71670000
2019-05-02,291.68,292.7,289.52,291.18,65030000
2019-05-03,292.82,294.34,291.3,294.03,56540000
2019-05-06,289.25,293.31,288.9,292.82,107200000
2019-05-07,290.15,290.81,285.81,287.93,144730000
2019-05-08,287.53,289.43,286.87,287.53,91570000
2019-05-09,285.23,287.33,283.3,286.66,103470000
2019-05-10,285.62,288.94,282.3,288.1,112430000
2019-05-13,282.42,283.49,279.93,280.86,127290000
2019-05-14,281.99,285.1,281.85,283.4,77000000
2019-05-15,281.59,285.77,281.36,285.06,73960000
2019-05-16,285.84,289.21,285.76,287.7,76750000
2019-05-17,285.14,288.6,285.12,285.84,100350000
2019-05-20,284.06,285.43,283.12,283.95,62880000
2019-05-21,285.83,286.93,285.55,286.51,46850000
2019-05-22,285.45,286.69,285.1,285.63,49480000
2019-05-23,283.16,283.21,280.57,282.14,98730000
2019-05-24,283.74,284.2,282.09,282.78,55270000
2019-05-28,283.09,284.15,280.13,280.15,70030000
2019-05-29,278.91,279.36,276.71,278.27,104970000
2019-05-30,279.11,280.04,277.81,279.03,62520000
2019-05-31,276.2,277.12,275.24,275.27,86860000
2019-06-03,275.31,276.55,273.09,274.57,96430000
2019-06-04,277.12,280.68,276.62,280.53,77230000
2019-06-05,282.33,282.99,280.32,282.96,71170000
2019-06-06,283.29,285.55,282.57,284.8,69430000
2019-06-07,285.93,288.85,285.74,287.65,74270000
2019-06-10,289.37,290.82,288.87,288.97,60800000
2019-06-11,290.99,291.4,288.18,288.9,58640000
2019-06-12,288.64,289.26,287.81,288.39,47100000
2019-06-13,289.4,289.98,288.62,289.58,48950000
2019-06-14,289.26,289.93,288.41,289.26,52320000
2019-06-17,289.52,290.22,289.18,289.37,39210000
2019-06-18,291.39,293.57,290.99,292.4,85430000
2019-06-19,292.55,293.65,291.47,293.06,78670000
2019-06-20,296.04,296.31,293.13,295.86,116570000
2019-06-21,294.13,295.52,293.76,294.0,83310000
2019-06-24,294.23,294.58,293.47,293.64,47580000
2019-06-25,293.7,293.73,290.64,290.76,82030000
2019-06-26,291.75,292.31,290.35,290.47,51580000
2019-06-27,291.31,292.06,290.89,291.5,40360000
2019-06-28,292.58,293.55,292.01,293.0,59350000
2019-07-01,296.68,296.92,294.33,295.66,79110000
2019-07-02,295.61,296.49,294.68,296.43,61500000
2019-07-03,297.18,298.82,297.02,298.8,40900000
2019-07-05,297.44,298.64,296.01,298.46,51680000
2019-07-08,297.01,298.26,296.22,296.82,45840000
2019-07-09,295.54,297.52,295.48,297.19,41100000
2019-07-10,298.37,299.66,297.78,298.61,58600000
2019-07-11,299.32,299.58,298.2,299.31,50890000
2019-07-12,299.85,300.73,299.51,300.65,40350000
2019-07-15,301.13,301.13,300.19,300.75,33910000
2019-07-16,300.65,300.88,299.44,299.71,40570000
2019-07-17,299.75,299.93,297.74,297.74,44100000
2019-07-18,297.19,299.25,296.7,298.83,51700000
2019-07-19,300.04,300.07,296.96,297.17,71080000
2019-07-22,297.61,298.5,297.04,297.9,43690000
2019-07-23,299.14,300.03,298.22,300.03,44660000
2019-07-24,299.19,301.44,299.09,301.44,47210000
2019-07-25,300.94,301.0,299.11,300.0,55390000
2019-07-26,300.76,302.23,300.62,302.01,45080000
2019-07-29,301.88,301.93,300.85,301.46,38130000
2019-07-30,299.91,301.17,299.49,300.72,45850000
2019-07-31,300.99,301.2,295.2,297.43,104250000
2019-08-01,297.6,300.87,293.96,294.84,142650000
2019-08-02,293.85,294.12,290.9,292.62,116750000
2019-08-05,288.09,288.21,281.72,283.82,178750000
2019-08-06,285.91,288.04,284.28,287.8,120710000
2019-08-07,284.4,288.82,282.04,287.97,140570000
2019-08-08,289.62,293.62,289.01,293.62,87710000
2019-08-09,292.58,293.24,289.65,291.62,93730000
2019-08-12,289.96,291.61,287.02,288.07,65530000
2019-08-13,287.74,294.15,287.36,292.55,94790000
2019-08-14,288.07,292.46,283.76,283.9,135620000
2019-08-15,284.88,285.64,282.39,284.65,101930000
2019-08-16,286.48,289.33,284.71,288.85,85830000
2019-08-19,292.19,293.08,291.44,292.33,53640000
2019-08-20,291.77,292.36,289.95,290.09,51650000
2019-08-21,292.48,292.86,291.72,292.45,49720000
2019-08-22,293.23,293.93,290.4,292.36,51740000
2019-08-23,290.92,292.76,283.47,284.85,149320000
2019-08-26,287.27,288.0,285.58,288.0,72620000
2019-08-27,289.54,289.95,286.03,286.87,68260000
2019-08-28,286.14,289.07,285.25,288.89,59850000
2019-08-29,291.72,293.16,290.61,292.58,58000000
2019-08-30,294.22,294.24,291.42,292.45,62960000
2019-09-03,290.57,291.58,289.27,290.74,69230000
2019-09-04,293.14,294.06,292.31,294.04,47000000
2019-09-05,296.79,298.83,294.0,297.82,83360000
2019-09-06,298.17,298.76,297.42,298.05,49580000
2019-09-09,299.14,299.24,297.16,298.2,51260000
2019-09-10,297.36,298.2,295.97,298.13,57950000
2019-09-11,298.47,300.34,297.75,300.25,68820000
2019-09-12,301.25,302.46,300.41,301.29,72910000
2019-09-13,301.78,302.17,300.68,301.09,62100000
2019-09-16,299.84,301.14,299.45,300.16,58190000
2019-09-17,299.94,301.02,299.75,300.92,42900000
2019-09-18,300.49,301.22,298.24,301.1,74190000
2019-09-19,301.53,302.63,300.71,301.08,78100000
2019-09-20,300.36,300.67,297.41,298.28,97460000
2019-09-23,297.55,299.0,297.27,298.21,47540000
2019-09-24,299.41,299.84,294.81,295.87,97370000
2019-09-25,295.96,298.11,294.33,297.62,73430000
2019-09-26,297.63,297.86,295.45,297.0,58720000
2019-09-27,297.83,297.95,293.69,295.4,84780000
2019-09-30,295.97,297.55,295.92,296.77,52560000
2019-10-01,297.74,298.45,293.0,293.24,89900000
2019-10-02,291.5,291.51,286.64,288.06,124520000
2019-10-03,287.81,290.45,284.82,290.42,85910000
2019-10-04,291.14,294.63,290.82,294.35,66700000
2019-10-07,293.47,295.26,292.77,293.08,60660000
2019-10-08,291.04,291.85,288.49,288.53,101580000
2019-10-09,290.75,292.3,288.66,291.27,65710000
2019-10-10,291.18,294.21,291.0,293.24,57260000
2019-10-11,296.27,298.74,296.14,296.28,101230000
2019-10-14,295.93,296.67,295.57,295.95,40550000
2019-10-15,297.1,299.7,296.97,298.88,47830000
2019-10-16,298.37,299.16,297.92,298.4,50560000
2019-10-17,299.68,300.24,298.51,299.28,46780000
2019-10-18,298.69,299.39,296.99,297.97,64340000
2019-10-21,299.42,300.21,298.94,299.99,39460000
2019-10-22,300.58,300.9,298.91,299.01,49130000
2019-10-23,298.73,299.94,298.5,299.88,34990000
2019-10-24,300.91,301.07,299.46,300.37,35860000
2019-10-25,299.74,302.2,299.68,301.6,45210000
2019-10-28,302.94,303.85,302.91,303.3,42150000
2019-10-29,303.0,304.23,302.86,303.21,44280000
2019-10-30,303.43,304.55,301.99,304.14,49640000
2019-10-31,304.13,304.13,301.73,303.33,69050000
2019-11-01,304.92,306.19,304.74,306.14,71140000
2019-11-04,307.85,308.0,306.96,307.37,60610000
2019-11-05,307.59,307.92,306.71,307.03,42930000
2019-11-06,307.03,307.4,306.06,307.1,46490000
2019-11-07,308.57,309.65,307.66,308.18,54270000
2019-11-08,307.8,309.0,307.03,308.94,49070000
2019-11-11,307.42,308.54,307.27,308.35,35930000
2019-11-12,308.75,309.99,308.15,309.0,46480000
2019-11-13,307.91,309.54,307.66,309.1,54460000
2019-11-14,308.79,309.64,308.09,309.55,52000000
